transition,cvar,epsilon,epsilon_sat,rho,risk,sa_risk,saturated,configuration
Cancel Invoice Receipt -> Clear Invoice,1304.4006523157207,238.2837328767123,42.779967384214004,5.569983977235103,2160.0,2074.440065231572,True,primary
Change Approval for Purchase Order -> Change Approval for Purchase Order,1913.1543689320386,469.52996001413015,12.342281553398083,38.04239580686433,2160.0,2135.3154368932037,True,primary
Change Price -> Change Quantity,1683.1240875912404,259.9213074049133,23.843795620438,10.901003831039324,2160.0,2112.312408759124,True,primary
Change Price -> Record Goods Receipt,1045.0849372384935,119.34419099818884,55.74575313807538,2.1408660620762974,2160.0,2048.5084937238494,True,primary
Change Price -> Remove Payment Block,415.1710596914819,47.187687214194256,87.24144701542599,0.5408861135218281,1358.924803975366,1358.924803975366,False,primary
Change Price -> Vendor creates invoice,1180.219950738916,143.83948560717639,48.98900246305425,2.936158696345266,2160.0,2062.0219950738915,True,primary
Change Quantity -> Change Delivery Indicator,824.459288537549,60.39904479578401,66.7770355731226,0.9044882612323434,2032.440184453228,2026.445928853755,False,primary
Change Quantity -> Change Quantity,940.4609851787269,84.29731726528175,60.97695074106372,1.382445600194852,2160.0,2038.046098517873,True,primary
Change Quantity -> Record Goods Receipt,974.5489748518337,111.92391122958614,59.27255125740837,1.8882924533402292,2160.0,2041.4548974851834,True,primary
Change Quantity -> Vendor creates invoice,1398.5714627477785,180.4664390469382,38.07142686261111,4.740206866902834,2160.0,2083.8571462747777,True,primary
Clear Invoice -> Clear Invoice,1246.1610095735418,302.22152308802663,45.69194952132295,6.614327605938321,2160.0,2068.6161009573543,True,primary
Clear Invoice -> Record Invoice Receipt,1110.2870370370367,140.5769739031697,52.48564814814821,2.678388833198195,2160.0,2055.0287037037037,True,primary
Create Purchase Order Item -> Change Approval for Purchase Order,324.75630630630604,39.88372785964698,91.76218468468478,0.43464230932051495,1122.4308634992449,1122.4308634992449,False,primary
Create Purchase Order Item -> Change Price,1135.6522884953915,143.52988229987565,51.217385575230466,2.8023664364720906,2160.0,2057.5652288495394,True,primary
Create Purchase Order Item -> Change Quantity,1421.59933190807,108.8737315276878,36.92003340459653,2.9489066365290193,2160.0,2086.1599331908074,True,primary
Create Purchase Order Item -> Delete Purchase Order Item,1052.837118977384,92.90312064342369,55.35814405113084,1.6782195688788792,2160.0,2049.283711897738,True,primary
Create Purchase Order Item -> Receive Order Confirmation,198.07033514804843,11.905230778015813,98.09648324259767,0.12136246259280838,436.17495070836446,436.17495070836446,False,primary
Create Purchase Order Item -> Record Goods Receipt,1269.0554537498435,103.84917530370471,44.547227312507864,2.331215242088618,2160.0,2070.9055453749843,True,primary
Create Purchase Order Item -> Record Invoice Receipt,715.2726770630277,151.71910632498134,72.23636614684868,2.100314764125218,2160.0,2015.5272677063028,True,primary
Create Purchase Order Item -> Record Service Entry Sheet,243.7026066350709,15.310412942188044,95.81486966824654,0.1597916168461061,549.9108654788315,549.9108654788315,False,primary
Create Purchase Order Item -> Vendor creates debit memo,1259.9575055187638,165.41390126041446,45.00212472406185,3.675690920699363,2160.0,2069.9957505518764,True,primary
Create Purchase Order Item -> Vendor creates invoice,1334.7359484375643,87.77796575866755,41.26320257812182,2.127269825760164,2160.0,2077.4735948437565,True,primary
Create Purchase Requisition Item -> Create Purchase Order Item,360.7418960244646,20.215818793638213,89.96290519877685,0.2247128274589455,765.0582718972285,765.0582718972285,False,primary
Receive Order Confirmation -> Delete Purchase Order Item,1060.8398550724635,180.47549420289855,54.95800724637687,3.283879879301782,2160.0,2050.0839855072463,True,primary
Receive Order Confirmation -> Record Goods Receipt,703.3196775145742,37.50101279227991,72.83401612427134,0.514883220613493,1453.3399333601717,1453.3399333601717,False,primary
Receive Order Confirmation -> Vendor creates invoice,664.8382397687507,73.87189481750127,74.75808801156253,0.98814585528292,2142.276136118775,2010.483823976875,False,primary
Record Goods Receipt -> Cancel Goods Receipt,823.0315521628494,74.67840544614795,66.84842239185758,1.1171304089779701,2160.0,2026.3031552162847,True,primary
Record Goods Receipt -> Change Quantity,671.0886724386721,50.678815133351414,74.44556637806646,0.6807499438715087,1684.6649751056993,1684.6649751056993,False,primary
Record Goods Receipt -> Record Goods Receipt,112.77440737432184,4.4476235317257915,102.361279631284,0.043450253335505326,201.7268780088376,201.7268780088376,False,primary
Record Goods Receipt -> Record Invoice Receipt,1478.2952402880105,105.5169447550497,34.085237985599505,3.0956786864633017,2160.0,2091.829524028801,True,primary
Record Goods Receipt -> Record Service Entry Sheet,15.910526987774894,0.5831238483576162,107.20447365061135,0.005439361143249183,27.57300395492721,27.57300395492721,False,primary
Record Goods Receipt -> Remove Payment Block,712.2854035087718,38.08085869295344,72.38572982456148,0.5260824030544219,1473.90257736784,1473.90257736784,False,primary
Record Goods Receipt -> Vendor creates invoice,513.5256383572769,33.7120137757311,82.32371808213622,0.40950548105827617,1187.7659138718982,1187.7659138718982,False,primary
Record Invoice Receipt -> Cancel Invoice Receipt,1569.344543787253,319.7264577112759,29.532772810637372,10.82615776586051,2160.0,2100.934454378725,True,primary
Record Invoice Receipt -> Change Price,1514.8658223889925,203.7643006045445,32.256708880550406,6.316958787057374,2160.0,2095.4865822388992,True,primary
Record Invoice Receipt -> Clear Invoice,2160.0,602.001861731894,0.0,,2160.0,2160.0,True,primary
Record Invoice Receipt -> Record Goods Receipt,363.2275324326138,23.06251002215268,89.83862337836939,0.25671041201311956,824.477732875667,824.477732875667,False,primary
Record Invoice Receipt -> Record Invoice Receipt,810.5301231104874,63.487542430402804,67.4734938444757,0.9409256704082882,2080.2809717185423,2025.0530123110489,False,primary
Record Invoice Receipt -> Remove Payment Block,1668.4013520971293,585.2157226982888,24.579932395143555,23.80867910010665,2160.0,2110.840135209713,True,primary
Record Invoice Receipt -> Vendor creates invoice,811.8329109062979,77.34445037220843,67.40835445468517,1.1474015498212873,2160.0,2025.1832910906298,True,primary
Record Service Entry Sheet -> Record Goods Receipt,48.87165254866989,3.087495582470143,105.5564173725666,0.029249719337978992,110.62156419807269,110.62156419807269,False,primary
Record Service Entry Sheet -> Record Invoice Receipt,930.7698825931595,103.63172897736942,61.46150587034208,1.6861241440453603,2160.0,2037.076988259316,True,primary
Record Service Entry Sheet -> Record Service Entry Sheet,0.3469238099001899,0.022055790201206765,107.9826538095051,0.00020425308531605397,0.7880396139243249,0.7880396139243249,False,primary
Record Service Entry Sheet -> Vendor creates invoice,823.1975598526703,155.08642784590376,66.84012200736655,2.3202594966659613,2160.0,2026.3197559852672,True,primary
Release Purchase Order -> Change Approval for Purchase Order,433.43181818181813,72.74717948717948,86.32840909090918,0.8426794870107265,1888.3754079254063,1888.3754079254063,False,primary
Remove Payment Block -> Clear Invoice,2160.0,628.0003006964268,0.0,,2160.0,2160.0,True,primary
SRM: Awaiting Approval -> SRM: Document Completed,0.0,0.0,108.0000000000001,0.0,0.0,0.0,False,primary
SRM: Complete -> SRM: Awaiting Approval,0.0,0.0,108.0000000000001,0.0,0.0,0.0,False,primary
SRM: Created -> SRM: Complete,2.0217827626918536,0.524690537211978,107.89891086186549,0.004862797344485693,12.515593506931406,12.515593506931406,False,primary
SRM: Document Completed -> SRM: In Transfer to Execution Syst.,3.159692671394796,0.5605501059224455,107.84201536643036,0.005197882328309459,14.370694789843695,14.370694789843695,False,primary
SRM: In Transfer to Execution Syst. -> SRM: Ordered,0.0005931198102016601,2.9655990510083866e-05,107.99997034400958,2.7459258012406287e-07,0.001186239620403337,0.001186239620403337,False,primary
Vendor creates debit memo -> Record Goods Receipt,467.84608501118544,38.999459269418246,84.6076957494408,0.46094458576099456,1247.8352703995497,1247.8352703995497,False,primary
Vendor creates debit memo -> Record Invoice Receipt,1507.448796147672,200.55803172819682,32.62756019261643,6.146890253031633,2160.0,2094.7448796147673,True,primary
Vendor creates debit memo -> Vendor creates invoice,149.8272800645681,10.324374495560956,100.50863599677167,0.10272126761219379,356.31476997578704,356.31476997578704,False,primary
Vendor creates invoice -> Change Quantity,563.7522426095819,42.20922277903999,79.81238786952098,0.5288555311494318,1407.9366981903809,1407.9366981903809,False,primary
Vendor creates invoice -> Clear Invoice,2160.0,784.8687770098167,0.0,,2160.0,2160.0,True,primary
Vendor creates invoice -> Create Purchase Order Item,2140.7965116279065,382.1909584806306,0.9601744186046752,398.04326284388026,2160.0,2158.0796511627905,True,primary
Vendor creates invoice -> Record Goods Receipt,275.67721465640744,11.776208815541919,94.21613926717971,0.12499141768213137,511.20139096724563,511.20139096724563,False,primary
Vendor creates invoice -> Record Invoice Receipt,1448.0267139587402,104.75572840659095,35.59866430206302,2.942687049090213,2160.0,2088.8026713958743,True,primary
Vendor creates invoice -> Vendor creates debit memo,118.96348645465243,10.861651655640884,102.05182567726747,0.10643270302669723,336.1965195674699,336.1965195674699,False,primary
Vendor creates invoice -> Vendor creates invoice,876.7167919799497,102.90285989404569,64.16416040100258,1.6037435735298395,2160.0,2031.671679197995,True,primary
Cancel Invoice Receipt -> Clear Invoice,1304.4006523157207,254.27441241407007,42.779967384214004,5.943772937702109,2160.0,2074.440065231572,True,block_7d
Change Approval for Purchase Order -> Change Approval for Purchase Order,1913.1543689320386,438.34724807069927,12.342281553398083,35.51590086275526,2160.0,2135.3154368932037,True,block_7d
Change Price -> Change Quantity,1683.1240875912404,315.049033199694,23.843795620438,13.213040331953101,2160.0,2112.312408759124,True,block_7d
Change Price -> Record Goods Receipt,1045.0849372384935,144.99991747457221,55.74575313807538,2.6010935239393973,2160.0,2048.5084937238494,True,block_7d
Change Price -> Remove Payment Block,415.1710596914819,34.86403393020435,87.24144701542599,0.39962695625669425,1112.4517382955682,1112.4517382955682,False,block_7d
Change Price -> Vendor creates invoice,1180.219950738916,128.7851439826306,48.98900246305425,2.6288582642554466,2160.0,2062.0219950738915,True,block_7d
Change Quantity -> Change Delivery Indicator,824.459288537549,126.57731422924907,66.7770355731226,1.8955216137236819,2160.0,2026.445928853755,True,block_7d
Change Quantity -> Change Quantity,940.4609851787269,133.42151164747094,60.97695074106372,2.1880646707645366,2160.0,2038.046098517873,True,block_7d
Change Quantity -> Record Goods Receipt,974.5489748518337,117.59129460604643,59.27255125740837,1.9839081009921757,2160.0,2041.4548974851834,True,block_7d
Change Quantity -> Vendor creates invoice,1398.5714627477785,180.4187838549168,38.07142686261111,4.738955135724137,2160.0,2083.8571462747777,True,block_7d
Clear Invoice -> Clear Invoice,1246.1610095735418,245.47868274626208,45.69194952132295,5.3724711971789505,2160.0,2068.6161009573543,True,block_7d
Clear Invoice -> Record Invoice Receipt,1110.2870370370367,148.4475731324545,52.48564814814821,2.828346002576554,2160.0,2055.0287037037037,True,block_7d
Create Purchase Order Item -> Change Approval for Purchase Order,324.75630630630604,77.23200346957196,91.76218468468478,0.8416539311368649,1869.396375697744,1869.396375697744,False,block_7d
Create Purchase Order Item -> Change Price,1135.6522884953915,156.3754532008164,51.217385575230466,3.0531713293159974,2160.0,2057.5652288495394,True,block_7d
Create Purchase Order Item -> Change Quantity,1421.59933190807,140.33370708356384,36.92003340459653,3.801017879525871,2160.0,2086.1599331908074,True,block_7d
Create Purchase Order Item -> Delete Purchase Order Item,1052.837118977384,116.39936092645289,55.35814405113084,2.102660103975706,2160.0,2049.283711897738,True,block_7d
Create Purchase Order Item -> Receive Order Confirmation,198.07033514804843,15.454339740199673,98.09648324259767,0.15754224034698872,507.1571299520416,507.1571299520416,False,block_7d
Create Purchase Order Item -> Record Goods Receipt,1269.0554537498435,120.19658872234841,44.547227312507864,2.69818338814097,2160.0,2070.9055453749843,True,block_7d
Create Purchase Order Item -> Record Invoice Receipt,715.2726770630277,153.7079015515302,72.23636614684868,2.1278465370068416,2160.0,2015.5272677063028,True,block_7d
Create Purchase Order Item -> Record Service Entry Sheet,243.7026066350709,18.802032875997774,95.81486966824654,0.1962329327493606,619.743264155026,619.743264155026,False,block_7d
Create Purchase Order Item -> Vendor creates debit memo,1259.9575055187638,163.19673183685413,45.00212472406185,3.626422815312,2160.0,2069.9957505518764,True,block_7d
Create Purchase Order Item -> Vendor creates invoice,1334.7359484375643,117.23812020866741,41.26320257812182,2.8412268773056475,2160.0,2077.4735948437565,True,block_7d
Create Purchase Requisition Item -> Create Purchase Order Item,360.7418960244646,29.118639894569718,89.96290519877685,0.3236738501300158,943.1146939158584,943.1146939158584,False,block_7d
Receive Order Confirmation -> Delete Purchase Order Item,1060.8398550724635,173.66904923820144,54.95800724637687,3.1600317758910488,2160.0,2050.0839855072463,True,block_7d
Receive Order Confirmation -> Record Goods Receipt,703.3196775145742,51.17633307861779,72.83401612427134,0.7026432950134092,1726.8463390869292,1726.8463390869292,False,block_7d
Receive Order Confirmation -> Vendor creates invoice,664.8382397687507,92.20763698148099,74.75808801156253,1.2334135266704467,2160.0,2010.483823976875,True,block_7d
Record Goods Receipt -> Cancel Goods Receipt,823.0315521628494,53.305853284755955,66.84842239185758,0.7974137814694162,1889.1486178579676,1889.1486178579676,False,block_7d
Record Goods Receipt -> Change Quantity,671.0886724386721,51.91839826839827,74.44556637806646,0.6974008096699059,1709.4566378066365,1709.4566378066365,False,block_7d
Record Goods Receipt -> Record Goods Receipt,112.77440737432184,5.1629220398043785,102.361279631284,0.05043823268331308,216.03284817040932,216.03284817040932,False,block_7d
Record Goods Receipt -> Record Invoice Receipt,1478.2952402880105,166.937225917798,34.085237985599505,4.897640027871492,2160.0,2091.829524028801,True,block_7d
Record Goods Receipt -> Record Service Entry Sheet,15.910526987774894,0.843589234903505,107.20447365061135,0.007868974177820558,32.78231168584498,32.78231168584498,False,block_7d
Record Goods Receipt -> Remove Payment Block,712.2854035087718,49.76728241933983,72.38572982456148,0.6875289168177054,1707.6310518955675,1707.6310518955675,False,block_7d
Record Goods Receipt -> Vendor creates invoice,513.5256383572769,43.51929271350916,82.32371808213622,0.5286361418964214,1383.9114926274592,1383.9114926274592,False,block_7d
Record Invoice Receipt -> Cancel Invoice Receipt,1569.344543787253,318.50795675630616,29.532772810637372,10.784898485440662,2160.0,2100.934454378725,True,block_7d
Record Invoice Receipt -> Change Price,1514.8658223889925,200.1166528388083,32.256708880550406,6.203876954089114,2160.0,2095.4865822388992,True,block_7d
Record Invoice Receipt -> Clear Invoice,2160.0,653.3086619463445,0.0,,2160.0,2160.0,True,block_7d
Record Invoice Receipt -> Record Goods Receipt,363.2275324326138,35.35817720696734,89.83862337836939,0.39357434338737424,1070.39107657196,1070.39107657196,False,block_7d
Record Invoice Receipt -> Record Invoice Receipt,810.5301231104874,69.846588790068,67.4734938444757,1.0351707731492639,2160.0,2025.0530123110489,True,block_7d
Record Invoice Receipt -> Remove Payment Block,1668.4013520971293,397.7403675011404,24.579932395143555,16.181507788838548,2160.0,2110.840135209713,True,block_7d
Record Invoice Receipt -> Vendor creates invoice,811.8329109062979,140.14892224145407,67.40835445468517,2.079103152349881,2160.0,2025.1832910906298,True,block_7d
Record Service Entry Sheet -> Record Goods Receipt,48.87165254866989,2.530204308960818,105.5564173725666,0.02397016090485846,99.47573872788621,99.47573872788621,False,block_7d
Record Service Entry Sheet -> Record Invoice Receipt,930.7698825931595,97.51336695186099,61.46150587034208,1.5865762735715128,2160.0,2037.076988259316,True,block_7d
Record Service Entry Sheet -> Record Service Entry Sheet,0.3469238099001899,0.03983112169099613,107.9826538095051,0.0003688659269410364,1.1435462437201118,1.1435462437201118,False,block_7d
Record Service Entry Sheet -> Vendor creates invoice,823.1975598526703,181.9041466662222,66.84012200736655,2.721481367825365,2160.0,2026.3197559852672,True,block_7d
Release Purchase Order -> Change Approval for Purchase Order,433.43181818181813,96.43487719423254,86.32840909090918,1.1170700144917605,2160.0,1987.343181818182,True,block_7d
Remove Payment Block -> Clear Invoice,2160.0,644.5106835593959,0.0,,2160.0,2160.0,True,block_7d
SRM: Awaiting Approval -> SRM: Document Completed,0.0,0.0,108.0000000000001,0.0,0.0,0.0,False,block_7d
SRM: Complete -> SRM: Awaiting Approval,0.0,0.0,108.0000000000001,0.0,0.0,0.0,False,block_7d
SRM: Created -> SRM: Complete,2.0217827626918536,0.5252417724877617,107.89891086186549,0.0048679061567191125,12.52661821244708,12.52661821244708,False,block_7d
SRM: Document Completed -> SRM: In Transfer to Execution Syst.,3.159692671394796,0.2577370560881191,107.84201536643036,0.002389950291751955,8.314433793157173,8.314433793157173,False,block_7d
SRM: In Transfer to Execution Syst. -> SRM: Ordered,0.0005931198102016601,2.9655990510083866e-05,107.99997034400958,2.7459258012406287e-07,0.001186239620403337,0.001186239620403337,False,block_7d
Vendor creates debit memo -> Record Goods Receipt,467.84608501118544,63.496172383793144,84.6076957494408,0.7504775046921522,1737.769532687047,1737.769532687047,False,block_7d
Vendor creates debit memo -> Record Invoice Receipt,1507.448796147672,313.6431477230634,32.62756019261643,9.61282872122447,2160.0,2094.7448796147673,True,block_7d
Vendor creates debit memo -> Vendor creates invoice,149.8272800645681,15.357902636177498,100.50863599677167,0.15280182129494616,456.98533278811783,456.98533278811783,False,block_7d
Vendor creates invoice -> Change Quantity,563.7522426095819,60.68332736362663,79.81238786952098,0.7603246686821732,1777.4187898821133,1777.4187898821133,False,block_7d
Vendor creates invoice -> Clear Invoice,2160.0,763.7968368184289,0.0,,2160.0,2160.0,True,block_7d
Vendor creates invoice -> Create Purchase Order Item,2140.7965116279065,433.5211247689582,0.9601744186046752,451.50247326829515,2160.0,2158.0796511627905,True,block_7d
Vendor creates invoice -> Record Goods Receipt,275.67721465640744,16.172959975323145,94.21613926717971,0.17165806305711162,599.1364141628701,599.1364141628701,False,block_7d
Vendor creates invoice -> Record Invoice Receipt,1448.0267139587402,148.85856830938633,35.59866430206302,4.181577349259131,2160.0,2088.8026713958743,True,block_7d
Vendor creates invoice -> Vendor creates debit memo,118.96348645465243,13.725515893713734,102.05182567726747,0.13449554481386566,393.47380432892686,393.47380432892686,False,block_7d
Vendor creates invoice -> Vendor creates invoice,876.7167919799497,138.0115288220551,64.16416040100258,2.1509130324395027,2160.0,2031.671679197995,True,block_7d
Cancel Invoice Receipt -> Clear Invoice,1304.4006523157207,165.17830839398812,42.779967384214004,3.8611134718849653,2160.0,2074.440065231572,True,block_28d
Change Approval for Purchase Order -> Change Approval for Purchase Order,1913.1543689320386,497.49720798956224,12.342281553398083,40.308366474802305,2160.0,2135.3154368932037,True,block_28d
Change Price -> Change Quantity,1683.1240875912404,276.59825024437924,23.843795620438,11.600428666956432,2160.0,2112.312408759124,True,block_28d
Change Price -> Record Goods Receipt,1045.0849372384935,95.86022892085325,55.74575313807538,1.719596983171422,2160.0,2048.5084937238494,True,block_28d
Change Price -> Remove Payment Block,415.1710596914819,38.67101558298744,87.24144701542599,0.4432642614943061,1188.59137135123,1188.59137135123,False,block_28d
Change Price -> Vendor creates invoice,1180.219950738916,123.71194257921027,48.98900246305425,2.525300299235719,2160.0,2062.0219950738915,True,block_28d
Change Quantity -> Change Delivery Indicator,824.459288537549,65.93160183616703,66.7770355731226,0.9873394539050809,2143.0913252608884,2026.445928853755,False,block_28d
Change Quantity -> Change Quantity,940.4609851787269,107.4661984757558,60.97695074106372,1.7624068958795085,2160.0,2038.046098517873,True,block_28d
Change Quantity -> Record Goods Receipt,974.5489748518337,117.0731300810811,59.27255125740837,1.9751660355002578,2160.0,2041.4548974851834,True,block_28d
Change Quantity -> Vendor creates invoice,1398.5714627477785,165.61520514471252,38.07142686261111,4.350118154025863,2160.0,2083.8571462747777,True,block_28d
Clear Invoice -> Clear Invoice,1246.1610095735418,257.67509632721533,45.69194952132295,5.639398165905938,2160.0,2068.6161009573543,True,block_28d
Clear Invoice -> Record Invoice Receipt,1110.2870370370367,133.8176339348143,52.48564814814821,2.5496042948177946,2160.0,2055.0287037037037,True,block_28d
Create Purchase Order Item -> Change Approval for Purchase Order,324.75630630630604,50.044719596229044,91.76218468468478,0.5453741077350522,1325.650698230886,1325.650698230886,False,block_28d
Create Purchase Order Item -> Change Price,1135.6522884953915,102.65326910820518,51.217385575230466,2.0042660896351943,2160.0,2057.5652288495394,True,block_28d
Create Purchase Order Item -> Change Quantity,1421.59933190807,141.64310626453442,36.92003340459653,3.836483697409112,2160.0,2086.1599331908074,True,block_28d
Create Purchase Order Item -> Delete Purchase Order Item,1052.837118977384,67.00749419368015,55.35814405113084,1.2104360675782326,2160.0,2049.283711897738,True,block_28d
Create Purchase Order Item -> Receive Order Confirmation,198.07033514804843,13.724043494852321,98.09648324259767,0.13990352193270836,472.55120504509455,472.55120504509455,False,block_28d
Create Purchase Order Item -> Record Goods Receipt,1269.0554537498435,146.577476804377,44.547227312507864,3.290383838619319,2160.0,2070.9055453749843,True,block_28d
Create Purchase Order Item -> Record Invoice Receipt,715.2726770630277,107.79801332033789,72.23636614684868,1.4922956271249337,2160.0,2015.5272677063028,True,block_28d
Create Purchase Order Item -> Record Service Entry Sheet,243.7026066350709,25.45625132781632,95.81486966824654,0.2656816360128352,752.8276331913969,752.8276331913969,False,block_28d
Create Purchase Order Item -> Vendor creates debit memo,1259.9575055187638,135.89276470360136,45.00212472406185,3.019696637366588,2160.0,2069.9957505518764,True,block_28d
Create Purchase Order Item -> Vendor creates invoice,1334.7359484375643,119.65311813033341,41.26320257812182,2.899753549274305,2160.0,2077.4735948437565,True,block_28d
Create Purchase Requisition Item -> Create Purchase Order Item,360.7418960244646,33.79291003852636,89.96290519877685,0.37563160020076597,1036.6000967949913,1036.6000967949913,False,block_28d
Receive Order Confirmation -> Delete Purchase Order Item,1060.8398550724635,112.25331498211935,54.95800724637687,2.0425288435020486,2160.0,2050.0839855072463,True,block_28d
Receive Order Confirmation -> Record Goods Receipt,703.3196775145742,44.03536478548878,72.83401612427134,0.6045988828949713,1584.0269732243491,1584.0269732243491,False,block_28d
Receive Order Confirmation -> Vendor creates invoice,664.8382397687507,76.23870333963468,74.75808801156253,1.0198054199546027,2160.0,2010.483823976875,True,block_28d
Record Goods Receipt -> Cancel Goods Receipt,823.0315521628494,88.22277367152688,66.84842239185758,1.3197435409077476,2160.0,2026.3031552162847,True,block_28d
Record Goods Receipt -> Change Quantity,671.0886724386721,74.74278839366166,74.44556637806646,1.0039924743682622,2160.0,2011.1088672438673,True,block_28d
Record Goods Receipt -> Record Goods Receipt,112.77440737432184,3.4038227456540047,102.361279631284,0.033253030422391444,180.85086228740187,180.85086228740187,False,block_28d
Record Goods Receipt -> Record Invoice Receipt,1478.2952402880105,140.47288890231826,34.085237985599505,4.121223650005493,2160.0,2091.829524028801,True,block_28d
Record Goods Receipt -> Record Service Entry Sheet,15.910526987774894,0.44800997555084404,107.20447365061135,0.004179023134901509,24.870726498791768,24.870726498791768,False,block_28d
Record Goods Receipt -> Remove Payment Block,712.2854035087718,35.568078124914585,72.38572982456148,0.49136864698497307,1423.646966007063,1423.646966007063,False,block_28d
Record Goods Receipt -> Vendor creates invoice,513.5256383572769,21.662537783434857,82.32371808213622,0.2631384768338774,946.7763940259736,946.7763940259736,False,block_28d
Record Invoice Receipt -> Cancel Invoice Receipt,1569.344543787253,305.6000917079365,29.532772810637372,10.347829296877359,2160.0,2100.934454378725,True,block_28d
Record Invoice Receipt -> Change Price,1514.8658223889925,158.97070247355117,32.256708880550406,4.9282988869767985,2160.0,2095.4865822388992,True,block_28d
Record Invoice Receipt -> Clear Invoice,2160.0,694.6512128378903,0.0,,2160.0,2160.0,True,block_28d
Record Invoice Receipt -> Record Goods Receipt,363.2275324326138,22.138679940402646,89.83862337836939,0.24642719476190256,806.0011312406664,806.0011312406664,False,block_28d
Record Invoice Receipt -> Record Invoice Receipt,810.5301231104874,56.37375379139037,67.4734938444757,0.8354948080994608,1938.0051989382937,1938.0051989382937,False,block_28d
Record Invoice Receipt -> Remove Payment Block,1668.4013520971293,388.8227723862285,24.579932395143555,15.818707966139533,2160.0,2110.840135209713,True,block_28d
Record Invoice Receipt -> Vendor creates invoice,811.8329109062979,103.71876015084234,67.40835445468517,1.5386632857291689,2160.0,2025.1832910906298,True,block_28d
Record Service Entry Sheet -> Record Goods Receipt,48.87165254866989,2.6222809287267093,105.5564173725666,0.02484245860174696,101.31727112320402,101.31727112320402,False,block_28d
Record Service Entry Sheet -> Record Invoice Receipt,930.7698825931595,191.2790986557768,61.46150587034208,3.112177222915677,2160.0,2037.076988259316,True,block_28d
Record Service Entry Sheet -> Record Service Entry Sheet,0.3469238099001899,0.015634881274077056,107.9826538095051,0.0001447906744509071,0.6596214353817307,0.6596214353817307,False,block_28d
Record Service Entry Sheet -> Vendor creates invoice,823.1975598526703,109.49928124168152,66.84012200736655,1.6382268307292054,2160.0,2026.3197559852672,True,block_28d
Release Purchase Order -> Change Approval for Purchase Order,433.43181818181813,74.01181041181042,86.32840909090918,0.8573285572061381,1913.668026418025,1913.668026418025,False,block_28d
Remove Payment Block -> Clear Invoice,2160.0,681.3072520715059,0.0,,2160.0,2160.0,True,block_28d
SRM: Awaiting Approval -> SRM: Document Completed,0.0,0.0,108.0000000000001,0.0,0.0,0.0,False,block_28d
SRM: Complete -> SRM: Awaiting Approval,0.0,0.0,108.0000000000001,0.0,0.0,0.0,False,block_28d
SRM: Created -> SRM: Complete,2.0217827626918536,0.5251726352912124,107.89891086186549,0.004867265397734642,12.52523546851609,12.52523546851609,False,block_28d
SRM: Document Completed -> SRM: In Transfer to Execution Syst.,3.159692671394796,0.4616917976074024,107.84201536643036,0.004281186660307169,12.393528623542835,12.393528623542835,False,block_28d
SRM: In Transfer to Execution Syst. -> SRM: Ordered,0.0005931198102016601,0.00010849530066611905,107.99997034400958,1.0045863931307732e-06,0.002763025823524039,0.002763025823524039,False,block_28d
Vendor creates debit memo -> Record Goods Receipt,467.84608501118544,37.94129420341958,84.6076957494408,0.44843786215121395,1226.6719690795762,1226.6719690795762,False,block_28d
Vendor creates debit memo -> Record Invoice Receipt,1507.448796147672,206.97435842006254,32.62756019261643,6.343543838343774,2160.0,2094.7448796147673,True,block_28d
Vendor creates debit memo -> Vendor creates invoice,149.8272800645681,6.844816052176542,100.50863599677167,0.06810177040305668,286.7236011080988,286.7236011080988,False,block_28d
Vendor creates invoice -> Change Quantity,563.7522426095819,26.583077767432254,79.81238786952098,0.3330695707399564,1095.4137979582265,1095.4137979582265,False,block_28d
Vendor creates invoice -> Clear Invoice,2160.0,706.8184909695749,0.0,,2160.0,2160.0,True,block_28d
Vendor creates invoice -> Create Purchase Order Item,2140.7965116279065,281.4152037928863,0.9601744186046752,293.08758735922027,2160.0,2158.0796511627905,True,block_28d
Vendor creates invoice -> Record Goods Receipt,275.67721465640744,14.279592215717393,94.21613926717971,0.15156206067012665,561.269058970755,561.269058970755,False,block_28d
Vendor creates invoice -> Record Invoice Receipt,1448.0267139587402,99.74274389315588,35.59866430206302,2.801867593874177,2160.0,2088.8026713958743,True,block_28d
Vendor creates invoice -> Vendor creates debit memo,118.96348645465243,6.108729363057586,102.05182567726747,0.05985908946279963,241.13807371580404,241.13807371580404,False,block_28d
Vendor creates invoice -> Vendor creates invoice,876.7167919799497,70.94977504000967,64.16416040100258,1.10575396914102,2160.0,2031.671679197995,True,block_28d
Cancel Invoice Receipt -> Clear Invoice,1304.4006523157207,246.3058820830615,42.779967384214004,5.757505139518864,2160.0,2074.440065231572,True,block_min_50
Change Approval for Purchase Order -> Change Approval for Purchase Order,1913.1543689320386,391.9044877811676,12.342281553398083,31.75300175138755,2160.0,2135.3154368932037,True,block_min_50
Change Price -> Change Quantity,1683.1240875912404,351.95844766951575,23.843795620438,14.76100757078417,2160.0,2112.312408759124,True,block_min_50
Change Price -> Record Goods Receipt,1045.0849372384935,117.57241529247685,55.74575313807538,2.1090829107872024,2160.0,2048.5084937238494,True,block_min_50
Change Price -> Remove Payment Block,415.1710596914819,27.34363194881974,87.24144701542599,0.3134247870050213,962.0436986678762,962.0436986678762,False,block_min_50
Change Price -> Vendor creates invoice,1180.219950738916,143.83948560717639,48.98900246305425,2.936158696345266,2160.0,2062.0219950738915,True,block_min_50
Change Quantity -> Change Delivery Indicator,824.459288537549,56.25222312983197,66.7770355731226,0.8423887440800559,1949.5037511341875,1949.5037511341875,False,block_min_50
Change Quantity -> Change Quantity,940.4609851787269,87.04930717828736,60.97695074106372,1.4275772422261472,2160.0,2038.046098517873,True,block_min_50
Change Quantity -> Record Goods Receipt,974.5489748518337,111.92391122958614,59.27255125740837,1.8882924533402292,2160.0,2041.4548974851834,True,block_min_50
Change Quantity -> Vendor creates invoice,1398.5714627477785,180.4664390469382,38.07142686261111,4.740206866902834,2160.0,2083.8571462747777,True,block_min_50
Clear Invoice -> Clear Invoice,1246.1610095735418,180.6519305201625,45.69194952132295,3.953692771105293,2160.0,2068.6161009573543,True,block_min_50
Clear Invoice -> Record Invoice Receipt,1110.2870370370367,156.55745672403086,52.48564814814821,2.9828622156313127,2160.0,2055.0287037037037,True,block_min_50
Create Purchase Order Item -> Change Approval for Purchase Order,324.75630630630604,47.008749922868056,91.76218468468478,0.5122889138309048,1264.9313047636663,1264.9313047636663,False,block_min_50
Create Purchase Order Item -> Change Price,1135.6522884953915,143.52988229987565,51.217385575230466,2.8023664364720906,2160.0,2057.5652288495394,True,block_min_50
Create Purchase Order Item -> Change Quantity,1421.59933190807,108.8737315276878,36.92003340459653,2.9489066365290193,2160.0,2086.1599331908074,True,block_min_50
Create Purchase Order Item -> Delete Purchase Order Item,1052.837118977384,92.90312064342369,55.35814405113084,1.6782195688788792,2160.0,2049.283711897738,True,block_min_50
Create Purchase Order Item -> Receive Order Confirmation,198.07033514804843,11.905230778015813,98.09648324259767,0.12136246259280838,436.17495070836446,436.17495070836446,False,block_min_50
Create Purchase Order Item -> Record Goods Receipt,1269.0554537498435,103.84917530370471,44.547227312507864,2.331215242088618,2160.0,2070.9055453749843,True,block_min_50
Create Purchase Order Item -> Record Invoice Receipt,715.2726770630277,146.48774594029948,72.23636614684868,2.027894726078909,2160.0,2015.5272677063028,True,block_min_50
Create Purchase Order Item -> Record Service Entry Sheet,243.7026066350709,15.310412942188044,95.81486966824654,0.1597916168461061,549.9108654788315,549.9108654788315,False,block_min_50
Create Purchase Order Item -> Vendor creates debit memo,1259.9575055187638,127.00635825361786,45.00212472406185,2.822230262068266,2160.0,2069.9957505518764,True,block_min_50
Create Purchase Order Item -> Vendor creates invoice,1334.7359484375643,87.77796575866755,41.26320257812182,2.127269825760164,2160.0,2077.4735948437565,True,block_min_50
Create Purchase Requisition Item -> Create Purchase Order Item,360.7418960244646,20.215818793638213,89.96290519877685,0.2247128274589455,765.0582718972285,765.0582718972285,False,block_min_50
Receive Order Confirmation -> Delete Purchase Order Item,1060.8398550724635,85.17118708917403,54.95800724637687,1.5497502794697668,2160.0,2050.0839855072463,True,block_min_50
Receive Order Confirmation -> Record Goods Receipt,703.3196775145742,37.50101279227991,72.83401612427134,0.514883220613493,1453.3399333601717,1453.3399333601717,False,block_min_50
Receive Order Confirmation -> Vendor creates invoice,664.8382397687507,73.87189481750127,74.75808801156253,0.98814585528292,2142.276136118775,2010.483823976875,False,block_min_50
Record Goods Receipt -> Cancel Goods Receipt,823.0315521628494,32.47576999972036,66.84842239185758,0.4858120631381728,1472.546952157256,1472.546952157256,False,block_min_50
Record Goods Receipt -> Change Quantity,671.0886724386721,33.7273892999059,74.44556637806646,0.4530476553650459,1345.6364584367896,1345.6364584367896,False,block_min_50
Record Goods Receipt -> Record Goods Receipt,112.77440737432184,4.4476235317257915,102.361279631284,0.043450253335505326,201.7268780088376,201.7268780088376,False,block_min_50
Record Goods Receipt -> Record Invoice Receipt,1478.2952402880105,105.5169447550497,34.085237985599505,3.0956786864633017,2160.0,2091.829524028801,True,block_min_50
Record Goods Receipt -> Record Service Entry Sheet,15.910526987774894,0.5831238483576162,107.20447365061135,0.005439361143249183,27.57300395492721,27.57300395492721,False,block_min_50
Record Goods Receipt -> Remove Payment Block,712.2854035087718,38.08085869295344,72.38572982456148,0.5260824030544219,1473.90257736784,1473.90257736784,False,block_min_50
Record Goods Receipt -> Vendor creates invoice,513.5256383572769,33.7120137757311,82.32371808213622,0.40950548105827617,1187.7659138718982,1187.7659138718982,False,block_min_50
Record Invoice Receipt -> Cancel Invoice Receipt,1569.344543787253,452.0265228885193,29.532772810637372,15.305928968705047,2160.0,2100.934454378725,True,block_min_50
Record Invoice Receipt -> Change Price,1514.8658223889925,172.69047344841204,32.256708880550406,5.353629661596939,2160.0,2095.4865822388992,True,block_min_50
Record Invoice Receipt -> Clear Invoice,2160.0,602.001861731894,0.0,,2160.0,2160.0,True,block_min_50
Record Invoice Receipt -> Record Goods Receipt,363.2275324326138,23.06251002215268,89.83862337836939,0.25671041201311956,824.477732875667,824.477732875667,False,block_min_50
Record Invoice Receipt -> Record Invoice Receipt,810.5301231104874,64.25229307759065,67.4734938444757,0.9522597603392258,2095.575984662299,2025.0530123110489,False,block_min_50
Record Invoice Receipt -> Remove Payment Block,1668.4013520971293,585.2157226982888,24.579932395143555,23.80867910010665,2160.0,2110.840135209713,True,block_min_50
Record Invoice Receipt -> Vendor creates invoice,811.8329109062979,77.34445037220843,67.40835445468517,1.1474015498212873,2160.0,2025.1832910906298,True,block_min_50
Record Service Entry Sheet -> Record Goods Receipt,48.87165254866989,3.087495582470143,105.5564173725666,0.029249719337978992,110.62156419807269,110.62156419807269,False,block_min_50
Record Service Entry Sheet -> Record Invoice Receipt,930.7698825931595,77.26719574445535,61.46150587034208,1.257164051714851,2160.0,2037.076988259316,True,block_min_50
Record Service Entry Sheet -> Record Service Entry Sheet,0.3469238099001899,0.022055790201206765,107.9826538095051,0.00020425308531605397,0.7880396139243249,0.7880396139243249,False,block_min_50
Record Service Entry Sheet -> Vendor creates invoice,823.1975598526703,142.01780331791994,66.84012200736655,2.124738840277221,2160.0,2026.3197559852672,True,block_min_50
Release Purchase Order -> Change Approval for Purchase Order,433.43181818181813,64.16848373848374,86.32840909090918,0.7433066868046919,1716.801492951492,1716.801492951492,False,block_min_50
Remove Payment Block -> Clear Invoice,2160.0,628.0003006964268,0.0,,2160.0,2160.0,True,block_min_50
SRM: Awaiting Approval -> SRM: Document Completed,0.0,0.0,108.0000000000001,0.0,0.0,0.0,False,block_min_50
SRM: Complete -> SRM: Awaiting Approval,0.0,0.0,108.0000000000001,0.0,0.0,0.0,False,block_min_50
SRM: Created -> SRM: Complete,2.0217827626918536,0.5248992986214255,107.89891086186549,0.004864732131480112,12.519768735120355,12.519768735120355,False,block_min_50
SRM: Document Completed -> SRM: In Transfer to Execution Syst.,3.159692671394796,0.5755681765247075,107.84201536643036,0.005337142249883003,14.671056201888934,14.671056201888934,False,block_min_50
SRM: In Transfer to Execution Syst. -> SRM: Ordered,0.0005931198102016601,2.9655990510083866e-05,107.99997034400958,2.7459258012406287e-07,0.001186239620403337,0.001186239620403337,False,block_min_50
Vendor creates debit memo -> Record Goods Receipt,467.84608501118544,38.14468210983644,84.6076957494408,0.45084175584687936,1230.7397272079136,1230.7397272079136,False,block_min_50
Vendor creates debit memo -> Record Invoice Receipt,1507.448796147672,182.0189691570601,32.62756019261643,5.578687713163755,2160.0,2094.7448796147673,True,block_min_50
Vendor creates debit memo -> Vendor creates invoice,149.8272800645681,9.956416464891051,100.50863599677167,0.09906030826257407,348.95560936238894,348.95560936238894,False,block_min_50
Vendor creates invoice -> Change Quantity,563.7522426095819,42.20922277903999,79.81238786952098,0.5288555311494318,1407.9366981903809,1407.9366981903809,False,block_min_50
Vendor creates invoice -> Clear Invoice,2160.0,688.8695713192387,0.0,,2160.0,2160.0,True,block_min_50
Vendor creates invoice -> Create Purchase Order Item,2140.7965116279065,321.15980272420694,0.9601744186046752,334.48069069671334,2160.0,2158.0796511627905,True,block_min_50
Vendor creates invoice -> Record Goods Receipt,275.67721465640744,11.776208815541919,94.21613926717971,0.12499141768213137,511.20139096724563,511.20139096724563,False,block_min_50
Vendor creates invoice -> Record Invoice Receipt,1448.0267139587402,104.75572840659095,35.59866430206302,2.942687049090213,2160.0,2088.8026713958743,True,block_min_50
Vendor creates invoice -> Vendor creates debit memo,118.96348645465243,9.576641249767542,102.05182567726747,0.09384095959295302,310.4963114500031,310.4963114500031,False,block_min_50
Vendor creates invoice -> Vendor creates invoice,876.7167919799497,83.74677959960144,64.16416040100258,1.3051955963611874,2160.0,2031.671679197995,True,block_min_50
Cancel Invoice Receipt -> Clear Invoice,1304.4006523157207,158.58216004128087,42.779967384214004,3.70692568830238,2160.0,2074.440065231572,True,block_min_100
Change Price -> Change Quantity,1683.1240875912404,397.97701780181694,23.843795620438,16.69100944065659,2160.0,2112.312408759124,True,block_min_100
Change Price -> Record Goods Receipt,1045.0849372384935,112.37734784791914,55.74575313807538,2.0158907454272663,2160.0,2048.5084937238494,True,block_min_100
Change Price -> Remove Payment Block,415.1710596914819,43.4874557784417,87.24144701542599,0.4984724264230999,1284.920175260315,1284.920175260315,False,block_min_100
Change Price -> Vendor creates invoice,1180.219950738916,71.48817350141844,48.98900246305425,1.4592698341904853,2160.0,2062.0219950738915,True,block_min_100
Change Quantity -> Change Quantity,940.4609851787269,38.12762432211056,60.97695074106372,0.6252792876445734,1703.0134716209375,1703.0134716209375,False,block_min_100
Change Quantity -> Record Goods Receipt,974.5489748518337,104.6586859101267,59.27255125740837,1.7657192695420818,2160.0,2041.4548974851834,True,block_min_100
Change Quantity -> Vendor creates invoice,1398.5714627477785,182.30062950184634,38.07142686261111,4.788384479513131,2160.0,2083.8571462747777,True,block_min_100
Clear Invoice -> Clear Invoice,1246.1610095735418,163.48644057950673,45.69194952132295,3.57801412047899,2160.0,2068.6161009573543,True,block_min_100
Clear Invoice -> Record Invoice Receipt,1110.2870370370367,121.77962361257853,52.48564814814821,2.3202461607950084,2160.0,2055.0287037037037,True,block_min_100
Create Purchase Order Item -> Change Approval for Purchase Order,324.75630630630604,39.771428626024225,91.76218468468478,0.43341850199717535,1120.1848788267898,1120.1848788267898,False,block_min_100
Create Purchase Order Item -> Change Price,1135.6522884953915,143.52988229987565,51.217385575230466,2.8023664364720906,2160.0,2057.5652288495394,True,block_min_100
Create Purchase Order Item -> Change Quantity,1421.59933190807,108.8737315276878,36.92003340459653,2.9489066365290193,2160.0,2086.1599331908074,True,block_min_100
Create Purchase Order Item -> Delete Purchase Order Item,1052.837118977384,92.90312064342369,55.35814405113084,1.6782195688788792,2160.0,2049.283711897738,True,block_min_100
Create Purchase Order Item -> Receive Order Confirmation,198.07033514804843,11.905230778015813,98.09648324259767,0.12136246259280838,436.17495070836446,436.17495070836446,False,block_min_100
Create Purchase Order Item -> Record Goods Receipt,1269.0554537498435,103.84917530370471,44.547227312507864,2.331215242088618,2160.0,2070.9055453749843,True,block_min_100
Create Purchase Order Item -> Record Invoice Receipt,715.2726770630277,74.99902534113062,72.23636614684868,1.0382447144235598,2160.0,2015.5272677063028,True,block_min_100
Create Purchase Order Item -> Vendor creates invoice,1334.7359484375643,87.77796575866755,41.26320257812182,2.127269825760164,2160.0,2077.4735948437565,True,block_min_100
Create Purchase Requisition Item -> Create Purchase Order Item,360.7418960244646,11.443382055667806,89.96290519877685,0.1272011172869881,589.6095371378206,589.6095371378206,False,block_min_100
Receive Order Confirmation -> Delete Purchase Order Item,1060.8398550724635,87.52575483091792,54.95800724637687,1.592593312900516,2160.0,2050.0839855072463,True,block_min_100
Receive Order Confirmation -> Record Goods Receipt,703.3196775145742,37.50101279227991,72.83401612427134,0.514883220613493,1453.3399333601717,1453.3399333601717,False,block_min_100
Receive Order Confirmation -> Vendor creates invoice,664.8382397687507,73.87189481750127,74.75808801156253,0.98814585528292,2142.276136118775,2010.483823976875,False,block_min_100
Record Goods Receipt -> Record Goods Receipt,112.77440737432184,4.4476235317257915,102.361279631284,0.043450253335505326,201.7268780088376,201.7268780088376,False,block_min_100
Record Goods Receipt -> Record Invoice Receipt,1478.2952402880105,105.5169447550497,34.085237985599505,3.0956786864633017,2160.0,2091.829524028801,True,block_min_100
Record Goods Receipt -> Record Service Entry Sheet,15.910526987774894,0.5831238483576162,107.20447365061135,0.005439361143249183,27.57300395492721,27.57300395492721,False,block_min_100
Record Goods Receipt -> Remove Payment Block,712.2854035087718,38.08085869295344,72.38572982456148,0.5260824030544219,1473.90257736784,1473.90257736784,False,block_min_100
Record Goods Receipt -> Vendor creates invoice,513.5256383572769,33.7120137757311,82.32371808213622,0.40950548105827617,1187.7659138718982,1187.7659138718982,False,block_min_100
Record Invoice Receipt -> Cancel Invoice Receipt,1569.344543787253,124.0971948812142,29.532772810637372,4.202016372689386,2160.0,2100.934454378725,True,block_min_100
Record Invoice Receipt -> Change Price,1514.8658223889925,125.65660408965172,32.256708880550406,3.8955184347842127,2160.0,2095.4865822388992,True,block_min_100
Record Invoice Receipt -> Clear Invoice,2160.0,602.001861731894,0.0,,2160.0,2160.0,True,block_min_100
Record Invoice Receipt -> Record Goods Receipt,363.2275324326138,23.06251002215268,89.83862337836939,0.25671041201311956,824.477732875667,824.477732875667,False,block_min_100
Record Invoice Receipt -> Record Invoice Receipt,810.5301231104874,64.25229307759065,67.4734938444757,0.9522597603392258,2095.575984662299,2025.0530123110489,False,block_min_100
Record Invoice Receipt -> Remove Payment Block,1668.4013520971293,180.68694726999024,24.579932395143555,7.350994476522236,2160.0,2110.840135209713,True,block_min_100
Record Invoice Receipt -> Vendor creates invoice,811.8329109062979,68.46226019545466,67.40835445468517,1.0156346457244847,2160.0,2025.1832910906298,True,block_min_100
Record Service Entry Sheet -> Record Goods Receipt,48.87165254866989,3.087495582470143,105.5564173725666,0.029249719337978992,110.62156419807269,110.62156419807269,False,block_min_100
Record Service Entry Sheet -> Record Service Entry Sheet,0.3469238099001899,0.022055790201206765,107.9826538095051,0.00020425308531605397,0.7880396139243249,0.7880396139243249,False,block_min_100
Record Service Entry Sheet -> Vendor creates invoice,823.1975598526703,92.05361621070392,66.84012200736655,1.3772209482286486,2160.0,2026.3197559852672,True,block_min_100
Release Purchase Order -> Change Approval for Purchase Order,433.43181818181813,45.14306793797954,86.32840909090918,0.5229225050405027,1336.293176941408,1336.293176941408,False,block_min_100
Remove Payment Block -> Clear Invoice,2160.0,628.0003006964268,0.0,,2160.0,2160.0,True,block_min_100
SRM: Awaiting Approval -> SRM: Document Completed,0.0,0.0,108.0000000000001,0.0,0.0,0.0,False,block_min_100
SRM: Complete -> SRM: Awaiting Approval,0.0,0.0,108.0000000000001,0.0,0.0,0.0,False,block_min_100
SRM: Created -> SRM: Complete,2.0217827626918536,0.4814291491105503,107.89891086186549,0.004461853648614547,11.65036574490285,11.65036574490285,False,block_min_100
Vendor creates debit memo -> Record Invoice Receipt,1507.448796147672,201.40299464954512,32.62756019261643,6.172787467422168,2160.0,2094.7448796147673,True,block_min_100
Vendor creates debit memo -> Vendor creates invoice,149.8272800645681,8.208148066622657,100.50863599677167,0.08166609749719718,313.9902413970211,313.9902413970211,False,block_min_100
Vendor creates invoice -> Change Quantity,563.7522426095819,44.381732426229235,79.81238786952098,0.5560757372500301,1451.3868911341658,1451.3868911341658,False,block_min_100
Vendor creates invoice -> Clear Invoice,2160.0,232.16003542152637,0.0,,2160.0,2160.0,True,block_min_100
Vendor creates invoice -> Create Purchase Order Item,2140.7965116279065,336.41759166331286,0.9601744186046752,350.3713337335051,2160.0,2158.0796511627905,True,block_min_100
Vendor creates invoice -> Record Goods Receipt,275.67721465640744,11.776208815541919,94.21613926717971,0.12499141768213137,511.20139096724563,511.20139096724563,False,block_min_100
Vendor creates invoice -> Record Invoice Receipt,1448.0267139587402,104.75572840659095,35.59866430206302,2.942687049090213,2160.0,2088.8026713958743,True,block_min_100
Vendor creates invoice -> Vendor creates debit memo,118.96348645465243,5.4397753204756025,102.05182567726747,0.05330404707975095,227.75899286416438,227.75899286416438,False,block_min_100
Cancel Invoice Receipt -> Clear Invoice,1304.4006523157207,261.85588709677415,42.779967384214004,6.120993144875564,2160.0,2074.440065231572,True,leave_one_block_out
Change Approval for Purchase Order -> Change Approval for Purchase Order,1913.1543689320386,532.8006873928446,12.342281553398083,43.168735463351474,2160.0,2135.3154368932037,True,leave_one_block_out
Change Price -> Change Quantity,1683.1240875912404,304.630865180019,23.843795620438,12.776106205125366,2160.0,2112.312408759124,True,leave_one_block_out
Change Price -> Record Goods Receipt,1045.0849372384935,126.27553896310471,55.74575313807538,2.2652046452818695,2160.0,2048.5084937238494,True,leave_one_block_out
Change Price -> Remove Payment Block,415.1710596914819,50.14795979344093,87.24144701542599,0.5748180653694773,1418.1302555602997,1418.1302555602997,False,leave_one_block_out
Change Price -> Vendor creates invoice,1180.219950738916,148.95160438137938,48.98900246305425,3.040511071718869,2160.0,2062.0219950738915,True,leave_one_block_out
Change Quantity -> Change Delivery Indicator,824.459288537549,67.51013150452486,66.7770355731226,1.0109782640860046,2160.0,2026.445928853755,True,leave_one_block_out
Change Quantity -> Change Quantity,940.4609851787269,90.5202787887732,60.97695074106372,1.4844999247857456,2160.0,2038.046098517873,True,leave_one_block_out
Change Quantity -> Record Goods Receipt,974.5489748518337,121.09121193946329,59.27255125740837,2.0429559614127175,2160.0,2041.4548974851834,True,leave_one_block_out
Change Quantity -> Vendor creates invoice,1398.5714627477785,198.05172929472684,38.07142686261111,5.202109445738372,2160.0,2083.8571462747777,True,leave_one_block_out
Clear Invoice -> Clear Invoice,1246.1610095735418,318.30814809791997,45.69194952132295,6.966394549424421,2160.0,2068.6161009573543,True,leave_one_block_out
Clear Invoice -> Record Invoice Receipt,1110.2870370370367,155.18892793763345,52.48564814814821,2.956787872745529,2160.0,2055.0287037037037,True,leave_one_block_out
Create Purchase Order Item -> Change Approval for Purchase Order,324.75630630630604,44.66475091007499,91.76218468468478,0.4867446330266981,1218.051324507805,1218.051324507805,False,leave_one_block_out
Create Purchase Order Item -> Change Price,1135.6522884953915,152.97519176285792,51.217385575230466,2.9867825162250985,2160.0,2057.5652288495394,True,leave_one_block_out
Create Purchase Order Item -> Change Quantity,1421.59933190807,117.05211415242182,36.92003340459653,3.1704227585516995,2160.0,2086.1599331908074,True,leave_one_block_out
Create Purchase Order Item -> Delete Purchase Order Item,1052.837118977384,98.84730075704412,55.35814405113084,1.7855963643894035,2160.0,2049.283711897738,True,leave_one_block_out
Create Purchase Order Item -> Receive Order Confirmation,198.07033514804843,13.200395511033555,98.09648324259767,0.13456543063208795,462.0782453687193,462.0782453687193,False,leave_one_block_out
Create Purchase Order Item -> Record Goods Receipt,1269.0554537498435,112.76440060354605,44.547227312507864,2.531344988375614,2160.0,2070.9055453749843,True,leave_one_block_out
Create Purchase Order Item -> Record Invoice Receipt,715.2726770630277,162.7858454631416,72.23636614684868,2.253516533932724,2160.0,2015.5272677063028,True,leave_one_block_out
Create Purchase Order Item -> Record Service Entry Sheet,243.7026066350709,16.585041276455133,95.81486966824654,0.1730946494409467,575.4034321641733,575.4034321641733,False,leave_one_block_out
Create Purchase Order Item -> Vendor creates debit memo,1259.9575055187638,173.317306370676,45.00212472406185,3.8513138531436106,2160.0,2069.9957505518764,True,leave_one_block_out
Create Purchase Order Item -> Vendor creates invoice,1334.7359484375643,95.13783742032238,41.26320257812182,2.3056338693101215,2160.0,2077.4735948437565,True,leave_one_block_out
Create Purchase Requisition Item -> Create Purchase Order Item,360.7418960244646,21.937410707650326,89.96290519877685,0.2438495139655471,799.4901101774708,799.4901101774708,False,leave_one_block_out
Receive Order Confirmation -> Delete Purchase Order Item,1060.8398550724635,189.60862829432847,54.95800724637687,3.4500637449300617,2160.0,2050.0839855072463,True,leave_one_block_out
Receive Order Confirmation -> Record Goods Receipt,703.3196775145742,41.56370829407854,72.83401612427134,0.5706634139625285,1534.5938433961442,1534.5938433961442,False,leave_one_block_out
Receive Order Confirmation -> Vendor creates invoice,664.8382397687507,77.79706171355178,74.75808801156253,1.0406507681352046,2160.0,2010.483823976875,True,leave_one_block_out
Record Goods Receipt -> Cancel Goods Receipt,823.0315521628494,79.95464838383491,66.84842239185758,1.1960588675548718,2160.0,2026.3031552162847,True,leave_one_block_out
Record Goods Receipt -> Change Quantity,671.0886724386721,56.36464955185991,74.44556637806646,0.7571256730805981,1798.3816634758693,1798.3816634758693,False,leave_one_block_out
Record Goods Receipt -> Record Goods Receipt,112.77440737432184,4.864157637074236,102.361279631284,0.04751950790958689,210.05756011580647,210.05756011580647,False,leave_one_block_out
Record Goods Receipt -> Record Invoice Receipt,1478.2952402880105,110.79114251785334,34.085237985599505,3.250414228137733,2160.0,2091.829524028801,True,leave_one_block_out
Record Goods Receipt -> Record Service Entry Sheet,15.910526987774894,0.6278047997536179,107.20447365061135,0.005856143669896539,28.46662298284724,28.46662298284724,False,leave_one_block_out
Record Goods Receipt -> Remove Payment Block,712.2854035087718,40.605999763750766,72.38572982456148,0.5609669179569782,1524.4053987837865,1524.4053987837865,False,leave_one_block_out
Record Goods Receipt -> Vendor creates invoice,513.5256383572769,36.72531024657077,82.32371808213622,0.44610849828149285,1248.0318432886916,1248.0318432886916,False,leave_one_block_out
Record Invoice Receipt -> Cancel Invoice Receipt,1569.344543787253,360.37385233503494,29.532772810637372,12.202506505086184,2160.0,2100.934454378725,True,leave_one_block_out
Record Invoice Receipt -> Change Price,1514.8658223889925,211.50218543762847,32.256708880550406,6.556843297958286,2160.0,2095.4865822388992,True,leave_one_block_out
Record Invoice Receipt -> Clear Invoice,2160.0,634.5767543990303,0.0,,2160.0,2160.0,True,leave_one_block_out
Record Invoice Receipt -> Record Goods Receipt,363.2275324326138,24.990739583545565,89.83862337836939,0.27817367011839844,863.0423241035246,863.0423241035246,False,leave_one_block_out
Record Invoice Receipt -> Record Invoice Receipt,810.5301231104874,70.41918994712213,67.4734938444757,1.0436570856911038,2160.0,2025.0530123110489,True,leave_one_block_out
Record Invoice Receipt -> Remove Payment Block,1668.4013520971293,609.451933376937,24.579932395143555,24.79469526520549,2160.0,2110.840135209713,True,leave_one_block_out
Record Invoice Receipt -> Vendor creates invoice,811.8329109062979,81.34641322453693,67.40835445468517,1.206770494289718,2160.0,2025.1832910906298,True,leave_one_block_out
Record Service Entry Sheet -> Record Goods Receipt,48.87165254866989,3.295545803711236,105.5564173725666,0.031220705341669982,114.78256862289456,114.78256862289456,False,leave_one_block_out
Record Service Entry Sheet -> Record Invoice Receipt,930.7698825931595,110.30207385807859,61.46150587034208,1.794652966863024,2160.0,2037.076988259316,True,leave_one_block_out
Record Service Entry Sheet -> Record Service Entry Sheet,0.3469238099001899,0.024196586272761268,107.9826538095051,0.00022407845537346277,0.8308555353554148,0.8308555353554148,False,leave_one_block_out
Record Service Entry Sheet -> Vendor creates invoice,823.1975598526703,166.30616634859933,66.84012200736655,2.488118832731492,2160.0,2026.3197559852672,True,leave_one_block_out
Release Purchase Order -> Change Approval for Purchase Order,433.43181818181813,77.19013016635779,86.32840909090918,0.894145171667322,1977.2344215089724,1977.2344215089724,False,leave_one_block_out
Remove Payment Block -> Clear Invoice,2160.0,671.8934741493056,0.0,,2160.0,2160.0,True,leave_one_block_out
SRM: Awaiting Approval -> SRM: Document Completed,0.0,0.0,108.0000000000001,0.0,0.0,0.0,False,leave_one_block_out
SRM: Complete -> SRM: Awaiting Approval,0.0,0.0,108.0000000000001,0.0,0.0,0.0,False,leave_one_block_out
SRM: Created -> SRM: Complete,2.0217827626918536,0.573124782625168,107.89891086186549,0.005311682741254865,13.484278415195202,13.484278415195202,False,leave_one_block_out
SRM: Document Completed -> SRM: In Transfer to Execution Syst.,3.159692671394796,0.5905274389789326,107.84201536643036,0.005475856853865466,14.970241450973436,14.970241450973436,False,leave_one_block_out
SRM: In Transfer to Execution Syst. -> SRM: Ordered,0.0005931198102016601,3.404517453798735e-05,107.99997034400958,3.152331841346263e-07,0.0012740233009614064,0.0012740233009614064,False,leave_one_block_out
Vendor creates debit memo -> Record Goods Receipt,467.84608501118544,44.105755365964725,84.6076957494408,0.5212972055944005,1349.9611923304792,1349.9611923304792,False,leave_one_block_out
Vendor creates debit memo -> Record Invoice Receipt,1507.448796147672,236.36482278282884,32.62756019261643,7.244330295843508,2160.0,2094.7448796147673,True,leave_one_block_out
Vendor creates debit memo -> Vendor creates invoice,149.8272800645681,11.252071947423067,100.50863599677167,0.11195129488957031,374.86871901302925,374.86871901302925,False,leave_one_block_out
Vendor creates invoice -> Change Quantity,563.7522426095819,46.299852356957494,79.81238786952098,0.5801085970845716,1489.749289748731,1489.749289748731,False,leave_one_block_out
Vendor creates invoice -> Clear Invoice,2160.0,895.9489018752654,0.0,,2160.0,2160.0,True,leave_one_block_out
Vendor creates invoice -> Create Purchase Order Item,2140.7965116279065,417.40527181684547,0.9601744186046752,434.7181759158076,2160.0,2158.0796511627905,True,leave_one_block_out
Vendor creates invoice -> Record Goods Receipt,275.67721465640744,12.845198364170463,94.21613926717971,0.1363375581305007,532.5811819398165,532.5811819398165,False,leave_one_block_out
Vendor creates invoice -> Record Invoice Receipt,1448.0267139587402,108.00678177892847,35.59866430206302,3.034012199515846,2160.0,2088.8026713958743,True,leave_one_block_out
Vendor creates invoice -> Vendor creates debit memo,118.96348645465243,11.125159676378935,102.05182567726747,0.10901480304293192,341.4666799822309,341.4666799822309,False,leave_one_block_out
Vendor creates invoice -> Vendor creates invoice,876.7167919799497,114.82290021927868,64.16416040100258,1.789517691834156,2160.0,2031.671679197995,True,leave_one_block_out
Cancel Invoice Receipt -> Clear Invoice,1304.125244618395,238.1734025355228,42.79373776908029,5.565613450751432,2160.0,2074.4125244618394,True,grid_12h
Change Approval for Purchase Order -> Change Approval for Purchase Order,1913.009708737864,470.0546205387665,12.34951456310681,38.06259899016737,2160.0,2135.3009708737864,True,grid_12h
Change Price -> Change Quantity,1687.3576642335765,259.5505836635972,23.632116788321195,10.982959587939453,2160.0,2112.7357664233577,True,grid_12h
Change Price -> Record Goods Receipt,1044.8033472803345,118.70457070372404,55.75983263598332,2.128854501387452,2160.0,2048.4803347280335,True,grid_12h
Change Price -> Remove Payment Block,414.68812877263554,46.293901591366385,87.2655935613683,0.5304943185748326,1340.5661605999626,1340.5661605999626,False,grid_12h
Change Price -> Vendor creates invoice,1180.9064039408863,143.56525149930062,48.95467980295573,2.9326154736821013,2160.0,2062.090640394089,True,grid_12h
Change Quantity -> Change Delivery Indicator,824.7747035573115,60.71146245059296,66.76126482213448,0.9093815495009058,2039.0039525691695,2026.477470355731,False,grid_12h
Change Quantity -> Change Quantity,940.4359197907581,84.3521892341819,60.97820401046215,1.3833170491493885,2160.0,2038.043591979076,True,grid_12h
Change Quantity -> Record Goods Receipt,974.7967323402207,112.0043167915633,59.26016338298901,1.8900440092899713,2160.0,2041.479673234022,True,grid_12h
Change Quantity -> Vendor creates invoice,1400.0628844839368,180.67997831569525,37.99685577580319,4.75512972393769,2160.0,2084.0062884483937,True,grid_12h
Clear Invoice -> Clear Invoice,1246.3707571801563,302.8692978803659,45.68146214099223,6.630026353919751,2160.0,2068.6370757180157,True,grid_12h
Clear Invoice -> Record Invoice Receipt,1110.8248587570617,141.09684858468069,52.45875706214696,2.6896719725464666,2160.0,2055.082485875706,True,grid_12h
Create Purchase Order Item -> Change Approval for Purchase Order,325.66320166320145,41.87598997187234,91.71683991684,0.45657907544395837,1163.1830011006475,1163.1830011006475,False,grid_12h
Create Purchase Order Item -> Change Price,1134.3075489282382,143.41465996719518,51.284622553588136,2.7964456561484656,2160.0,2057.4307548928236,True,grid_12h
Create Purchase Order Item -> Change Quantity,1421.7509353287007,108.86373179436484,36.912453233564996,2.9492413063289318,2160.0,2086.17509353287,True,grid_12h
Create Purchase Order Item -> Delete Purchase Order Item,1053.403057119871,94.60793243698421,55.3298471440065,1.7098896404096147,2160.0,2049.340305711987,True,grid_12h
Create Purchase Order Item -> Receive Order Confirmation,198.56522637998745,11.636928660301935,98.07173868100071,0.11865730960632331,431.30379958602595,431.30379958602595,False,grid_12h
Create Purchase Order Item -> Record Goods Receipt,1268.5124578042114,104.11407982832763,44.57437710978947,2.3357383003219128,2160.0,2070.851245780421,True,grid_12h
Create Purchase Order Item -> Record Invoice Receipt,715.4853801169588,152.70389958636423,72.22573099415213,2.114258969545468,2160.0,2015.5485380116959,True,grid_12h
Create Purchase Order Item -> Record Service Entry Sheet,243.4123222748813,15.31144999700037,95.82938388625602,0.15977823686286224,549.6413222148884,549.6413222148884,False,grid_12h
Create Purchase Order Item -> Vendor creates debit memo,1260.6357615894037,166.70321042512288,44.96821192052985,3.707134513592166,2160.0,2070.06357615894,True,grid_12h
Create Purchase Order Item -> Vendor creates invoice,1335.3695347309742,87.84840551346662,41.23152326345132,2.1306126613890517,2160.0,2077.5369534730976,True,grid_12h
Create Purchase Requisition Item -> Create Purchase Order Item,361.21100917431164,19.763937832516383,89.9394495412845,0.21974715137036982,756.4897658246389,756.4897658246389,False,grid_12h
Receive Order Confirmation -> Delete Purchase Order Item,1059.9999999999995,181.86282125603864,55.00000000000007,3.3065967501097893,2160.0,2050.0,True,grid_12h
Receive Order Confirmation -> Record Goods Receipt,703.4438786805399,37.37098897950929,72.82780606597306,0.5131417654632594,1450.863658270725,1450.863658270725,False,grid_12h
Receive Order Confirmation -> Vendor creates invoice,665.5536284801459,73.80448056402814,74.72231857599276,0.9877166818501332,2141.6432397607073,2010.5553628480143,False,grid_12h
Record Goods Receipt -> Cancel Goods Receipt,822.3206106870224,75.28479055744438,66.88396946564893,1.1256029084235206,2160.0,2026.232061068702,True,grid_12h
Record Goods Receipt -> Change Quantity,671.3073593073591,50.517638938260795,74.43463203463212,0.6786846063100911,1681.6601380725742,1681.6601380725742,False,grid_12h
Record Goods Receipt -> Record Goods Receipt,113.04478191633969,4.4567133506413015,102.3477609041831,0.043544805585083876,202.17904892916562,202.17904892916562,False,grid_12h
Record Goods Receipt -> Record Invoice Receipt,1478.5277963831209,105.71214990591012,34.073610180843986,3.102464028462149,2160.0,2091.8527796383123,True,grid_12h
Record Goods Receipt -> Record Service Entry Sheet,15.696638896868702,0.5847692678873836,107.21516805515667,0.0054541654739238945,27.392024254616363,27.392024254616363,False,grid_12h
Record Goods Receipt -> Remove Payment Block,711.5115789473681,37.84689469091008,72.42442105263167,0.5225708972310086,1468.449472765569,1468.449472765569,False,grid_12h
Record Goods Receipt -> Vendor creates invoice,514.2614345905882,33.896700084814796,82.28692827047067,0.4119329861651781,1192.1954362868837,1192.1954362868837,False,grid_12h
Record Invoice Receipt -> Cancel Invoice Receipt,1568.8473177441538,321.3145234340927,29.55763411279234,10.870779515300583,2160.0,2100.8847317744153,True,grid_12h
Record Invoice Receipt -> Change Price,1515.0168855534703,203.4108818011257,32.24915572232651,6.307479288839232,2160.0,2095.501688555347,True,grid_12h
Record Invoice Receipt -> Clear Invoice,2160.0,601.6948237776397,0.0,,2160.0,2160.0,True,grid_12h
Record Invoice Receipt -> Record Goods Receipt,363.0586811857228,23.47993843367141,89.84706594071393,0.26133227822002303,832.6574498591506,832.6574498591506,False,grid_12h
Record Invoice Receipt -> Record Invoice Receipt,810.479663394109,63.86886500610407,67.4760168302946,0.9465417196562939,2087.8569635161894,2025.0479663394108,False,grid_12h
Record Invoice Receipt -> Remove Payment Block,1668.3377483443705,586.0881466371229,24.583112582781496,23.8410878469324,2160.0,2110.833774834437,True,grid_12h
Record Invoice Receipt -> Vendor creates invoice,813.1520737327186,76.66081531371854,67.34239631336412,1.1383737364645157,2160.0,2025.3152073732717,True,grid_12h
Record Service Entry Sheet -> Record Goods Receipt,48.55104770396785,3.1004481828584285,105.5724476148017,0.02936796723867689,110.56001136113636,110.56001136113636,False,grid_12h
Record Service Entry Sheet -> Record Invoice Receipt,930.7810107197547,104.13471362940277,61.460949464012316,1.6943232172223037,2160.0,2037.0781010719754,True,grid_12h
Record Service Entry Sheet -> Record Service Entry Sheet,0.3414524904164084,0.022111392919338436,107.98292737547928,0.00020476748923885428,0.7836803488031767,0.7836803488031767,False,grid_12h
Record Service Entry Sheet -> Vendor creates invoice,822.8287292817678,154.28325585072574,66.85856353591167,2.3076065008165445,2160.0,2026.2828729281769,True,grid_12h
Release Purchase Order -> Change Approval for Purchase Order,431.5524475524475,70.0923076923077,86.4223776223777,0.811043500776799,1833.3986013986002,1833.3986013986002,False,grid_12h
Remove Payment Block -> Clear Invoice,2160.0,628.6716396968599,0.0,,2160.0,2160.0,True,grid_12h
SRM: Awaiting Approval -> SRM: Document Completed,0.0,0.0,108.0000000000001,0.0,0.0,0.0,False,grid_12h
SRM: Complete -> SRM: Awaiting Approval,0.0,0.0,108.0000000000001,0.0,0.0,0.0,False,grid_12h
SRM: Created -> SRM: Complete,0.0,0.0,108.0000000000001,0.0,0.0,0.0,False,grid_12h
SRM: Document Completed -> SRM: In Transfer to Execution Syst.,2.5531914893617,0.39848024316109293,107.872340425532,0.00369399830938291,10.522796352583551,10.522796352583551,False,grid_12h
SRM: In Transfer to Execution Syst. -> SRM: Ordered,0.0,0.0,108.0000000000001,0.0,0.0,0.0,False,grid_12h
Vendor creates debit memo -> Record Goods Receipt,468.1610738255031,39.13867859970954,84.59194630872491,0.46267618026980817,1250.9346458196933,1250.9346458196933,False,grid_12h
Vendor creates debit memo -> Record Invoice Receipt,1507.6276083467094,200.3902536115569,32.61861958266456,6.14343145649413,2160.0,2094.762760834671,True,grid_12h
Vendor creates debit memo -> Vendor creates invoice,149.90799031476988,10.34188861985474,100.50460048426159,0.10289965404592816,356.7457627118645,356.7457627118645,False,grid_12h
Vendor creates invoice -> Change Quantity,564.6972477064216,41.934483909004605,79.76513761467899,0.5257244601216297,1403.386925886513,1403.386925886513,False,grid_12h
Vendor creates invoice -> Clear Invoice,2160.0,785.819696059071,0.0,,2160.0,2160.0,True,grid_12h
Vendor creates invoice -> Create Purchase Order Item,2140.3970504821327,382.2997415083907,0.9801474758933645,390.0430811801459,2160.0,2158.0397050482134,True,grid_12h
Vendor creates invoice -> Record Goods Receipt,275.33244229310395,11.886147310449648,94.2333778853449,0.12613521426464935,513.0553885020967,513.0553885020967,False,grid_12h
Vendor creates invoice -> Record Invoice Receipt,1447.8353872038558,104.7462661571183,35.60823063980724,2.9416307487072975,2160.0,2088.783538720386,True,grid_12h
Vendor creates invoice -> Vendor creates debit memo,119.01060070671367,10.863536225723333,102.04946996466441,0.1064536271426489,336.28132522118017,336.28132522118017,False,grid_12h
Vendor creates invoice -> Vendor creates invoice,876.9924812030073,102.93719573364469,64.1503759398497,1.6046234215394666,2160.0,2031.6992481203006,True,grid_12h
Cancel Invoice Receipt -> Clear Invoice,1303.8904109589039,238.19688590147194,42.80547945205485,5.5646353913234226,2160.0,2074.38904109589,True,grid_24h
Change Approval for Purchase Order -> Change Approval for Purchase Order,1914.407766990291,470.198889648571,12.279611650485458,38.291022797124235,2160.0,2135.440776699029,True,grid_24h
Change Price -> Change Quantity,1676.846715328467,258.3538919658605,24.157664233576668,10.694489726650607,2160.0,2111.6846715328466,True,grid_24h
Change Price -> Record Goods Receipt,1043.4476987447697,119.2086029648422,55.827615062761566,2.135298146460807,2160.0,2048.344769874477,True,grid_24h
Change Price -> Remove Payment Block,414.0362173038226,47.02911285897202,87.29818913480895,0.5387180802381594,1354.6184744832622,1354.6184744832622,False,grid_24h
Change Price -> Vendor creates invoice,1179.0738916256155,144.94675832521554,49.04630541871927,2.9553043208407375,2160.0,2061.9073891625617,True,grid_24h
Change Quantity -> Change Delivery Indicator,825.5810276679834,60.687747035573196,66.72094861660088,0.9095756024738749,2039.3359683794465,2026.5581027667981,False,grid_24h
Change Quantity -> Change Quantity,941.0636442894504,84.35551563750832,60.946817785527536,1.3840840047524092,2160.0,2038.106364428945,True,grid_24h
Change Quantity -> Record Goods Receipt,974.1624219125417,112.0710657991004,59.291878904372965,1.8901587851491546,2160.0,2041.416242191254,True,grid_24h
Change Quantity -> Vendor creates invoice,1395.8222829801773,179.0988304617343,38.208885850991166,4.687360713949956,2160.0,2083.582228298018,True,grid_24h
Clear Invoice -> Clear Invoice,1246.0574412532635,302.82712073636105,45.697127937336866,6.626830490345455,2160.0,2068.6057441253265,True,grid_24h
Clear Invoice -> Record Invoice Receipt,1112.1807909604518,141.29000534627994,52.390960451977456,2.6968393808277105,2160.0,2055.218079096045,True,grid_24h
Create Purchase Order Item -> Change Approval for Purchase Order,323.8087318087316,41.15553503729977,91.8095634095635,0.44827067583040847,1146.9194325547262,1146.9194325547262,False,grid_24h
Create Purchase Order Item -> Change Price,1134.6803355079214,143.71146089728046,51.26598322460397,2.8032518223177143,2160.0,2057.468033550792,True,grid_24h
Create Purchase Order Item -> Change Quantity,1423.1191876002133,108.79283693877468,36.844040619989364,2.9527933176729326,2160.0,2086.3119187600214,True,grid_24h
Create Purchase Order Item -> Delete Purchase Order Item,1052.2799678197905,94.26530269969814,55.38600160901053,1.7019698111654713,2160.0,2049.227996781979,True,grid_24h
Create Purchase Order Item -> Receive Order Confirmation,199.0357659706428,12.239005010555253,98.04821170146795,0.12482639711798042,443.81586618174765,443.81586618174765,False,grid_24h
Create Purchase Order Item -> Record Goods Receipt,1270.0298987301076,103.2688752456111,44.49850506349466,2.32072684460427,2160.0,2071.002989873011,True,grid_24h
Create Purchase Order Item -> Record Invoice Receipt,716.7251461988302,150.47268577948935,72.16374269005856,2.0851563426493236,2160.0,2015.6725146198833,True,grid_24h
Create Purchase Order Item -> Record Service Entry Sheet,242.50236966824622,15.272402663627041,95.87488151658778,0.15929513989526745,547.9504229407868,547.9504229407868,False,grid_24h
Create Purchase Order Item -> Vendor creates debit memo,1258.0132450331123,161.45227088229012,45.099337748344425,3.5799255364501876,2160.0,2069.801324503311,True,grid_24h
Create Purchase Order Item -> Vendor creates invoice,1331.6870750714497,87.17282286243909,41.41564624642755,2.1048282657175363,2160.0,2077.168707507145,True,grid_24h
Create Purchase Requisition Item -> Create Purchase Order Item,358.67889908256853,20.910869255582025,90.06605504587165,0.23217258982789782,776.8962841942086,776.8962841942086,False,grid_24h
Receive Order Confirmation -> Delete Purchase Order Item,1058.260869565217,180.67149758454104,55.0869565217392,3.279750942734364,2160.0,2049.826086956522,True,grid_24h
Receive Order Confirmation -> Record Goods Receipt,703.7892406464465,37.826100761549576,72.81053796767773,0.519514095313256,1460.3112558774374,1460.3112558774374,False,grid_24h
Receive Order Confirmation -> Vendor creates invoice,664.5732542218163,75.52006533206058,74.77133728890925,1.0100135703104829,2160.0,2010.4573254221818,True,grid_24h
Record Goods Receipt -> Cancel Goods Receipt,821.8625954198468,74.94664186285205,66.90687022900771,1.120163618569004,2160.0,2026.1862595419843,True,grid_24h
Record Goods Receipt -> Change Quantity,670.9610389610388,50.4177915980733,74.45194805194812,0.6771856602448438,1679.3168709225038,1679.3168709225038,False,grid_24h
Record Goods Receipt -> Record Goods Receipt,112.99491202858576,4.4689587222486615,102.3502543985708,0.04366338655931143,202.37408647355892,202.37408647355892,False,grid_24h
Record Goods Receipt -> Record Invoice Receipt,1477.6336235766908,106.29609916689115,34.118318821165495,3.1155139772288476,2160.0,2091.7633623576694,True,grid_24h
Record Goods Receipt -> Record Service Entry Sheet,15.811548405630553,0.5684884191862285,107.20942257971856,0.005302597528342372,27.181316789355115,27.181316789355115,False,grid_24h
Record Goods Receipt -> Remove Payment Block,713.7347368421049,39.68511408659548,72.31326315789482,0.5487944030397811,1507.437018574014,1507.437018574014,False,grid_24h
Record Goods Receipt -> Vendor creates invoice,512.5125133255494,33.31572004250622,82.3743743337226,0.404442768906924,1178.8269141756732,1178.8269141756732,False,grid_24h
Record Invoice Receipt -> Cancel Invoice Receipt,1569.507565337001,318.0235515147449,29.52462173314997,10.771469128008201,2160.0,2100.9507565337,True,grid_24h
Record Invoice Receipt -> Change Price,1514.3414634146336,203.624765478424,32.28292682926835,6.307506334704873,2160.0,2095.4341463414635,True,grid_24h
Record Invoice Receipt -> Clear Invoice,2160.0,601.7644738517167,0.0,,2160.0,2160.0,True,grid_24h
Record Invoice Receipt -> Record Goods Receipt,363.9540229885056,23.642729491125518,89.8022988505748,0.2632753258406612,836.8086128110156,836.8086128110156,False,grid_24h
Record Invoice Receipt -> Record Invoice Receipt,810.5918653576434,64.02701113562648,67.4704067321179,0.9489643569192795,2091.132088070172,2025.0591865357646,False,grid_24h
Record Invoice Receipt -> Remove Payment Block,1668.2384105960261,583.6717536808436,24.588079470198714,23.73799687723746,2160.0,2110.8238410596027,True,grid_24h
Record Invoice Receipt -> Vendor creates invoice,809.2534562211979,80.25792272243883,67.53732718894017,1.1883491109725435,2160.0,2024.92534562212,True,grid_24h
Record Service Entry Sheet -> Record Goods Receipt,48.09629959875163,3.0859482118950288,105.59518502006252,0.029224326954952685,109.81526383665215,109.81526383665215,False,grid_24h
Record Service Entry Sheet -> Record Invoice Receipt,928.5758039816229,100.832539050536,61.571209800918915,1.6376572650848114,2160.0,2036.8575803981626,True,grid_24h
Record Service Entry Sheet -> Record Service Entry Sheet,0.33512929614943787,0.02242755263268652,107.98324353519263,0.00020769474872624286,0.7836803488031678,0.7836803488031678,False,grid_24h
Record Service Entry Sheet -> Vendor creates invoice,821.1712707182319,158.6564420139167,66.94143646408847,2.370078241434658,2160.0,2026.1171270718232,True,grid_24h
Release Purchase Order -> Change Approval for Purchase Order,431.5524475524475,72.13986013986015,86.4223776223777,0.8347358881408591,1874.3496503496492,1874.3496503496492,False,grid_24h
Remove Payment Block -> Clear Invoice,2160.0,629.803687539339,0.0,,2160.0,2160.0,True,grid_24h
SRM: Awaiting Approval -> SRM: Document Completed,0.0,0.0,108.0000000000001,0.0,0.0,0.0,False,grid_24h
SRM: Complete -> SRM: Awaiting Approval,0.0,0.0,108.0000000000001,0.0,0.0,0.0,False,grid_24h
SRM: Created -> SRM: Complete,0.0,0.0,108.0000000000001,0.0,0.0,0.0,False,grid_24h
SRM: Document Completed -> SRM: In Transfer to Execution Syst.,1.7021276595744665,0.0851063829787222,107.91489361702136,0.0007886435331230165,3.404255319148909,3.404255319148909,False,grid_24h
SRM: In Transfer to Execution Syst. -> SRM: Ordered,0.0,0.0,108.0000000000001,0.0,0.0,0.0,False,grid_24h
Vendor creates debit memo -> Record Goods Receipt,466.79194630872456,39.47429173211476,84.66040268456385,0.466266288375594,1256.277780951019,1256.277780951019,False,grid_24h
Vendor creates debit memo -> Record Invoice Receipt,1505.643659711075,200.68391653290524,32.717817014446275,6.133780760626387,2160.0,2094.5643659711077,True,grid_24h
Vendor creates debit memo -> Vendor creates invoice,149.90799031476988,10.34188861985474,100.50460048426159,0.10289965404592816,356.7457627118645,356.7457627118645,False,grid_24h
Vendor creates invoice -> Change Quantity,562.201834862385,42.058514279140645,79.88990825688082,0.5264559090981081,1403.3721204451972,1403.3721204451972,False,grid_24h
Vendor creates invoice -> Clear Invoice,2160.0,783.4582295870181,0.0,,2160.0,2160.0,True,grid_24h
Vendor creates invoice -> Create Purchase Order Item,2141.6222348269994,382.7711878453837,0.9188882586500321,416.55901492062264,2160.0,2158.1622234827,True,grid_24h
Vendor creates invoice -> Record Goods Receipt,277.2453852544882,12.550290358071745,94.13773073727567,0.1333183863662247,528.2511924159229,528.2511924159229,False,grid_24h
Vendor creates invoice -> Record Invoice Receipt,1447.0501568823606,106.32705725522047,35.647492155882,2.982735974532672,2160.0,2088.705015688236,True,grid_24h
Vendor creates invoice -> Vendor creates debit memo,119.01060070671367,10.863536225723333,102.04946996466441,0.1064536271426489,336.28132522118017,336.28132522118017,False,grid_24h
Vendor creates invoice -> Vendor creates invoice,876.9924812030073,102.93719573364469,64.1503759398497,1.6046234215394666,2160.0,2031.6992481203006,True,grid_24h
Cancel Invoice Receipt -> Clear Invoice,1084.6291585127203,238.2837328767123,107.53708414872794,2.215828472224118,2160.0,2052.462915851272,True,alpha_090
Change Approval for Purchase Order -> Change Approval for Purchase Order,1636.0281553398056,469.52996001413015,52.397184466019425,8.960976907425804,2160.0,2107.6028155339804,True,alpha_090
Change Price -> Change Quantity,1403.9003649635035,259.9213074049133,75.60996350364962,3.437659474499907,2160.0,2084.39003649635,True,alpha_090
Change Price -> Record Goods Receipt,880.586959553696,119.34419099818884,127.94130404463037,0.9328042408928194,2074.028869535585,2032.0586959553696,False,alpha_090
Change Price -> Remove Payment Block,218.25486250838364,47.187687214194256,194.17451374916158,0.2430168939429004,690.1317346503263,690.1317346503263,False,alpha_090
Change Price -> Vendor creates invoice,965.1647783251232,143.83948560717639,119.48352216748765,1.2038437016072177,2160.0,2040.5164778325125,True,alpha_090
Change Quantity -> Change Delivery Indicator,416.32345191040855,60.39904479578401,174.36765480895912,0.3463890413732895,1020.3138998682487,1020.3138998682487,False,alpha_090
Change Quantity -> Change Quantity,720.366143562918,84.29731726528175,143.9633856437082,0.5855469214506203,1563.3393162157356,1563.3393162157356,False,alpha_090
Change Quantity -> Record Goods Receipt,753.0441214159858,111.92391122958614,140.69558785840138,0.7955040590343773,1872.2832337118475,1872.2832337118475,False,alpha_090
Change Quantity -> Vendor creates invoice,1095.761244019139,180.4664390469382,106.42387559808608,1.6957326354893967,2160.0,2053.576124401914,True,alpha_090
Clear Invoice -> Clear Invoice,1043.3288511749345,302.22152308802663,111.66711488250652,2.7064505374390384,2160.0,2048.3328851174933,True,alpha_090
Clear Invoice -> Record Invoice Receipt,790.9083490269933,140.5769739031697,136.90916509730064,1.0267900896427375,2160.0,2023.0908349026995,True,alpha_090
Create Purchase Order Item -> Change Approval for Purchase Order,199.26279741279745,39.88372785964698,196.07372025872021,0.20341189939692178,598.1000760092674,598.1000760092674,False,alpha_090
Create Purchase Order Item -> Change Price,856.5661851506678,143.52988229987565,130.3433814849332,1.1011673984878683,2160.0,2029.6566185150668,True,alpha_090
Create Purchase Order Item -> Change Quantity,1147.1341944295978,108.8737315276878,101.2865805570402,1.0749077610175106,2160.0,2058.7134194429595,True,alpha_090
Create Purchase Order Item -> Delete Purchase Order Item,753.4345669080185,92.90312064342369,140.65654330919813,0.6604962588850167,1682.4657733422555,1682.4657733422555,False,alpha_090
Create Purchase Order Item -> Receive Order Confirmation,112.87782142282867,11.905230778015813,204.7122178577171,0.058155936673454485,231.93012920298685,231.93012920298685,False,alpha_090
Create Purchase Order Item -> Record Goods Receipt,1030.7774303881122,103.84917530370471,112.92225696118875,0.9196519632032997,2069.2691834251596,2047.0777430388111,False,alpha_090
Create Purchase Order Item -> Record Invoice Receipt,566.9795321637428,151.71910632498134,159.30204678362568,0.9523989765872627,2084.1705954135564,2000.6979532163741,False,alpha_090
Create Purchase Order Item -> Record Service Entry Sheet,121.85244865718805,15.310412942188044,203.81475513428114,0.07511925685704622,274.95657807906855,274.95657807906855,False,alpha_090
Create Purchase Order Item -> Vendor creates debit memo,1037.5100441501106,165.41390126041446,112.24899558498892,1.4736336873070006,2160.0,2047.7510044150113,True,alpha_090
Create Purchase Order Item -> Vendor creates invoice,1040.331729773549,87.77796575866755,111.96682702264509,0.7839640373207558,1918.1113873602244,1918.1113873602244,False,alpha_090
Create Purchase Requisition Item -> Create Purchase Order Item,205.36360856269113,20.215818793638213,195.46363914373086,0.10342495863782038,407.5217964990733,407.5217964990733,False,alpha_090
Receive Order Confirmation -> Delete Purchase Order Item,798.7511473429952,180.47549420289855,136.12488526570044,1.3258082374183877,2160.0,2023.8751147342994,True,alpha_090
Receive Order Confirmation -> Record Goods Receipt,519.524333997491,37.50101279227991,164.0475666002509,0.22859840940927773,894.5344619202901,894.5344619202901,False,alpha_090
Receive Order Confirmation -> Vendor creates invoice,530.7461052791725,73.87189481750127,162.9253894720827,0.4534093492540598,1269.4650534541854,1269.4650534541854,False,alpha_090
Record Goods Receipt -> Cancel Goods Receipt,504.4503180661578,74.67840544614795,165.55496819338418,0.45107921713902516,1251.2343725276373,1251.2343725276373,False,alpha_090
Record Goods Receipt -> Change Quantity,495.9888888888889,50.678815133351414,166.40111111111108,0.30455815345795156,1002.7770402224031,1002.7770402224031,False,alpha_090
Record Goods Receipt -> Record Goods Receipt,56.78829766574747,4.4476235317257915,210.32117023342522,0.021146818110557252,101.2645329830054,101.2645329830054,False,alpha_090
Record Goods Receipt -> Record Invoice Receipt,1210.3287759544544,105.5169447550497,94.96712240455454,1.1110892073317071,2160.0,2065.0328775954454,True,alpha_090
Record Goods Receipt -> Record Service Entry Sheet,7.988076542500561,0.5831238483576162,215.20119234574992,0.002709668296915143,13.819315026076724,13.819315026076724,False,alpha_090
Record Goods Receipt -> Remove Payment Block,423.2404210526317,38.08085869295344,173.6759578947368,0.21926384719313802,804.0490079821661,804.0490079821661,False,alpha_090
Record Goods Receipt -> Vendor creates invoice,386.2139271028986,33.7120137757311,177.3786072897101,0.1900568185241737,723.3340648602098,723.3340648602098,False,alpha_090
Record Invoice Receipt -> Cancel Invoice Receipt,1342.2976845483722,319.7264577112759,81.77023154516276,3.910059341518274,2160.0,2078.229768454837,True,alpha_090
Record Invoice Receipt -> Change Price,1174.5141651031895,203.7643006045445,98.54858348968102,2.0676532669379317,2160.0,2061.451416510319,True,alpha_090
Record Invoice Receipt -> Clear Invoice,2152.8512572413356,602.001861731894,0.714874275866441,842.1087204491397,2160.0,2159.2851257241336,True,alpha_090
Record Invoice Receipt -> Record Goods Receipt,259.10602944141965,23.06251002215268,190.089397055858,0.12132454718332203,489.7311296629465,489.7311296629465,False,alpha_090
Record Invoice Receipt -> Record Invoice Receipt,532.1217858812531,63.487542430402804,162.78782141187466,0.3900017942360132,1166.9972101852813,1166.9972101852813,False,alpha_090
Record Invoice Receipt -> Remove Payment Block,1340.0514072847684,585.2157226982888,81.99485927152314,7.137224551607159,2160.0,2078.005140728477,True,alpha_090
Record Invoice Receipt -> Vendor creates invoice,598.2833333333334,77.34445037220843,156.17166666666662,0.4952527691037114,1371.727837055418,1371.727837055418,False,alpha_090
Record Service Entry Sheet -> Record Goods Receipt,24.470712587308668,3.087495582470143,213.55292874126908,0.014457753404125919,55.3456684120101,55.3456684120101,False,alpha_090
Record Service Entry Sheet -> Record Invoice Receipt,706.4789943848903,103.63172897736942,145.35210056151095,0.7129702878529364,1742.7962841585847,1742.7962841585847,False,alpha_090
Record Service Entry Sheet -> Record Service Entry Sheet,0.17346190495009514,0.022055790201206765,215.98265380950494,0.00010211834058053479,0.3940198069621629,0.3940198069621629,False,alpha_090
Record Service Entry Sheet -> Vendor creates invoice,728.4456261510129,155.08642784590376,143.15543738489868,1.0833429080931554,2160.0,2016.8445626151015,True,alpha_090
Release Purchase Order -> Change Approval for Purchase Order,410.5075757575758,72.74717948717948,174.94924242424239,0.41581877394342487,1137.9793706293708,1137.9793706293708,False,alpha_090
Remove Payment Block -> Clear Invoice,2109.7127670940176,628.0003006964268,5.0287232905982355,124.88265199847925,2160.0,2154.9712767094015,True,alpha_090
SRM: Awaiting Approval -> SRM: Document Completed,0.0,0.0,215.99999999999994,0.0,0.0,0.0,False,alpha_090
SRM: Complete -> SRM: Awaiting Approval,0.0,0.0,215.99999999999994,0.0,0.0,0.0,False,alpha_090
SRM: Created -> SRM: Complete,2.01922471467926,0.524690537211978,215.79807752853202,0.0024313957900880994,7.266130086799041,7.266130086799041,False,alpha_090
SRM: Document Completed -> SRM: In Transfer to Execution Syst.,1.5859929078014192,0.5605501059224455,215.8414007092198,0.002597046276018265,7.191493967025875,7.191493967025875,False,alpha_090
SRM: In Transfer to Execution Syst. -> SRM: Ordered,0.00029655990510083044,2.9655990510083866e-05,215.99997034400945,1.372962712117629e-07,0.0005931198102016692,0.0005931198102016692,False,alpha_090
Vendor creates debit memo -> Record Goods Receipt,344.2719239373602,38.999459269418246,181.57280760626392,0.2147868933876244,734.2665166315428,734.2665166315428,False,alpha_090
Vendor creates debit memo -> Record Invoice Receipt,1254.9291599785981,200.55803172819682,90.50708400214016,2.2159373925189585,2160.0,2069.4929159978597,True,alpha_090
Vendor creates debit memo -> Vendor creates invoice,78.41000807102503,10.324374495560956,208.15899919289745,0.04959850179714561,181.6537530266346,181.6537530266346,False,alpha_090
Vendor creates invoice -> Change Quantity,378.20438328236503,42.20922277903999,178.17956167176345,0.23689149520300445,800.296611072765,800.296611072765,False,alpha_090
Vendor creates invoice -> Clear Invoice,2135.1238716693856,784.8687770098167,2.487612833061439,315.5108249075478,2160.0,2157.5123871669384,True,alpha_090
Vendor creates invoice -> Create Purchase Order Item,1732.7194649272071,382.1909584806306,42.72805350727928,8.944731320735672,2160.0,2117.271946492721,True,alpha_090
Vendor creates invoice -> Record Goods Receipt,206.79340991462868,11.776208815541919,195.3206590085371,0.06029167050387232,324.5554980700479,324.5554980700479,False,alpha_090
Vendor creates invoice -> Record Invoice Receipt,1079.1573439134195,104.75572840659095,108.08426560865803,0.9692042390876878,2126.714627979329,2051.915734391342,False,alpha_090
Vendor creates invoice -> Vendor creates debit memo,59.481743227326284,10.861651655640884,210.05182567726735,0.05170938943577283,168.09825978373516,168.09825978373516,False,alpha_090
Vendor creates invoice -> Vendor creates invoice,740.5764411027569,102.90285989404569,141.94235588972427,0.7249623218455769,1769.605040043214,1769.605040043214,False,alpha_090
Cancel Invoice Receipt -> Clear Invoice,1304.4006523157207,0.0,42.779967384214004,0.0,1304.4006523157207,1304.4006523157207,False,radius_0
Change Approval for Purchase Order -> Change Approval for Purchase Order,1913.1543689320386,0.0,12.342281553398083,0.0,1913.1543689320386,1913.1543689320386,False,radius_0
Change Price -> Change Quantity,1683.1240875912404,0.0,23.843795620438,0.0,1683.1240875912404,1683.1240875912404,False,radius_0
Change Price -> Record Goods Receipt,1045.0849372384935,0.0,55.74575313807538,0.0,1045.0849372384935,1045.0849372384935,False,radius_0
Change Price -> Remove Payment Block,415.1710596914819,0.0,87.24144701542599,0.0,415.1710596914819,415.1710596914819,False,radius_0
Change Price -> Vendor creates invoice,1180.219950738916,0.0,48.98900246305425,0.0,1180.219950738916,1180.219950738916,False,radius_0
Change Quantity -> Change Delivery Indicator,824.459288537549,0.0,66.7770355731226,0.0,824.459288537549,824.459288537549,False,radius_0
Change Quantity -> Change Quantity,940.4609851787269,0.0,60.97695074106372,0.0,940.4609851787269,940.4609851787269,False,radius_0
Change Quantity -> Record Goods Receipt,974.5489748518337,0.0,59.27255125740837,0.0,974.5489748518337,974.5489748518337,False,radius_0
Change Quantity -> Vendor creates invoice,1398.5714627477785,0.0,38.07142686261111,0.0,1398.5714627477785,1398.5714627477785,False,radius_0
Clear Invoice -> Clear Invoice,1246.1610095735418,0.0,45.69194952132295,0.0,1246.1610095735418,1246.1610095735418,False,radius_0
Clear Invoice -> Record Invoice Receipt,1110.2870370370367,0.0,52.48564814814821,0.0,1110.2870370370367,1110.2870370370367,False,radius_0
Create Purchase Order Item -> Change Approval for Purchase Order,324.75630630630604,0.0,91.76218468468478,0.0,324.75630630630604,324.75630630630604,False,radius_0
Create Purchase Order Item -> Change Price,1135.6522884953915,0.0,51.217385575230466,0.0,1135.6522884953915,1135.6522884953915,False,radius_0
Create Purchase Order Item -> Change Quantity,1421.59933190807,0.0,36.92003340459653,0.0,1421.59933190807,1421.59933190807,False,radius_0
Create Purchase Order Item -> Delete Purchase Order Item,1052.837118977384,0.0,55.35814405113084,0.0,1052.837118977384,1052.837118977384,False,radius_0
Create Purchase Order Item -> Receive Order Confirmation,198.07033514804843,0.0,98.09648324259767,0.0,198.07033514804843,198.07033514804843,False,radius_0
Create Purchase Order Item -> Record Goods Receipt,1269.0554537498435,0.0,44.547227312507864,0.0,1269.0554537498435,1269.0554537498435,False,radius_0
Create Purchase Order Item -> Record Invoice Receipt,715.2726770630277,0.0,72.23636614684868,0.0,715.2726770630277,715.2726770630277,False,radius_0
Create Purchase Order Item -> Record Service Entry Sheet,243.7026066350709,0.0,95.81486966824654,0.0,243.7026066350709,243.7026066350709,False,radius_0
Create Purchase Order Item -> Vendor creates debit memo,1259.9575055187638,0.0,45.00212472406185,0.0,1259.9575055187638,1259.9575055187638,False,radius_0
Create Purchase Order Item -> Vendor creates invoice,1334.7359484375643,0.0,41.26320257812182,0.0,1334.7359484375643,1334.7359484375643,False,radius_0
Create Purchase Requisition Item -> Create Purchase Order Item,360.7418960244646,0.0,89.96290519877685,0.0,360.7418960244646,360.7418960244646,False,radius_0
Receive Order Confirmation -> Delete Purchase Order Item,1060.8398550724635,0.0,54.95800724637687,0.0,1060.8398550724635,1060.8398550724635,False,radius_0
Receive Order Confirmation -> Record Goods Receipt,703.3196775145742,0.0,72.83401612427134,0.0,703.3196775145742,703.3196775145742,False,radius_0
Receive Order Confirmation -> Vendor creates invoice,664.8382397687507,0.0,74.75808801156253,0.0,664.8382397687507,664.8382397687507,False,radius_0
Record Goods Receipt -> Cancel Goods Receipt,823.0315521628494,0.0,66.84842239185758,0.0,823.0315521628494,823.0315521628494,False,radius_0
Record Goods Receipt -> Change Quantity,671.0886724386721,0.0,74.44556637806646,0.0,671.0886724386721,671.0886724386721,False,radius_0
Record Goods Receipt -> Record Goods Receipt,112.77440737432184,0.0,102.361279631284,0.0,112.77440737432184,112.77440737432184,False,radius_0
Record Goods Receipt -> Record Invoice Receipt,1478.2952402880105,0.0,34.085237985599505,0.0,1478.2952402880105,1478.2952402880105,False,radius_0
Record Goods Receipt -> Record Service Entry Sheet,15.910526987774894,0.0,107.20447365061135,0.0,15.910526987774894,15.910526987774894,False,radius_0
Record Goods Receipt -> Remove Payment Block,712.2854035087718,0.0,72.38572982456148,0.0,712.2854035087718,712.2854035087718,False,radius_0
Record Goods Receipt -> Vendor creates invoice,513.5256383572769,0.0,82.32371808213622,0.0,513.5256383572769,513.5256383572769,False,radius_0
Record Invoice Receipt -> Cancel Invoice Receipt,1569.344543787253,0.0,29.532772810637372,0.0,1569.344543787253,1569.344543787253,False,radius_0
Record Invoice Receipt -> Change Price,1514.8658223889925,0.0,32.256708880550406,0.0,1514.8658223889925,1514.8658223889925,False,radius_0
Record Invoice Receipt -> Clear Invoice,2160.0,0.0,0.0,,2160.0,2160.0,True,radius_0
Record Invoice Receipt -> Record Goods Receipt,363.2275324326138,0.0,89.83862337836939,0.0,363.2275324326138,363.2275324326138,False,radius_0
Record Invoice Receipt -> Record Invoice Receipt,810.5301231104874,0.0,67.4734938444757,0.0,810.5301231104874,810.5301231104874,False,radius_0
Record Invoice Receipt -> Remove Payment Block,1668.4013520971293,0.0,24.579932395143555,0.0,1668.4013520971293,1668.4013520971293,False,radius_0
Record Invoice Receipt -> Vendor creates invoice,811.8329109062979,0.0,67.40835445468517,0.0,811.8329109062979,811.8329109062979,False,radius_0
Record Service Entry Sheet -> Record Goods Receipt,48.87165254866989,0.0,105.5564173725666,0.0,48.87165254866989,48.87165254866989,False,radius_0
Record Service Entry Sheet -> Record Invoice Receipt,930.7698825931595,0.0,61.46150587034208,0.0,930.7698825931595,930.7698825931595,False,radius_0
Record Service Entry Sheet -> Record Service Entry Sheet,0.3469238099001899,0.0,107.9826538095051,0.0,0.3469238099001899,0.3469238099001899,False,radius_0
Record Service Entry Sheet -> Vendor creates invoice,823.1975598526703,0.0,66.84012200736655,0.0,823.1975598526703,823.1975598526703,False,radius_0
Release Purchase Order -> Change Approval for Purchase Order,433.43181818181813,0.0,86.32840909090918,0.0,433.43181818181813,433.43181818181813,False,radius_0
Remove Payment Block -> Clear Invoice,2160.0,0.0,0.0,,2160.0,2160.0,True,radius_0
SRM: Awaiting Approval -> SRM: Document Completed,0.0,0.0,108.0000000000001,0.0,0.0,0.0,False,radius_0
SRM: Complete -> SRM: Awaiting Approval,0.0,0.0,108.0000000000001,0.0,0.0,0.0,False,radius_0
SRM: Created -> SRM: Complete,2.0217827626918536,0.0,107.89891086186549,0.0,2.0217827626918536,2.0217827626918536,False,radius_0
SRM: Document Completed -> SRM: In Transfer to Execution Syst.,3.159692671394796,0.0,107.84201536643036,0.0,3.159692671394796,3.159692671394796,False,radius_0
SRM: In Transfer to Execution Syst. -> SRM: Ordered,0.0005931198102016601,0.0,107.99997034400958,0.0,0.0005931198102016601,0.0005931198102016601,False,radius_0
Vendor creates debit memo -> Record Goods Receipt,467.84608501118544,0.0,84.6076957494408,0.0,467.84608501118544,467.84608501118544,False,radius_0
Vendor creates debit memo -> Record Invoice Receipt,1507.448796147672,0.0,32.62756019261643,0.0,1507.448796147672,1507.448796147672,False,radius_0
Vendor creates debit memo -> Vendor creates invoice,149.8272800645681,0.0,100.50863599677167,0.0,149.8272800645681,149.8272800645681,False,radius_0
Vendor creates invoice -> Change Quantity,563.7522426095819,0.0,79.81238786952098,0.0,563.7522426095819,563.7522426095819,False,radius_0
Vendor creates invoice -> Clear Invoice,2160.0,0.0,0.0,,2160.0,2160.0,True,radius_0
Vendor creates invoice -> Create Purchase Order Item,2140.7965116279065,0.0,0.9601744186046752,0.0,2140.7965116279065,2140.7965116279065,False,radius_0
Vendor creates invoice -> Record Goods Receipt,275.67721465640744,0.0,94.21613926717971,0.0,275.67721465640744,275.67721465640744,False,radius_0
Vendor creates invoice -> Record Invoice Receipt,1448.0267139587402,0.0,35.59866430206302,0.0,1448.0267139587402,1448.0267139587402,False,radius_0
Vendor creates invoice -> Vendor creates debit memo,118.96348645465243,0.0,102.05182567726747,0.0,118.96348645465243,118.96348645465243,False,radius_0
Vendor creates invoice -> Vendor creates invoice,876.7167919799497,0.0,64.16416040100258,0.0,876.7167919799497,876.7167919799497,False,radius_0
Cancel Invoice Receipt -> Clear Invoice,1304.4006523157207,119.14186643835615,42.779967384214004,2.7849919886175516,2160.0,2074.440065231572,True,radius_0.5
Change Approval for Purchase Order -> Change Approval for Purchase Order,1913.1543689320386,234.76498000706508,12.342281553398083,19.021197903432164,2160.0,2135.3154368932037,True,radius_0.5
Change Price -> Change Quantity,1683.1240875912404,129.96065370245665,23.843795620438,5.450501915519662,2160.0,2112.312408759124,True,radius_0.5
Change Price -> Record Goods Receipt,1045.0849372384935,59.67209549909442,55.74575313807538,1.0704330310381487,2160.0,2048.5084937238494,True,radius_0.5
Change Price -> Remove Payment Block,415.1710596914819,23.593843607097128,87.24144701542599,0.27044305676091407,887.0479318334241,887.0479318334241,False,radius_0.5
Change Price -> Vendor creates invoice,1180.219950738916,71.91974280358819,48.98900246305425,1.468079348172633,2160.0,2062.0219950738915,True,radius_0.5
Change Quantity -> Change Delivery Indicator,824.459288537549,30.199522397892004,66.7770355731226,0.4522441306161717,1428.4497364953886,1428.4497364953886,False,radius_0.5
Change Quantity -> Change Quantity,940.4609851787269,42.148658632640874,60.97695074106372,0.691222800097426,1783.4341578315436,1783.4341578315436,False,radius_0.5
Change Quantity -> Record Goods Receipt,974.5489748518337,55.96195561479307,59.27255125740837,0.9441462266701146,2093.788087147694,2041.4548974851834,False,radius_0.5
Change Quantity -> Vendor creates invoice,1398.5714627477785,90.2332195234691,38.07142686261111,2.370103433451417,2160.0,2083.8571462747777,True,radius_0.5
Clear Invoice -> Clear Invoice,1246.1610095735418,151.11076154401331,45.69194952132295,3.3071638029691606,2160.0,2068.6161009573543,True,radius_0.5
Clear Invoice -> Record Invoice Receipt,1110.2870370370367,70.28848695158484,52.48564814814821,1.3391944165990974,2160.0,2055.0287037037037,True,radius_0.5
Create Purchase Order Item -> Change Approval for Purchase Order,324.75630630630604,19.94186392982349,91.76218468468478,0.21732115466025748,723.5935849027755,723.5935849027755,False,radius_0.5
Create Purchase Order Item -> Change Price,1135.6522884953915,71.76494114993783,51.217385575230466,1.4011832182360453,2160.0,2057.5652288495394,True,radius_0.5
Create Purchase Order Item -> Change Quantity,1421.59933190807,54.4368657638439,36.92003340459653,1.4744533182645096,2160.0,2086.1599331908074,True,radius_0.5
Create Purchase Order Item -> Delete Purchase Order Item,1052.837118977384,46.451560321711845,55.35814405113084,0.8391097844394396,1981.8683254116202,1981.8683254116202,False,radius_0.5
Create Purchase Order Item -> Receive Order Confirmation,198.07033514804843,5.9526153890079065,98.09648324259767,0.06068123129640419,317.12264292820646,317.12264292820646,False,radius_0.5
Create Purchase Order Item -> Record Goods Receipt,1269.0554537498435,51.924587651852356,44.547227312507864,1.165607621044309,2160.0,2070.9055453749843,True,radius_0.5
Create Purchase Order Item -> Record Invoice Receipt,715.2726770630277,75.85955316249067,72.23636614684868,1.050157382062609,2160.0,2015.5272677063028,True,radius_0.5
Create Purchase Order Item -> Record Service Entry Sheet,243.7026066350709,7.655206471094022,95.81486966824654,0.07989580842305305,396.8067360569512,396.8067360569512,False,radius_0.5
Create Purchase Order Item -> Vendor creates debit memo,1259.9575055187638,82.70695063020723,45.00212472406185,1.8378454603496814,2160.0,2069.9957505518764,True,radius_0.5
Create Purchase Order Item -> Vendor creates invoice,1334.7359484375643,43.888982879333774,41.26320257812182,1.063634912880082,2160.0,2077.4735948437565,True,radius_0.5
Create Purchase Requisition Item -> Create Purchase Order Item,360.7418960244646,10.107909396819107,89.96290519877685,0.11235641372947275,562.9000839608466,562.9000839608466,False,radius_0.5
Receive Order Confirmation -> Delete Purchase Order Item,1060.8398550724635,90.23774710144927,54.95800724637687,1.641939939650891,2160.0,2050.0839855072463,True,radius_0.5
Receive Order Confirmation -> Record Goods Receipt,703.3196775145742,18.750506396139954,72.83401612427134,0.2574416103067465,1078.329805437373,1078.329805437373,False,radius_0.5
Receive Order Confirmation -> Vendor creates invoice,664.8382397687507,36.935947408750636,74.75808801156253,0.49407292764146,1403.5571879437628,1403.5571879437628,False,radius_0.5
Record Goods Receipt -> Cancel Goods Receipt,823.0315521628494,37.339202723073974,66.84842239185758,0.5585652044889851,1569.8156066243282,1569.8156066243282,False,radius_0.5
Record Goods Receipt -> Change Quantity,671.0886724386721,25.339407566675707,74.44556637806646,0.34037497193575433,1177.8768237721858,1177.8768237721858,False,radius_0.5
Record Goods Receipt -> Record Goods Receipt,112.77440737432184,2.2238117658628958,102.361279631284,0.021725126667752663,157.2506426915797,157.2506426915797,False,radius_0.5
Record Goods Receipt -> Record Invoice Receipt,1478.2952402880105,52.75847237752485,34.085237985599505,1.5478393432316508,2160.0,2091.829524028801,True,radius_0.5
Record Goods Receipt -> Record Service Entry Sheet,15.910526987774894,0.2915619241788081,107.20447365061135,0.0027196805716245913,21.74176547135105,21.74176547135105,False,radius_0.5
Record Goods Receipt -> Remove Payment Block,712.2854035087718,19.04042934647672,72.38572982456148,0.26304120152721094,1093.0939904383058,1093.0939904383058,False,radius_0.5
Record Goods Receipt -> Vendor creates invoice,513.5256383572769,16.85600688786555,82.32371808213622,0.20475274052913808,850.6457761145875,850.6457761145875,False,radius_0.5
Record Invoice Receipt -> Cancel Invoice Receipt,1569.344543787253,159.86322885563794,29.532772810637372,5.413078882930255,2160.0,2100.934454378725,True,radius_0.5
Record Invoice Receipt -> Change Price,1514.8658223889925,101.88215030227225,32.256708880550406,3.158479393528687,2160.0,2095.4865822388992,True,radius_0.5
Record Invoice Receipt -> Clear Invoice,2160.0,301.000930865947,0.0,,2160.0,2160.0,True,radius_0.5
Record Invoice Receipt -> Record Goods Receipt,363.2275324326138,11.53125501107634,89.83862337836939,0.12835520600655978,593.8526326541404,593.8526326541404,False,radius_0.5
Record Invoice Receipt -> Record Invoice Receipt,810.5301231104874,31.743771215201402,67.4734938444757,0.4704628352041441,1445.4055474145148,1445.4055474145148,False,radius_0.5
Record Invoice Receipt -> Remove Payment Block,1668.4013520971293,292.6078613491444,24.579932395143555,11.904339550053326,2160.0,2110.840135209713,True,radius_0.5
Record Invoice Receipt -> Vendor creates invoice,811.8329109062979,38.672225186104214,67.40835445468517,0.5737007749106436,1585.2774146283814,1585.2774146283814,False,radius_0.5
Record Service Entry Sheet -> Record Goods Receipt,48.87165254866989,1.5437477912350714,105.5564173725666,0.014624859668989496,79.74660837337129,79.74660837337129,False,radius_0.5
Record Service Entry Sheet -> Record Invoice Receipt,930.7698825931595,51.81586448868471,61.46150587034208,0.8430620720226801,1967.0871723668529,1967.0871723668529,False,radius_0.5
Record Service Entry Sheet -> Record Service Entry Sheet,0.3469238099001899,0.011027895100603383,107.9826538095051,0.00010212654265802698,0.5674817119122574,0.5674817119122574,False,radius_0.5
Record Service Entry Sheet -> Vendor creates invoice,823.1975598526703,77.54321392295188,66.84012200736655,1.1601297483329807,2160.0,2026.3197559852672,True,radius_0.5
Release Purchase Order -> Change Approval for Purchase Order,433.43181818181813,36.37358974358974,86.32840909090918,0.42133974350536324,1160.9036130536124,1160.9036130536124,False,radius_0.5
Remove Payment Block -> Clear Invoice,2160.0,314.0001503482134,0.0,,2160.0,2160.0,True,radius_0.5
SRM: Awaiting Approval -> SRM: Document Completed,0.0,0.0,108.0000000000001,0.0,0.0,0.0,False,radius_0.5
SRM: Complete -> SRM: Awaiting Approval,0.0,0.0,108.0000000000001,0.0,0.0,0.0,False,radius_0.5
SRM: Created -> SRM: Complete,2.0217827626918536,0.262345268605989,107.89891086186549,0.0024313986722428464,7.2686881348116295,7.2686881348116295,False,radius_0.5
SRM: Document Completed -> SRM: In Transfer to Execution Syst.,3.159692671394796,0.28027505296122274,107.84201536643036,0.0025989411641547293,8.765193730619245,8.765193730619245,False,radius_0.5
SRM: In Transfer to Execution Syst. -> SRM: Ordered,0.0005931198102016601,1.4827995255041933e-05,107.99997034400958,1.3729629006203143e-07,0.0008896797153024985,0.0008896797153024985,False,radius_0.5
Vendor creates debit memo -> Record Goods Receipt,467.84608501118544,19.499729634709123,84.6076957494408,0.23047229288049728,857.8406777053676,857.8406777053676,False,radius_0.5
Vendor creates debit memo -> Record Invoice Receipt,1507.448796147672,100.27901586409841,32.62756019261643,3.0734451265158165,2160.0,2094.7448796147673,True,radius_0.5
Vendor creates debit memo -> Vendor creates invoice,149.8272800645681,5.162187247780478,100.50863599677167,0.05136063380609689,253.07102502017756,253.07102502017756,False,radius_0.5
Vendor creates invoice -> Change Quantity,563.7522426095819,21.104611389519995,79.81238786952098,0.2644277655747159,985.8444703999814,985.8444703999814,False,radius_0.5
Vendor creates invoice -> Clear Invoice,2160.0,392.4343885049083,0.0,,2160.0,2160.0,True,radius_0.5
Vendor creates invoice -> Create Purchase Order Item,2140.7965116279065,191.0954792403153,0.9601744186046752,199.02163142194013,2160.0,2158.0796511627905,True,radius_0.5
Vendor creates invoice -> Record Goods Receipt,275.67721465640744,5.8881044077709594,94.21613926717971,0.062495708841065686,393.4393028118265,393.4393028118265,False,radius_0.5
Vendor creates invoice -> Record Invoice Receipt,1448.0267139587402,52.37786420329547,35.59866430206302,1.4713435245451065,2160.0,2088.8026713958743,True,radius_0.5
Vendor creates invoice -> Vendor creates debit memo,118.96348645465243,5.430825827820442,102.05182567726747,0.053216351513348616,227.58000301106117,227.58000301106117,False,radius_0.5
Vendor creates invoice -> Vendor creates invoice,876.7167919799497,51.451429947022845,64.16416040100258,0.8018717867649198,1905.7453909204057,1905.7453909204057,False,radius_0.5
Cancel Invoice Receipt -> Clear Invoice,1304.4006523157207,357.42559931506844,42.779967384214004,8.354975965852654,2160.0,2074.440065231572,True,radius_1.5
Change Approval for Purchase Order -> Change Approval for Purchase Order,1913.1543689320386,704.2949400211952,12.342281553398083,57.06359371029649,2160.0,2135.3154368932037,True,radius_1.5
Change Price -> Change Quantity,1683.1240875912404,389.88196110737,23.843795620438,16.35150574655899,2160.0,2112.312408759124,True,radius_1.5
Change Price -> Record Goods Receipt,1045.0849372384935,179.01628649728326,55.74575313807538,3.2112990931144463,2160.0,2048.5084937238494,True,radius_1.5
Change Price -> Remove Payment Block,415.1710596914819,70.78153082129138,87.24144701542599,0.8113291702827422,1830.8016761173085,1830.8016761173085,False,radius_1.5
Change Price -> Vendor creates invoice,1180.219950738916,215.7592284107646,48.98900246305425,4.404238044517899,2160.0,2062.0219950738915,True,radius_1.5
Change Quantity -> Change Delivery Indicator,824.459288537549,90.59856719367602,66.7770355731226,1.3567323918485152,2160.0,2026.445928853755,True,radius_1.5
Change Quantity -> Change Quantity,940.4609851787269,126.44597589792262,60.97695074106372,2.0736684002922776,2160.0,2038.046098517873,True,radius_1.5
Change Quantity -> Record Goods Receipt,974.5489748518337,167.88586684437922,59.27255125740837,2.8324386800103443,2160.0,2041.4548974851834,True,radius_1.5
Change Quantity -> Vendor creates invoice,1398.5714627477785,270.69965857040734,38.07142686261111,7.110310300354252,2160.0,2083.8571462747777,True,radius_1.5
Clear Invoice -> Clear Invoice,1246.1610095735418,453.33228463203994,45.69194952132295,9.921491408907482,2160.0,2068.6161009573543,True,radius_1.5
Clear Invoice -> Record Invoice Receipt,1110.2870370370367,210.86546085475453,52.48564814814821,4.017583249797292,2160.0,2055.0287037037037,True,radius_1.5
Create Purchase Order Item -> Change Approval for Purchase Order,324.75630630630604,59.82559178947047,91.76218468468478,0.6519634639807724,1521.2681420957144,1521.2681420957144,False,radius_1.5
Create Purchase Order Item -> Change Price,1135.6522884953915,215.29482344981346,51.217385575230466,4.2035496547081355,2160.0,2057.5652288495394,True,radius_1.5
Create Purchase Order Item -> Change Quantity,1421.59933190807,163.31059729153168,36.92003340459653,4.423359954793528,2160.0,2086.1599331908074,True,radius_1.5
Create Purchase Order Item -> Delete Purchase Order Item,1052.837118977384,139.35468096513554,55.35814405113084,2.5173293533183188,2160.0,2049.283711897738,True,radius_1.5
Create Purchase Order Item -> Receive Order Confirmation,198.07033514804843,17.85784616702372,98.09648324259767,0.18204369388921254,555.2272584885225,555.2272584885225,False,radius_1.5
Create Purchase Order Item -> Record Goods Receipt,1269.0554537498435,155.77376295555706,44.547227312507864,3.496822863132927,2160.0,2070.9055453749843,True,radius_1.5
Create Purchase Order Item -> Record Invoice Receipt,715.2726770630277,227.578659487472,72.23636614684868,3.1504721461878264,2160.0,2015.5272677063028,True,radius_1.5
Create Purchase Order Item -> Record Service Entry Sheet,243.7026066350709,22.965619413282067,95.81486966824654,0.23968742526915915,703.0149949007118,703.0149949007118,False,radius_1.5
Create Purchase Order Item -> Vendor creates debit memo,1259.9575055187638,248.12085189062168,45.00212472406185,5.513536381049044,2160.0,2069.9957505518764,True,radius_1.5
Create Purchase Order Item -> Vendor creates invoice,1334.7359484375643,131.66694863800132,41.26320257812182,3.1909047386402456,2160.0,2077.4735948437565,True,radius_1.5
Create Purchase Requisition Item -> Create Purchase Order Item,360.7418960244646,30.32372819045732,89.96290519877685,0.33706924118841824,967.2164598336104,967.2164598336104,False,radius_1.5
Receive Order Confirmation -> Delete Purchase Order Item,1060.8398550724635,270.71324130434783,54.95800724637687,4.925819818952673,2160.0,2050.0839855072463,True,radius_1.5
Receive Order Confirmation -> Record Goods Receipt,703.3196775145742,56.25151918841986,72.83401612427134,0.7723248309202395,1828.3500612829703,1828.3500612829703,False,radius_1.5
Receive Order Confirmation -> Vendor creates invoice,664.8382397687507,110.8078422262519,74.75808801156253,1.48221878292438,2160.0,2010.483823976875,True,radius_1.5
Record Goods Receipt -> Cancel Goods Receipt,823.0315521628494,112.01760816922192,66.84842239185758,1.675695613466955,2160.0,2026.3031552162847,True,radius_1.5
Record Goods Receipt -> Change Quantity,671.0886724386721,76.01822270002712,74.44556637806646,1.021124915807263,2160.0,2011.1088672438673,True,radius_1.5
Record Goods Receipt -> Record Goods Receipt,112.77440737432184,6.671435297588687,102.361279631284,0.06517538000325798,246.20311332609546,246.20311332609546,False,radius_1.5
Record Goods Receipt -> Record Invoice Receipt,1478.2952402880105,158.27541713257455,34.085237985599505,4.643518029694952,2160.0,2091.829524028801,True,radius_1.5
Record Goods Receipt -> Record Service Entry Sheet,15.910526987774894,0.8746857725364243,107.20447365061135,0.008159041714873774,33.40424243850336,33.40424243850336,False,radius_1.5
Record Goods Receipt -> Remove Payment Block,712.2854035087718,57.12128803943016,72.38572982456148,0.7891236045816329,1854.7111642973741,1854.7111642973741,False,radius_1.5
Record Goods Receipt -> Vendor creates invoice,513.5256383572769,50.568020663596656,82.32371808213622,0.6142582215874143,1524.886051629209,1524.886051629209,False,radius_1.5
Record Invoice Receipt -> Cancel Invoice Receipt,1569.344543787253,479.5896865669138,29.532772810637372,16.239236648790765,2160.0,2100.934454378725,True,radius_1.5
Record Invoice Receipt -> Change Price,1514.8658223889925,305.64645090681677,32.256708880550406,9.47543818058606,2160.0,2095.4865822388992,True,radius_1.5
Record Invoice Receipt -> Clear Invoice,2160.0,903.002792597841,0.0,,2160.0,2160.0,True,radius_1.5
Record Invoice Receipt -> Record Goods Receipt,363.2275324326138,34.59376503322902,89.83862337836939,0.3850656180196793,1055.1028330971935,1055.1028330971935,False,radius_1.5
Record Invoice Receipt -> Record Invoice Receipt,810.5301231104874,95.2313136456042,67.4734938444757,1.4113885056124322,2160.0,2025.0530123110489,True,radius_1.5
Record Invoice Receipt -> Remove Payment Block,1668.4013520971293,877.8235840474332,24.579932395143555,35.71301865015998,2160.0,2110.840135209713,True,radius_1.5
Record Invoice Receipt -> Vendor creates invoice,811.8329109062979,116.01667555831264,67.40835445468517,1.7211023247319308,2160.0,2025.1832910906298,True,radius_1.5
Record Service Entry Sheet -> Record Goods Receipt,48.87165254866989,4.631243373705214,105.5564173725666,0.043874579006968485,141.4965200227741,141.4965200227741,False,radius_1.5
Record Service Entry Sheet -> Record Invoice Receipt,930.7698825931595,155.44759346605412,61.46150587034208,2.52918621606804,2160.0,2037.076988259316,True,radius_1.5
Record Service Entry Sheet -> Record Service Entry Sheet,0.3469238099001899,0.03308368530181015,107.9826538095051,0.00030637962797408095,1.0085975159363922,1.0085975159363922,False,radius_1.5
Record Service Entry Sheet -> Vendor creates invoice,823.1975598526703,232.62964176885563,66.84012200736655,3.480389244998942,2160.0,2026.3197559852672,True,radius_1.5
Release Purchase Order -> Change Approval for Purchase Order,433.43181818181813,109.12076923076921,86.32840909090918,1.2640192305160896,2160.0,1987.343181818182,True,radius_1.5
Remove Payment Block -> Clear Invoice,2160.0,942.0004510446403,0.0,,2160.0,2160.0,True,radius_1.5
SRM: Awaiting Approval -> SRM: Document Completed,0.0,0.0,108.0000000000001,0.0,0.0,0.0,False,radius_1.5
SRM: Complete -> SRM: Awaiting Approval,0.0,0.0,108.0000000000001,0.0,0.0,0.0,False,radius_1.5
SRM: Created -> SRM: Complete,2.0217827626918536,0.787035805817967,107.89891086186549,0.007294196016728539,17.76249887905118,17.76249887905118,False,radius_1.5
SRM: Document Completed -> SRM: In Transfer to Execution Syst.,3.159692671394796,0.8408251588836682,107.84201536643036,0.007796823492464188,19.976195849068144,19.976195849068144,False,radius_1.5
SRM: In Transfer to Execution Syst. -> SRM: Ordered,0.0005931198102016601,4.44839857651258e-05,107.99997034400958,4.118888701860943e-07,0.0014827995255041753,0.0014827995255041753,False,radius_1.5
Vendor creates debit memo -> Record Goods Receipt,467.84608501118544,58.499188904127365,84.6076957494408,0.6914168786414918,1637.8298630937315,1637.8298630937315,False,radius_1.5
Vendor creates debit memo -> Record Invoice Receipt,1507.448796147672,300.8370475922952,32.62756019261643,9.220335379547448,2160.0,2094.7448796147673,True,radius_1.5
Vendor creates debit memo -> Vendor creates invoice,149.8272800645681,15.486561743341435,100.50863599677167,0.15408190141829067,459.55851493139653,459.55851493139653,False,radius_1.5
Vendor creates invoice -> Change Quantity,563.7522426095819,63.313834168559985,79.81238786952098,0.7932832967241479,1830.0289259807805,1830.0289259807805,False,radius_1.5
Vendor creates invoice -> Clear Invoice,2160.0,1177.303165514725,0.0,,2160.0,2160.0,True,radius_1.5
Vendor creates invoice -> Create Purchase Order Item,2140.7965116279065,573.286437720946,0.9601744186046752,597.0648942658204,2160.0,2158.0796511627905,True,radius_1.5
Vendor creates invoice -> Record Goods Receipt,275.67721465640744,17.664313223312877,94.21613926717971,0.18748712652319705,628.9634791226647,628.9634791226647,False,radius_1.5
Vendor creates invoice -> Record Invoice Receipt,1448.0267139587402,157.13359260988642,35.59866430206302,4.41403057363532,2160.0,2088.8026713958743,True,radius_1.5
Vendor creates invoice -> Vendor creates debit memo,118.96348645465243,16.292477483461326,102.05182567726747,0.15964905454004585,444.81303612387865,444.81303612387865,False,radius_1.5
Vendor creates invoice -> Vendor creates invoice,876.7167919799497,154.35428984106852,64.16416040100258,2.405615360294759,2160.0,2031.671679197995,True,radius_1.5
Cancel Invoice Receipt -> Clear Invoice,1304.4006523157207,476.5674657534246,42.779967384214004,11.139967954470206,2160.0,2074.440065231572,True,radius_2
Change Approval for Purchase Order -> Change Approval for Purchase Order,1913.1543689320386,939.0599200282603,12.342281553398083,76.08479161372865,2160.0,2135.3154368932037,True,radius_2
Change Price -> Change Quantity,1683.1240875912404,519.8426148098266,23.843795620438,21.802007662078648,2160.0,2112.312408759124,True,radius_2
Change Price -> Record Goods Receipt,1045.0849372384935,238.68838199637767,55.74575313807538,4.281732124152595,2160.0,2048.5084937238494,True,radius_2
Change Price -> Remove Payment Block,415.1710596914819,94.37537442838851,87.24144701542599,1.0817722270436563,2160.0,1985.5171059691484,True,radius_2
Change Price -> Vendor creates invoice,1180.219950738916,287.67897121435277,48.98900246305425,5.872317392690532,2160.0,2062.0219950738915,True,radius_2
Change Quantity -> Change Delivery Indicator,824.459288537549,120.79808959156802,66.7770355731226,1.8089765224646868,2160.0,2026.445928853755,True,radius_2
Change Quantity -> Change Quantity,940.4609851787269,168.5946345305635,60.97695074106372,2.764891200389704,2160.0,2038.046098517873,True,radius_2
Change Quantity -> Record Goods Receipt,974.5489748518337,223.84782245917228,59.27255125740837,3.7765849066804584,2160.0,2041.4548974851834,True,radius_2
Change Quantity -> Vendor creates invoice,1398.5714627477785,360.9328780938764,38.07142686261111,9.480413733805667,2160.0,2083.8571462747777,True,radius_2
Clear Invoice -> Clear Invoice,1246.1610095735418,604.4430461760533,45.69194952132295,13.228655211876642,2160.0,2068.6161009573543,True,radius_2
Clear Invoice -> Record Invoice Receipt,1110.2870370370367,281.1539478063394,52.48564814814821,5.35677766639639,2160.0,2055.0287037037037,True,radius_2
Create Purchase Order Item -> Change Approval for Purchase Order,324.75630630630604,79.76745571929396,91.76218468468478,0.8692846186410299,1920.1054206921838,1920.1054206921838,False,radius_2
Create Purchase Order Item -> Change Price,1135.6522884953915,287.0597645997513,51.217385575230466,5.604732872944181,2160.0,2057.5652288495394,True,radius_2
Create Purchase Order Item -> Change Quantity,1421.59933190807,217.7474630553756,36.92003340459653,5.897813273058039,2160.0,2086.1599331908074,True,radius_2
Create Purchase Order Item -> Delete Purchase Order Item,1052.837118977384,185.80624128684738,55.35814405113084,3.3564391377577585,2160.0,2049.283711897738,True,radius_2
Create Purchase Order Item -> Receive Order Confirmation,198.07033514804843,23.810461556031626,98.09648324259767,0.24272492518561675,674.2795662686806,674.2795662686806,False,radius_2
Create Purchase Order Item -> Record Goods Receipt,1269.0554537498435,207.69835060740942,44.547227312507864,4.662430484177236,2160.0,2070.9055453749843,True,radius_2
Create Purchase Order Item -> Record Invoice Receipt,715.2726770630277,303.4382126499627,72.23636614684868,4.200629528250436,2160.0,2015.5272677063028,True,radius_2
Create Purchase Order Item -> Record Service Entry Sheet,243.7026066350709,30.62082588437609,95.81486966824654,0.3195832336922122,856.1191243225921,856.1191243225921,False,radius_2
Create Purchase Order Item -> Vendor creates debit memo,1259.9575055187638,330.8278025208289,45.00212472406185,7.351381841398726,2160.0,2069.9957505518764,True,radius_2
Create Purchase Order Item -> Vendor creates invoice,1334.7359484375643,175.5559315173351,41.26320257812182,4.254539651520328,2160.0,2077.4735948437565,True,radius_2
Create Purchase Requisition Item -> Create Purchase Order Item,360.7418960244646,40.43163758727643,89.96290519877685,0.449425654917891,1169.3746477699924,1169.3746477699924,False,radius_2
Receive Order Confirmation -> Delete Purchase Order Item,1060.8398550724635,360.9509884057971,54.95800724637687,6.567759758603564,2160.0,2050.0839855072463,True,radius_2
Receive Order Confirmation -> Record Goods Receipt,703.3196775145742,75.00202558455982,72.83401612427134,1.029766441226986,2160.0,2014.3319677514573,True,radius_2
Receive Order Confirmation -> Vendor creates invoice,664.8382397687507,147.74378963500254,74.75808801156253,1.97629171056584,2160.0,2010.483823976875,True,radius_2
Record Goods Receipt -> Cancel Goods Receipt,823.0315521628494,149.3568108922959,66.84842239185758,2.2342608179559402,2160.0,2026.3031552162847,True,radius_2
Record Goods Receipt -> Change Quantity,671.0886724386721,101.35763026670283,74.44556637806646,1.3614998877430173,2160.0,2011.1088672438673,True,radius_2
Record Goods Receipt -> Record Goods Receipt,112.77440737432184,8.895247063451583,102.361279631284,0.08690050667101065,290.67934864335336,290.67934864335336,False,radius_2
Record Goods Receipt -> Record Invoice Receipt,1478.2952402880105,211.0338895100994,34.085237985599505,6.191357372926603,2160.0,2091.829524028801,True,radius_2
Record Goods Receipt -> Record Service Entry Sheet,15.910526987774894,1.1662476967152324,107.20447365061135,0.010878722286498365,39.23548092207952,39.23548092207952,False,radius_2
Record Goods Receipt -> Remove Payment Block,712.2854035087718,76.16171738590688,72.38572982456148,1.0521648061088438,2160.0,2015.2285403508772,True,radius_2
Record Goods Receipt -> Vendor creates invoice,513.5256383572769,67.4240275514622,82.32371808213622,0.8190109621165523,1862.0061893865197,1862.0061893865197,False,radius_2
Record Invoice Receipt -> Cancel Invoice Receipt,1569.344543787253,639.4529154225518,29.532772810637372,21.65231553172102,2160.0,2100.934454378725,True,radius_2
Record Invoice Receipt -> Change Price,1514.8658223889925,407.528601209089,32.256708880550406,12.633917574114747,2160.0,2095.4865822388992,True,radius_2
Record Invoice Receipt -> Clear Invoice,2160.0,1204.003723463788,0.0,,2160.0,2160.0,True,radius_2
Record Invoice Receipt -> Record Goods Receipt,363.2275324326138,46.12502004430536,89.83862337836939,0.5134208240262391,1285.7279333187203,1285.7279333187203,False,radius_2
Record Invoice Receipt -> Record Invoice Receipt,810.5301231104874,126.97508486080561,67.4734938444757,1.8818513408165765,2160.0,2025.0530123110489,True,radius_2
Record Invoice Receipt -> Remove Payment Block,1668.4013520971293,1170.4314453965776,24.579932395143555,47.6173582002133,2160.0,2110.840135209713,True,radius_2
Record Invoice Receipt -> Vendor creates invoice,811.8329109062979,154.68890074441686,67.40835445468517,2.2948030996425746,2160.0,2025.1832910906298,True,radius_2
Record Service Entry Sheet -> Record Goods Receipt,48.87165254866989,6.174991164940286,105.5564173725666,0.058499438675957985,172.3714758474755,172.3714758474755,False,radius_2
Record Service Entry Sheet -> Record Invoice Receipt,930.7698825931595,207.26345795473884,61.46150587034208,3.3722482880907205,2160.0,2037.076988259316,True,radius_2
Record Service Entry Sheet -> Record Service Entry Sheet,0.3469238099001899,0.04411158040241353,107.9826538095051,0.00040850617063210794,1.2291554179484598,1.2291554179484598,False,radius_2
Record Service Entry Sheet -> Vendor creates invoice,823.1975598526703,310.1728556918075,66.84012200736655,4.640518993331923,2160.0,2026.3197559852672,True,radius_2
Release Purchase Order -> Change Approval for Purchase Order,433.43181818181813,145.49435897435896,86.32840909090918,1.685358974021453,2160.0,1987.343181818182,True,radius_2
Remove Payment Block -> Clear Invoice,2160.0,1256.0006013928537,0.0,,2160.0,2160.0,True,radius_2
SRM: Awaiting Approval -> SRM: Document Completed,0.0,0.0,108.0000000000001,0.0,0.0,0.0,False,radius_2
SRM: Complete -> SRM: Awaiting Approval,0.0,0.0,108.0000000000001,0.0,0.0,0.0,False,radius_2
SRM: Created -> SRM: Complete,2.0217827626918536,1.049381074423956,107.89891086186549,0.009725594688971386,23.009404251170956,23.009404251170956,False,radius_2
SRM: Document Completed -> SRM: In Transfer to Execution Syst.,3.159692671394796,1.121100211844891,107.84201536643036,0.010395764656618917,25.581696908292596,25.581696908292596,False,radius_2
SRM: In Transfer to Execution Syst. -> SRM: Ordered,0.0005931198102016601,5.931198102016773e-05,107.99997034400958,5.491851602481257e-07,0.0017793594306050138,0.0017793594306050138,False,radius_2
Vendor creates debit memo -> Record Goods Receipt,467.84608501118544,77.99891853883649,84.6076957494408,0.9218891715219891,2027.8244557879138,1990.7846085011183,False,radius_2
Vendor creates debit memo -> Record Invoice Receipt,1507.448796147672,401.11606345639365,32.62756019261643,12.293780506063266,2160.0,2094.7448796147673,True,radius_2
Vendor creates debit memo -> Vendor creates invoice,149.8272800645681,20.648748991121913,100.50863599677167,0.20544253522438757,562.802259887006,562.802259887006,False,radius_2
Vendor creates invoice -> Change Quantity,563.7522426095819,84.41844555807998,79.81238786952098,1.0577110622988637,2160.0,2000.3752242609585,True,radius_2
Vendor creates invoice -> Clear Invoice,2160.0,1569.7375540196333,0.0,,2160.0,2160.0,True,radius_2
Vendor creates invoice -> Create Purchase Order Item,2140.7965116279065,764.3819169612613,0.9601744186046752,796.0865256877605,2160.0,2158.0796511627905,True,radius_2
Vendor creates invoice -> Record Goods Receipt,275.67721465640744,23.552417631083838,94.21613926717971,0.24998283536426275,746.7255672780838,746.7255672780838,False,radius_2
Vendor creates invoice -> Record Invoice Receipt,1448.0267139587402,209.5114568131819,35.59866430206302,5.885374098180426,2160.0,2088.8026713958743,True,radius_2
Vendor creates invoice -> Vendor creates debit memo,118.96348645465243,21.723303311281768,102.05182567726747,0.21286540605339446,553.4295526802874,553.4295526802874,False,radius_2
Vendor creates invoice -> Vendor creates invoice,876.7167919799497,205.80571978809138,64.16416040100258,3.207487147059679,2160.0,2031.671679197995,True,radius_2
Cancel Invoice Receipt -> Clear Invoice,1304.4006523157207,238.2837328767123,42.779967384214004,5.569983977235103,2160.0,1732.2003261578602,True,kappa_0.50
Change Approval for Purchase Order -> Change Approval for Purchase Order,1913.1543689320386,469.52996001413015,12.342281553398083,38.04239580686433,2160.0,2036.5771844660194,True,kappa_0.50
Change Price -> Change Quantity,1683.1240875912404,259.9213074049133,23.843795620438,10.901003831039324,2160.0,1921.5620437956202,True,kappa_0.50
Change Price -> Record Goods Receipt,1045.0849372384935,119.34419099818884,55.74575313807538,2.1408660620762974,2160.0,1602.5424686192468,True,kappa_0.50
Change Price -> Remove Payment Block,415.1710596914819,47.187687214194256,87.24144701542599,0.5408861135218281,1358.924803975366,1287.585529845741,False,kappa_0.50
Change Price -> Vendor creates invoice,1180.219950738916,143.83948560717639,48.98900246305425,2.936158696345266,2160.0,1670.109975369458,True,kappa_0.50
Change Quantity -> Change Delivery Indicator,824.459288537549,60.39904479578401,66.7770355731226,0.9044882612323434,2032.440184453228,1492.2296442687743,False,kappa_0.50
Change Quantity -> Change Quantity,940.4609851787269,84.29731726528175,60.97695074106372,1.382445600194852,2160.0,1550.2304925893636,True,kappa_0.50
Change Quantity -> Record Goods Receipt,974.5489748518337,111.92391122958614,59.27255125740837,1.8882924533402292,2160.0,1567.274487425917,True,kappa_0.50
Change Quantity -> Vendor creates invoice,1398.5714627477785,180.4664390469382,38.07142686261111,4.740206866902834,2160.0,1779.2857313738891,True,kappa_0.50
Clear Invoice -> Clear Invoice,1246.1610095735418,302.22152308802663,45.69194952132295,6.614327605938321,2160.0,1703.080504786771,True,kappa_0.50
Clear Invoice -> Record Invoice Receipt,1110.2870370370367,140.5769739031697,52.48564814814821,2.678388833198195,2160.0,1635.1435185185182,True,kappa_0.50
Create Purchase Order Item -> Change Approval for Purchase Order,324.75630630630604,39.88372785964698,91.76218468468478,0.43464230932051495,1122.4308634992449,1122.4308634992449,False,kappa_0.50
Create Purchase Order Item -> Change Price,1135.6522884953915,143.52988229987565,51.217385575230466,2.8023664364720906,2160.0,1647.8261442476958,True,kappa_0.50
Create Purchase Order Item -> Change Quantity,1421.59933190807,108.8737315276878,36.92003340459653,2.9489066365290193,2160.0,1790.799665954035,True,kappa_0.50
Create Purchase Order Item -> Delete Purchase Order Item,1052.837118977384,92.90312064342369,55.35814405113084,1.6782195688788792,2160.0,1606.4185594886922,True,kappa_0.50
Create Purchase Order Item -> Receive Order Confirmation,198.07033514804843,11.905230778015813,98.09648324259767,0.12136246259280838,436.17495070836446,436.17495070836446,False,kappa_0.50
Create Purchase Order Item -> Record Goods Receipt,1269.0554537498435,103.84917530370471,44.547227312507864,2.331215242088618,2160.0,1714.5277268749219,True,kappa_0.50
Create Purchase Order Item -> Record Invoice Receipt,715.2726770630277,151.71910632498134,72.23636614684868,2.100314764125218,2160.0,1437.636338531514,True,kappa_0.50
Create Purchase Order Item -> Record Service Entry Sheet,243.7026066350709,15.310412942188044,95.81486966824654,0.1597916168461061,549.9108654788315,549.9108654788315,False,kappa_0.50
Create Purchase Order Item -> Vendor creates debit memo,1259.9575055187638,165.41390126041446,45.00212472406185,3.675690920699363,2160.0,1709.978752759382,True,kappa_0.50
Create Purchase Order Item -> Vendor creates invoice,1334.7359484375643,87.77796575866755,41.26320257812182,2.127269825760164,2160.0,1747.3679742187821,True,kappa_0.50
Create Purchase Requisition Item -> Create Purchase Order Item,360.7418960244646,20.215818793638213,89.96290519877685,0.2247128274589455,765.0582718972285,765.0582718972285,False,kappa_0.50
Receive Order Confirmation -> Delete Purchase Order Item,1060.8398550724635,180.47549420289855,54.95800724637687,3.283879879301782,2160.0,1610.4199275362316,True,kappa_0.50
Receive Order Confirmation -> Record Goods Receipt,703.3196775145742,37.50101279227991,72.83401612427134,0.514883220613493,1453.3399333601717,1431.6598387572872,False,kappa_0.50
Receive Order Confirmation -> Vendor creates invoice,664.8382397687507,73.87189481750127,74.75808801156253,0.98814585528292,2142.276136118775,1412.4191198843755,False,kappa_0.50
Record Goods Receipt -> Cancel Goods Receipt,823.0315521628494,74.67840544614795,66.84842239185758,1.1171304089779701,2160.0,1491.5157760814245,True,kappa_0.50
Record Goods Receipt -> Change Quantity,671.0886724386721,50.678815133351414,74.44556637806646,0.6807499438715087,1684.6649751056993,1415.544336219336,False,kappa_0.50
Record Goods Receipt -> Record Goods Receipt,112.77440737432184,4.4476235317257915,102.361279631284,0.043450253335505326,201.7268780088376,201.7268780088376,False,kappa_0.50
Record Goods Receipt -> Record Invoice Receipt,1478.2952402880105,105.5169447550497,34.085237985599505,3.0956786864633017,2160.0,1819.1476201440053,True,kappa_0.50
Record Goods Receipt -> Record Service Entry Sheet,15.910526987774894,0.5831238483576162,107.20447365061135,0.005439361143249183,27.57300395492721,27.57300395492721,False,kappa_0.50
Record Goods Receipt -> Remove Payment Block,712.2854035087718,38.08085869295344,72.38572982456148,0.5260824030544219,1473.90257736784,1436.142701754386,False,kappa_0.50
Record Goods Receipt -> Vendor creates invoice,513.5256383572769,33.7120137757311,82.32371808213622,0.40950548105827617,1187.7659138718982,1187.7659138718982,False,kappa_0.50
Record Invoice Receipt -> Cancel Invoice Receipt,1569.344543787253,319.7264577112759,29.532772810637372,10.82615776586051,2160.0,1864.6722718936267,True,kappa_0.50
Record Invoice Receipt -> Change Price,1514.8658223889925,203.7643006045445,32.256708880550406,6.316958787057374,2160.0,1837.4329111944962,True,kappa_0.50
Record Invoice Receipt -> Clear Invoice,2160.0,602.001861731894,0.0,,2160.0,2160.0,True,kappa_0.50
Record Invoice Receipt -> Record Goods Receipt,363.2275324326138,23.06251002215268,89.83862337836939,0.25671041201311956,824.477732875667,824.477732875667,False,kappa_0.50
Record Invoice Receipt -> Record Invoice Receipt,810.5301231104874,63.487542430402804,67.4734938444757,0.9409256704082882,2080.2809717185423,1485.2650615552438,False,kappa_0.50
Record Invoice Receipt -> Remove Payment Block,1668.4013520971293,585.2157226982888,24.579932395143555,23.80867910010665,2160.0,1914.2006760485647,True,kappa_0.50
Record Invoice Receipt -> Vendor creates invoice,811.8329109062979,77.34445037220843,67.40835445468517,1.1474015498212873,2160.0,1485.916455453149,True,kappa_0.50
Record Service Entry Sheet -> Record Goods Receipt,48.87165254866989,3.087495582470143,105.5564173725666,0.029249719337978992,110.62156419807269,110.62156419807269,False,kappa_0.50
Record Service Entry Sheet -> Record Invoice Receipt,930.7698825931595,103.63172897736942,61.46150587034208,1.6861241440453603,2160.0,1545.3849412965797,True,kappa_0.50
Record Service Entry Sheet -> Record Service Entry Sheet,0.3469238099001899,0.022055790201206765,107.9826538095051,0.00020425308531605397,0.7880396139243249,0.7880396139243249,False,kappa_0.50
Record Service Entry Sheet -> Vendor creates invoice,823.1975598526703,155.08642784590376,66.84012200736655,2.3202594966659613,2160.0,1491.5987799263353,True,kappa_0.50
Release Purchase Order -> Change Approval for Purchase Order,433.43181818181813,72.74717948717948,86.32840909090918,0.8426794870107265,1888.3754079254063,1296.715909090909,False,kappa_0.50
Remove Payment Block -> Clear Invoice,2160.0,628.0003006964268,0.0,,2160.0,2160.0,True,kappa_0.50
SRM: Awaiting Approval -> SRM: Document Completed,0.0,0.0,108.0000000000001,0.0,0.0,0.0,False,kappa_0.50
SRM: Complete -> SRM: Awaiting Approval,0.0,0.0,108.0000000000001,0.0,0.0,0.0,False,kappa_0.50
SRM: Created -> SRM: Complete,2.0217827626918536,0.524690537211978,107.89891086186549,0.004862797344485693,12.515593506931406,12.515593506931406,False,kappa_0.50
SRM: Document Completed -> SRM: In Transfer to Execution Syst.,3.159692671394796,0.5605501059224455,107.84201536643036,0.005197882328309459,14.370694789843695,14.370694789843695,False,kappa_0.50
SRM: In Transfer to Execution Syst. -> SRM: Ordered,0.0005931198102016601,2.9655990510083866e-05,107.99997034400958,2.7459258012406287e-07,0.001186239620403337,0.001186239620403337,False,kappa_0.50
Vendor creates debit memo -> Record Goods Receipt,467.84608501118544,38.999459269418246,84.6076957494408,0.46094458576099456,1247.8352703995497,1247.8352703995497,False,kappa_0.50
Vendor creates debit memo -> Record Invoice Receipt,1507.448796147672,200.55803172819682,32.62756019261643,6.146890253031633,2160.0,1833.724398073836,True,kappa_0.50
Vendor creates debit memo -> Vendor creates invoice,149.8272800645681,10.324374495560956,100.50863599677167,0.10272126761219379,356.31476997578704,356.31476997578704,False,kappa_0.50
Vendor creates invoice -> Change Quantity,563.7522426095819,42.20922277903999,79.81238786952098,0.5288555311494318,1407.9366981903809,1361.876121304791,False,kappa_0.50
Vendor creates invoice -> Clear Invoice,2160.0,784.8687770098167,0.0,,2160.0,2160.0,True,kappa_0.50
Vendor creates invoice -> Create Purchase Order Item,2140.7965116279065,382.1909584806306,0.9601744186046752,398.04326284388026,2160.0,2150.3982558139533,True,kappa_0.50
Vendor creates invoice -> Record Goods Receipt,275.67721465640744,11.776208815541919,94.21613926717971,0.12499141768213137,511.20139096724563,511.20139096724563,False,kappa_0.50
Vendor creates invoice -> Record Invoice Receipt,1448.0267139587402,104.75572840659095,35.59866430206302,2.942687049090213,2160.0,1804.0133569793702,True,kappa_0.50
Vendor creates invoice -> Vendor creates debit memo,118.96348645465243,10.861651655640884,102.05182567726747,0.10643270302669723,336.1965195674699,336.1965195674699,False,kappa_0.50
Vendor creates invoice -> Vendor creates invoice,876.7167919799497,102.90285989404569,64.16416040100258,1.6037435735298395,2160.0,1518.3583959899747,True,kappa_0.50
Cancel Invoice Receipt -> Clear Invoice,1304.4006523157207,238.2837328767123,42.779967384214004,5.569983977235103,2160.0,1946.10016307893,True,kappa_0.75
Change Approval for Purchase Order -> Change Approval for Purchase Order,1913.1543689320386,469.52996001413015,12.342281553398083,38.04239580686433,2160.0,2098.2885922330097,True,kappa_0.75
Change Price -> Change Quantity,1683.1240875912404,259.9213074049133,23.843795620438,10.901003831039324,2160.0,2040.7810218978102,True,kappa_0.75
Change Price -> Record Goods Receipt,1045.0849372384935,119.34419099818884,55.74575313807538,2.1408660620762974,2160.0,1881.2712343096234,True,kappa_0.75
Change Price -> Remove Payment Block,415.1710596914819,47.187687214194256,87.24144701542599,0.5408861135218281,1358.924803975366,1358.924803975366,False,kappa_0.75
Change Price -> Vendor creates invoice,1180.219950738916,143.83948560717639,48.98900246305425,2.936158696345266,2160.0,1915.054987684729,True,kappa_0.75
Change Quantity -> Change Delivery Indicator,824.459288537549,60.39904479578401,66.7770355731226,0.9044882612323434,2032.440184453228,1826.1148221343874,False,kappa_0.75
Change Quantity -> Change Quantity,940.4609851787269,84.29731726528175,60.97695074106372,1.382445600194852,2160.0,1855.1152462946818,True,kappa_0.75
Change Quantity -> Record Goods Receipt,974.5489748518337,111.92391122958614,59.27255125740837,1.8882924533402292,2160.0,1863.6372437129585,True,kappa_0.75
Change Quantity -> Vendor creates invoice,1398.5714627477785,180.4664390469382,38.07142686261111,4.740206866902834,2160.0,1969.6428656869448,True,kappa_0.75
Clear Invoice -> Clear Invoice,1246.1610095735418,302.22152308802663,45.69194952132295,6.614327605938321,2160.0,1931.5402523933853,True,kappa_0.75
Clear Invoice -> Record Invoice Receipt,1110.2870370370367,140.5769739031697,52.48564814814821,2.678388833198195,2160.0,1897.5717592592591,True,kappa_0.75
Create Purchase Order Item -> Change Approval for Purchase Order,324.75630630630604,39.88372785964698,91.76218468468478,0.43464230932051495,1122.4308634992449,1122.4308634992449,False,kappa_0.75
Create Purchase Order Item -> Change Price,1135.6522884953915,143.52988229987565,51.217385575230466,2.8023664364720906,2160.0,1903.9130721238478,True,kappa_0.75
Create Purchase Order Item -> Change Quantity,1421.59933190807,108.8737315276878,36.92003340459653,2.9489066365290193,2160.0,1975.3998329770175,True,kappa_0.75
Create Purchase Order Item -> Delete Purchase Order Item,1052.837118977384,92.90312064342369,55.35814405113084,1.6782195688788792,2160.0,1883.209279744346,True,kappa_0.75
Create Purchase Order Item -> Receive Order Confirmation,198.07033514804843,11.905230778015813,98.09648324259767,0.12136246259280838,436.17495070836446,436.17495070836446,False,kappa_0.75
Create Purchase Order Item -> Record Goods Receipt,1269.0554537498435,103.84917530370471,44.547227312507864,2.331215242088618,2160.0,1937.263863437461,True,kappa_0.75
Create Purchase Order Item -> Record Invoice Receipt,715.2726770630277,151.71910632498134,72.23636614684868,2.100314764125218,2160.0,1798.818169265757,True,kappa_0.75
Create Purchase Order Item -> Record Service Entry Sheet,243.7026066350709,15.310412942188044,95.81486966824654,0.1597916168461061,549.9108654788315,549.9108654788315,False,kappa_0.75
Create Purchase Order Item -> Vendor creates debit memo,1259.9575055187638,165.41390126041446,45.00212472406185,3.675690920699363,2160.0,1934.9893763796908,True,kappa_0.75
Create Purchase Order Item -> Vendor creates invoice,1334.7359484375643,87.77796575866755,41.26320257812182,2.127269825760164,2160.0,1953.6839871093912,True,kappa_0.75
Create Purchase Requisition Item -> Create Purchase Order Item,360.7418960244646,20.215818793638213,89.96290519877685,0.2247128274589455,765.0582718972285,765.0582718972285,False,kappa_0.75
Receive Order Confirmation -> Delete Purchase Order Item,1060.8398550724635,180.47549420289855,54.95800724637687,3.283879879301782,2160.0,1885.2099637681158,True,kappa_0.75
Receive Order Confirmation -> Record Goods Receipt,703.3196775145742,37.50101279227991,72.83401612427134,0.514883220613493,1453.3399333601717,1453.3399333601717,False,kappa_0.75
Receive Order Confirmation -> Vendor creates invoice,664.8382397687507,73.87189481750127,74.75808801156253,0.98814585528292,2142.276136118775,1786.2095599421878,False,kappa_0.75
Record Goods Receipt -> Cancel Goods Receipt,823.0315521628494,74.67840544614795,66.84842239185758,1.1171304089779701,2160.0,1825.7578880407123,True,kappa_0.75
Record Goods Receipt -> Change Quantity,671.0886724386721,50.678815133351414,74.44556637806646,0.6807499438715087,1684.6649751056993,1684.6649751056993,False,kappa_0.75
Record Goods Receipt -> Record Goods Receipt,112.77440737432184,4.4476235317257915,102.361279631284,0.043450253335505326,201.7268780088376,201.7268780088376,False,kappa_0.75
Record Goods Receipt -> Record Invoice Receipt,1478.2952402880105,105.5169447550497,34.085237985599505,3.0956786864633017,2160.0,1989.5738100720027,True,kappa_0.75
Record Goods Receipt -> Record Service Entry Sheet,15.910526987774894,0.5831238483576162,107.20447365061135,0.005439361143249183,27.57300395492721,27.57300395492721,False,kappa_0.75
Record Goods Receipt -> Remove Payment Block,712.2854035087718,38.08085869295344,72.38572982456148,0.5260824030544219,1473.90257736784,1473.90257736784,False,kappa_0.75
Record Goods Receipt -> Vendor creates invoice,513.5256383572769,33.7120137757311,82.32371808213622,0.40950548105827617,1187.7659138718982,1187.7659138718982,False,kappa_0.75
Record Invoice Receipt -> Cancel Invoice Receipt,1569.344543787253,319.7264577112759,29.532772810637372,10.82615776586051,2160.0,2012.3361359468133,True,kappa_0.75
Record Invoice Receipt -> Change Price,1514.8658223889925,203.7643006045445,32.256708880550406,6.316958787057374,2160.0,1998.7164555972481,True,kappa_0.75
Record Invoice Receipt -> Clear Invoice,2160.0,602.001861731894,0.0,,2160.0,2160.0,True,kappa_0.75
Record Invoice Receipt -> Record Goods Receipt,363.2275324326138,23.06251002215268,89.83862337836939,0.25671041201311956,824.477732875667,824.477732875667,False,kappa_0.75
Record Invoice Receipt -> Record Invoice Receipt,810.5301231104874,63.487542430402804,67.4734938444757,0.9409256704082882,2080.2809717185423,1822.632530777622,False,kappa_0.75
Record Invoice Receipt -> Remove Payment Block,1668.4013520971293,585.2157226982888,24.579932395143555,23.80867910010665,2160.0,2037.1003380242823,True,kappa_0.75
Record Invoice Receipt -> Vendor creates invoice,811.8329109062979,77.34445037220843,67.40835445468517,1.1474015498212873,2160.0,1822.9582277265745,True,kappa_0.75
Record Service Entry Sheet -> Record Goods Receipt,48.87165254866989,3.087495582470143,105.5564173725666,0.029249719337978992,110.62156419807269,110.62156419807269,False,kappa_0.75
Record Service Entry Sheet -> Record Invoice Receipt,930.7698825931595,103.63172897736942,61.46150587034208,1.6861241440453603,2160.0,1852.69247064829,True,kappa_0.75
Record Service Entry Sheet -> Record Service Entry Sheet,0.3469238099001899,0.022055790201206765,107.9826538095051,0.00020425308531605397,0.7880396139243249,0.7880396139243249,False,kappa_0.75
Record Service Entry Sheet -> Vendor creates invoice,823.1975598526703,155.08642784590376,66.84012200736655,2.3202594966659613,2160.0,1825.7993899631676,True,kappa_0.75
Release Purchase Order -> Change Approval for Purchase Order,433.43181818181813,72.74717948717948,86.32840909090918,0.8426794870107265,1888.3754079254063,1728.3579545454545,False,kappa_0.75
Remove Payment Block -> Clear Invoice,2160.0,628.0003006964268,0.0,,2160.0,2160.0,True,kappa_0.75
SRM: Awaiting Approval -> SRM: Document Completed,0.0,0.0,108.0000000000001,0.0,0.0,0.0,False,kappa_0.75
SRM: Complete -> SRM: Awaiting Approval,0.0,0.0,108.0000000000001,0.0,0.0,0.0,False,kappa_0.75
SRM: Created -> SRM: Complete,2.0217827626918536,0.524690537211978,107.89891086186549,0.004862797344485693,12.515593506931406,12.515593506931406,False,kappa_0.75
SRM: Document Completed -> SRM: In Transfer to Execution Syst.,3.159692671394796,0.5605501059224455,107.84201536643036,0.005197882328309459,14.370694789843695,14.370694789843695,False,kappa_0.75
SRM: In Transfer to Execution Syst. -> SRM: Ordered,0.0005931198102016601,2.9655990510083866e-05,107.99997034400958,2.7459258012406287e-07,0.001186239620403337,0.001186239620403337,False,kappa_0.75
Vendor creates debit memo -> Record Goods Receipt,467.84608501118544,38.999459269418246,84.6076957494408,0.46094458576099456,1247.8352703995497,1247.8352703995497,False,kappa_0.75
Vendor creates debit memo -> Record Invoice Receipt,1507.448796147672,200.55803172819682,32.62756019261643,6.146890253031633,2160.0,1996.8621990369181,True,kappa_0.75
Vendor creates debit memo -> Vendor creates invoice,149.8272800645681,10.324374495560956,100.50863599677167,0.10272126761219379,356.31476997578704,356.31476997578704,False,kappa_0.75
Vendor creates invoice -> Change Quantity,563.7522426095819,42.20922277903999,79.81238786952098,0.5288555311494318,1407.9366981903809,1407.9366981903809,False,kappa_0.75
Vendor creates invoice -> Clear Invoice,2160.0,784.8687770098167,0.0,,2160.0,2160.0,True,kappa_0.75
Vendor creates invoice -> Create Purchase Order Item,2140.7965116279065,382.1909584806306,0.9601744186046752,398.04326284388026,2160.0,2155.1991279069766,True,kappa_0.75
Vendor creates invoice -> Record Goods Receipt,275.67721465640744,11.776208815541919,94.21613926717971,0.12499141768213137,511.20139096724563,511.20139096724563,False,kappa_0.75
Vendor creates invoice -> Record Invoice Receipt,1448.0267139587402,104.75572840659095,35.59866430206302,2.942687049090213,2160.0,1982.006678489685,True,kappa_0.75
Vendor creates invoice -> Vendor creates debit memo,118.96348645465243,10.861651655640884,102.05182567726747,0.10643270302669723,336.1965195674699,336.1965195674699,False,kappa_0.75
Vendor creates invoice -> Vendor creates invoice,876.7167919799497,102.90285989404569,64.16416040100258,1.6037435735298395,2160.0,1839.1791979949876,True,kappa_0.75
Cancel Invoice Receipt -> Clear Invoice,1304.4006523157207,238.2837328767123,42.779967384214004,5.569983977235103,2160.0,2117.220032615786,True,kappa_0.95
Change Approval for Purchase Order -> Change Approval for Purchase Order,1913.1543689320386,469.52996001413015,12.342281553398083,38.04239580686433,2160.0,2147.657718446602,True,kappa_0.95
Change Price -> Change Quantity,1683.1240875912404,259.9213074049133,23.843795620438,10.901003831039324,2160.0,2136.156204379562,True,kappa_0.95
Change Price -> Record Goods Receipt,1045.0849372384935,119.34419099818884,55.74575313807538,2.1408660620762974,2160.0,2104.254246861925,True,kappa_0.95
Change Price -> Remove Payment Block,415.1710596914819,47.187687214194256,87.24144701542599,0.5408861135218281,1358.924803975366,1358.924803975366,False,kappa_0.95
Change Price -> Vendor creates invoice,1180.219950738916,143.83948560717639,48.98900246305425,2.936158696345266,2160.0,2111.010997536946,True,kappa_0.95
Change Quantity -> Change Delivery Indicator,824.459288537549,60.39904479578401,66.7770355731226,0.9044882612323434,2032.440184453228,2032.440184453228,False,kappa_0.95
Change Quantity -> Change Quantity,940.4609851787269,84.29731726528175,60.97695074106372,1.382445600194852,2160.0,2099.023049258936,True,kappa_0.95
Change Quantity -> Record Goods Receipt,974.5489748518337,111.92391122958614,59.27255125740837,1.8882924533402292,2160.0,2100.7274487425916,True,kappa_0.95
Change Quantity -> Vendor creates invoice,1398.5714627477785,180.4664390469382,38.07142686261111,4.740206866902834,2160.0,2121.928573137389,True,kappa_0.95
Clear Invoice -> Clear Invoice,1246.1610095735418,302.22152308802663,45.69194952132295,6.614327605938321,2160.0,2114.308050478677,True,kappa_0.95
Clear Invoice -> Record Invoice Receipt,1110.2870370370367,140.5769739031697,52.48564814814821,2.678388833198195,2160.0,2107.5143518518516,True,kappa_0.95
Create Purchase Order Item -> Change Approval for Purchase Order,324.75630630630604,39.88372785964698,91.76218468468478,0.43464230932051495,1122.4308634992449,1122.4308634992449,False,kappa_0.95
Create Purchase Order Item -> Change Price,1135.6522884953915,143.52988229987565,51.217385575230466,2.8023664364720906,2160.0,2108.7826144247697,True,kappa_0.95
Create Purchase Order Item -> Change Quantity,1421.59933190807,108.8737315276878,36.92003340459653,2.9489066365290193,2160.0,2123.0799665954037,True,kappa_0.95
Create Purchase Order Item -> Delete Purchase Order Item,1052.837118977384,92.90312064342369,55.35814405113084,1.6782195688788792,2160.0,2104.6418559488693,True,kappa_0.95
Create Purchase Order Item -> Receive Order Confirmation,198.07033514804843,11.905230778015813,98.09648324259767,0.12136246259280838,436.17495070836446,436.17495070836446,False,kappa_0.95
Create Purchase Order Item -> Record Goods Receipt,1269.0554537498435,103.84917530370471,44.547227312507864,2.331215242088618,2160.0,2115.452772687492,True,kappa_0.95
Create Purchase Order Item -> Record Invoice Receipt,715.2726770630277,151.71910632498134,72.23636614684868,2.100314764125218,2160.0,2087.7636338531515,True,kappa_0.95
Create Purchase Order Item -> Record Service Entry Sheet,243.7026066350709,15.310412942188044,95.81486966824654,0.1597916168461061,549.9108654788315,549.9108654788315,False,kappa_0.95
Create Purchase Order Item -> Vendor creates debit memo,1259.9575055187638,165.41390126041446,45.00212472406185,3.675690920699363,2160.0,2114.997875275938,True,kappa_0.95
Create Purchase Order Item -> Vendor creates invoice,1334.7359484375643,87.77796575866755,41.26320257812182,2.127269825760164,2160.0,2118.7367974218782,True,kappa_0.95
Create Purchase Requisition Item -> Create Purchase Order Item,360.7418960244646,20.215818793638213,89.96290519877685,0.2247128274589455,765.0582718972285,765.0582718972285,False,kappa_0.95
Receive Order Confirmation -> Delete Purchase Order Item,1060.8398550724635,180.47549420289855,54.95800724637687,3.283879879301782,2160.0,2105.041992753623,True,kappa_0.95
Receive Order Confirmation -> Record Goods Receipt,703.3196775145742,37.50101279227991,72.83401612427134,0.514883220613493,1453.3399333601717,1453.3399333601717,False,kappa_0.95
Receive Order Confirmation -> Vendor creates invoice,664.8382397687507,73.87189481750127,74.75808801156253,0.98814585528292,2142.276136118775,2085.2419119884376,False,kappa_0.95
Record Goods Receipt -> Cancel Goods Receipt,823.0315521628494,74.67840544614795,66.84842239185758,1.1171304089779701,2160.0,2093.1515776081424,True,kappa_0.95
Record Goods Receipt -> Change Quantity,671.0886724386721,50.678815133351414,74.44556637806646,0.6807499438715087,1684.6649751056993,1684.6649751056993,False,kappa_0.95
Record Goods Receipt -> Record Goods Receipt,112.77440737432184,4.4476235317257915,102.361279631284,0.043450253335505326,201.7268780088376,201.7268780088376,False,kappa_0.95
Record Goods Receipt -> Record Invoice Receipt,1478.2952402880105,105.5169447550497,34.085237985599505,3.0956786864633017,2160.0,2125.9147620144004,True,kappa_0.95
Record Goods Receipt -> Record Service Entry Sheet,15.910526987774894,0.5831238483576162,107.20447365061135,0.005439361143249183,27.57300395492721,27.57300395492721,False,kappa_0.95
Record Goods Receipt -> Remove Payment Block,712.2854035087718,38.08085869295344,72.38572982456148,0.5260824030544219,1473.90257736784,1473.90257736784,False,kappa_0.95
Record Goods Receipt -> Vendor creates invoice,513.5256383572769,33.7120137757311,82.32371808213622,0.40950548105827617,1187.7659138718982,1187.7659138718982,False,kappa_0.95
Record Invoice Receipt -> Cancel Invoice Receipt,1569.344543787253,319.7264577112759,29.532772810637372,10.82615776586051,2160.0,2130.4672271893623,True,kappa_0.95
Record Invoice Receipt -> Change Price,1514.8658223889925,203.7643006045445,32.256708880550406,6.316958787057374,2160.0,2127.7432911194496,True,kappa_0.95
Record Invoice Receipt -> Clear Invoice,2160.0,602.001861731894,0.0,,2160.0,2160.0,True,kappa_0.95
Record Invoice Receipt -> Record Goods Receipt,363.2275324326138,23.06251002215268,89.83862337836939,0.25671041201311956,824.477732875667,824.477732875667,False,kappa_0.95
Record Invoice Receipt -> Record Invoice Receipt,810.5301231104874,63.487542430402804,67.4734938444757,0.9409256704082882,2080.2809717185423,2080.2809717185423,False,kappa_0.95
Record Invoice Receipt -> Remove Payment Block,1668.4013520971293,585.2157226982888,24.579932395143555,23.80867910010665,2160.0,2135.4200676048563,True,kappa_0.95
Record Invoice Receipt -> Vendor creates invoice,811.8329109062979,77.34445037220843,67.40835445468517,1.1474015498212873,2160.0,2092.591645545315,True,kappa_0.95
Record Service Entry Sheet -> Record Goods Receipt,48.87165254866989,3.087495582470143,105.5564173725666,0.029249719337978992,110.62156419807269,110.62156419807269,False,kappa_0.95
Record Service Entry Sheet -> Record Invoice Receipt,930.7698825931595,103.63172897736942,61.46150587034208,1.6861241440453603,2160.0,2098.538494129658,True,kappa_0.95
Record Service Entry Sheet -> Record Service Entry Sheet,0.3469238099001899,0.022055790201206765,107.9826538095051,0.00020425308531605397,0.7880396139243249,0.7880396139243249,False,kappa_0.95
Record Service Entry Sheet -> Vendor creates invoice,823.1975598526703,155.08642784590376,66.84012200736655,2.3202594966659613,2160.0,2093.1598779926335,True,kappa_0.95
Release Purchase Order -> Change Approval for Purchase Order,433.43181818181813,72.74717948717948,86.32840909090918,0.8426794870107265,1888.3754079254063,1888.3754079254063,False,kappa_0.95
Remove Payment Block -> Clear Invoice,2160.0,628.0003006964268,0.0,,2160.0,2160.0,True,kappa_0.95
SRM: Awaiting Approval -> SRM: Document Completed,0.0,0.0,108.0000000000001,0.0,0.0,0.0,False,kappa_0.95
SRM: Complete -> SRM: Awaiting Approval,0.0,0.0,108.0000000000001,0.0,0.0,0.0,False,kappa_0.95
SRM: Created -> SRM: Complete,2.0217827626918536,0.524690537211978,107.89891086186549,0.004862797344485693,12.515593506931406,12.515593506931406,False,kappa_0.95
SRM: Document Completed -> SRM: In Transfer to Execution Syst.,3.159692671394796,0.5605501059224455,107.84201536643036,0.005197882328309459,14.370694789843695,14.370694789843695,False,kappa_0.95
SRM: In Transfer to Execution Syst. -> SRM: Ordered,0.0005931198102016601,2.9655990510083866e-05,107.99997034400958,2.7459258012406287e-07,0.001186239620403337,0.001186239620403337,False,kappa_0.95
Vendor creates debit memo -> Record Goods Receipt,467.84608501118544,38.999459269418246,84.6076957494408,0.46094458576099456,1247.8352703995497,1247.8352703995497,False,kappa_0.95
Vendor creates debit memo -> Record Invoice Receipt,1507.448796147672,200.55803172819682,32.62756019261643,6.146890253031633,2160.0,2127.3724398073837,True,kappa_0.95
Vendor creates debit memo -> Vendor creates invoice,149.8272800645681,10.324374495560956,100.50863599677167,0.10272126761219379,356.31476997578704,356.31476997578704,False,kappa_0.95
Vendor creates invoice -> Change Quantity,563.7522426095819,42.20922277903999,79.81238786952098,0.5288555311494318,1407.9366981903809,1407.9366981903809,False,kappa_0.95
Vendor creates invoice -> Clear Invoice,2160.0,784.8687770098167,0.0,,2160.0,2160.0,True,kappa_0.95
Vendor creates invoice -> Create Purchase Order Item,2140.7965116279065,382.1909584806306,0.9601744186046752,398.04326284388026,2160.0,2159.0398255813952,True,kappa_0.95
Vendor creates invoice -> Record Goods Receipt,275.67721465640744,11.776208815541919,94.21613926717971,0.12499141768213137,511.20139096724563,511.20139096724563,False,kappa_0.95
Vendor creates invoice -> Record Invoice Receipt,1448.0267139587402,104.75572840659095,35.59866430206302,2.942687049090213,2160.0,2124.401335697937,True,kappa_0.95
Vendor creates invoice -> Vendor creates debit memo,118.96348645465243,10.861651655640884,102.05182567726747,0.10643270302669723,336.1965195674699,336.1965195674699,False,kappa_0.95
Vendor creates invoice -> Vendor creates invoice,876.7167919799497,102.90285989404569,64.16416040100258,1.6037435735298395,2160.0,2095.8358395989976,True,kappa_0.95
Cancel Invoice Receipt -> Clear Invoice,1304.4006523157207,238.2837328767123,42.779967384214004,5.569983977235103,2160.0,2151.4440065231574,True,kappa_0.99
Change Approval for Purchase Order -> Change Approval for Purchase Order,1913.1543689320386,469.52996001413015,12.342281553398083,38.04239580686433,2160.0,2157.53154368932,True,kappa_0.99
Change Price -> Change Quantity,1683.1240875912404,259.9213074049133,23.843795620438,10.901003831039324,2160.0,2155.2312408759126,True,kappa_0.99
Change Price -> Record Goods Receipt,1045.0849372384935,119.34419099818884,55.74575313807538,2.1408660620762974,2160.0,2148.850849372385,True,kappa_0.99
Change Price -> Remove Payment Block,415.1710596914819,47.187687214194256,87.24144701542599,0.5408861135218281,1358.924803975366,1358.924803975366,False,kappa_0.99
Change Price -> Vendor creates invoice,1180.219950738916,143.83948560717639,48.98900246305425,2.936158696345266,2160.0,2150.202199507389,True,kappa_0.99
Change Quantity -> Change Delivery Indicator,824.459288537549,60.39904479578401,66.7770355731226,0.9044882612323434,2032.440184453228,2032.440184453228,False,kappa_0.99
Change Quantity -> Change Quantity,940.4609851787269,84.29731726528175,60.97695074106372,1.382445600194852,2160.0,2147.8046098517875,True,kappa_0.99
Change Quantity -> Record Goods Receipt,974.5489748518337,111.92391122958614,59.27255125740837,1.8882924533402292,2160.0,2148.1454897485182,True,kappa_0.99
Change Quantity -> Vendor creates invoice,1398.5714627477785,180.4664390469382,38.07142686261111,4.740206866902834,2160.0,2152.3857146274777,True,kappa_0.99
Clear Invoice -> Clear Invoice,1246.1610095735418,302.22152308802663,45.69194952132295,6.614327605938321,2160.0,2150.861610095735,True,kappa_0.99
Clear Invoice -> Record Invoice Receipt,1110.2870370370367,140.5769739031697,52.48564814814821,2.678388833198195,2160.0,2149.50287037037,True,kappa_0.99
Create Purchase Order Item -> Change Approval for Purchase Order,324.75630630630604,39.88372785964698,91.76218468468478,0.43464230932051495,1122.4308634992449,1122.4308634992449,False,kappa_0.99
Create Purchase Order Item -> Change Price,1135.6522884953915,143.52988229987565,51.217385575230466,2.8023664364720906,2160.0,2149.756522884954,True,kappa_0.99
Create Purchase Order Item -> Change Quantity,1421.59933190807,108.8737315276878,36.92003340459653,2.9489066365290193,2160.0,2152.6159933190806,True,kappa_0.99
Create Purchase Order Item -> Delete Purchase Order Item,1052.837118977384,92.90312064342369,55.35814405113084,1.6782195688788792,2160.0,2148.9283711897738,True,kappa_0.99
Create Purchase Order Item -> Receive Order Confirmation,198.07033514804843,11.905230778015813,98.09648324259767,0.12136246259280838,436.17495070836446,436.17495070836446,False,kappa_0.99
Create Purchase Order Item -> Record Goods Receipt,1269.0554537498435,103.84917530370471,44.547227312507864,2.331215242088618,2160.0,2151.0905545374985,True,kappa_0.99
Create Purchase Order Item -> Record Invoice Receipt,715.2726770630277,151.71910632498134,72.23636614684868,2.100314764125218,2160.0,2145.55272677063,True,kappa_0.99
Create Purchase Order Item -> Record Service Entry Sheet,243.7026066350709,15.310412942188044,95.81486966824654,0.1597916168461061,549.9108654788315,549.9108654788315,False,kappa_0.99
Create Purchase Order Item -> Vendor creates debit memo,1259.9575055187638,165.41390126041446,45.00212472406185,3.675690920699363,2160.0,2150.9995750551875,True,kappa_0.99
Create Purchase Order Item -> Vendor creates invoice,1334.7359484375643,87.77796575866755,41.26320257812182,2.127269825760164,2160.0,2151.7473594843755,True,kappa_0.99
Create Purchase Requisition Item -> Create Purchase Order Item,360.7418960244646,20.215818793638213,89.96290519877685,0.2247128274589455,765.0582718972285,765.0582718972285,False,kappa_0.99
Receive Order Confirmation -> Delete Purchase Order Item,1060.8398550724635,180.47549420289855,54.95800724637687,3.283879879301782,2160.0,2149.0083985507245,True,kappa_0.99
Receive Order Confirmation -> Record Goods Receipt,703.3196775145742,37.50101279227991,72.83401612427134,0.514883220613493,1453.3399333601717,1453.3399333601717,False,kappa_0.99
Receive Order Confirmation -> Vendor creates invoice,664.8382397687507,73.87189481750127,74.75808801156253,0.98814585528292,2142.276136118775,2142.276136118775,False,kappa_0.99
Record Goods Receipt -> Cancel Goods Receipt,823.0315521628494,74.67840544614795,66.84842239185758,1.1171304089779701,2160.0,2146.6303155216283,True,kappa_0.99
Record Goods Receipt -> Change Quantity,671.0886724386721,50.678815133351414,74.44556637806646,0.6807499438715087,1684.6649751056993,1684.6649751056993,False,kappa_0.99
Record Goods Receipt -> Record Goods Receipt,112.77440737432184,4.4476235317257915,102.361279631284,0.043450253335505326,201.7268780088376,201.7268780088376,False,kappa_0.99
Record Goods Receipt -> Record Invoice Receipt,1478.2952402880105,105.5169447550497,34.085237985599505,3.0956786864633017,2160.0,2153.18295240288,True,kappa_0.99
Record Goods Receipt -> Record Service Entry Sheet,15.910526987774894,0.5831238483576162,107.20447365061135,0.005439361143249183,27.57300395492721,27.57300395492721,False,kappa_0.99
Record Goods Receipt -> Remove Payment Block,712.2854035087718,38.08085869295344,72.38572982456148,0.5260824030544219,1473.90257736784,1473.90257736784,False,kappa_0.99
Record Goods Receipt -> Vendor creates invoice,513.5256383572769,33.7120137757311,82.32371808213622,0.40950548105827617,1187.7659138718982,1187.7659138718982,False,kappa_0.99
Record Invoice Receipt -> Cancel Invoice Receipt,1569.344543787253,319.7264577112759,29.532772810637372,10.82615776586051,2160.0,2154.0934454378726,True,kappa_0.99
Record Invoice Receipt -> Change Price,1514.8658223889925,203.7643006045445,32.256708880550406,6.316958787057374,2160.0,2153.54865822389,True,kappa_0.99
Record Invoice Receipt -> Clear Invoice,2160.0,602.001861731894,0.0,,2160.0,2160.0,True,kappa_0.99
Record Invoice Receipt -> Record Goods Receipt,363.2275324326138,23.06251002215268,89.83862337836939,0.25671041201311956,824.477732875667,824.477732875667,False,kappa_0.99
Record Invoice Receipt -> Record Invoice Receipt,810.5301231104874,63.487542430402804,67.4734938444757,0.9409256704082882,2080.2809717185423,2080.2809717185423,False,kappa_0.99
Record Invoice Receipt -> Remove Payment Block,1668.4013520971293,585.2157226982888,24.579932395143555,23.80867910010665,2160.0,2155.0840135209714,True,kappa_0.99
Record Invoice Receipt -> Vendor creates invoice,811.8329109062979,77.34445037220843,67.40835445468517,1.1474015498212873,2160.0,2146.5183291090634,True,kappa_0.99
Record Service Entry Sheet -> Record Goods Receipt,48.87165254866989,3.087495582470143,105.5564173725666,0.029249719337978992,110.62156419807269,110.62156419807269,False,kappa_0.99
Record Service Entry Sheet -> Record Invoice Receipt,930.7698825931595,103.63172897736942,61.46150587034208,1.6861241440453603,2160.0,2147.7076988259314,True,kappa_0.99
Record Service Entry Sheet -> Record Service Entry Sheet,0.3469238099001899,0.022055790201206765,107.9826538095051,0.00020425308531605397,0.7880396139243249,0.7880396139243249,False,kappa_0.99
Record Service Entry Sheet -> Vendor creates invoice,823.1975598526703,155.08642784590376,66.84012200736655,2.3202594966659613,2160.0,2146.631975598527,True,kappa_0.99
Release Purchase Order -> Change Approval for Purchase Order,433.43181818181813,72.74717948717948,86.32840909090918,0.8426794870107265,1888.3754079254063,1888.3754079254063,False,kappa_0.99
Remove Payment Block -> Clear Invoice,2160.0,628.0003006964268,0.0,,2160.0,2160.0,True,kappa_0.99
SRM: Awaiting Approval -> SRM: Document Completed,0.0,0.0,108.0000000000001,0.0,0.0,0.0,False,kappa_0.99
SRM: Complete -> SRM: Awaiting Approval,0.0,0.0,108.0000000000001,0.0,0.0,0.0,False,kappa_0.99
SRM: Created -> SRM: Complete,2.0217827626918536,0.524690537211978,107.89891086186549,0.004862797344485693,12.515593506931406,12.515593506931406,False,kappa_0.99
SRM: Document Completed -> SRM: In Transfer to Execution Syst.,3.159692671394796,0.5605501059224455,107.84201536643036,0.005197882328309459,14.370694789843695,14.370694789843695,False,kappa_0.99
SRM: In Transfer to Execution Syst. -> SRM: Ordered,0.0005931198102016601,2.9655990510083866e-05,107.99997034400958,2.7459258012406287e-07,0.001186239620403337,0.001186239620403337,False,kappa_0.99
Vendor creates debit memo -> Record Goods Receipt,467.84608501118544,38.999459269418246,84.6076957494408,0.46094458576099456,1247.8352703995497,1247.8352703995497,False,kappa_0.99
Vendor creates debit memo -> Record Invoice Receipt,1507.448796147672,200.55803172819682,32.62756019261643,6.146890253031633,2160.0,2153.474487961477,True,kappa_0.99
Vendor creates debit memo -> Vendor creates invoice,149.8272800645681,10.324374495560956,100.50863599677167,0.10272126761219379,356.31476997578704,356.31476997578704,False,kappa_0.99
Vendor creates invoice -> Change Quantity,563.7522426095819,42.20922277903999,79.81238786952098,0.5288555311494318,1407.9366981903809,1407.9366981903809,False,kappa_0.99
Vendor creates invoice -> Clear Invoice,2160.0,784.8687770098167,0.0,,2160.0,2160.0,True,kappa_0.99
Vendor creates invoice -> Create Purchase Order Item,2140.7965116279065,382.1909584806306,0.9601744186046752,398.04326284388026,2160.0,2159.807965116279,True,kappa_0.99
Vendor creates invoice -> Record Goods Receipt,275.67721465640744,11.776208815541919,94.21613926717971,0.12499141768213137,511.20139096724563,511.20139096724563,False,kappa_0.99
Vendor creates invoice -> Record Invoice Receipt,1448.0267139587402,104.75572840659095,35.59866430206302,2.942687049090213,2160.0,2152.8802671395874,True,kappa_0.99
Vendor creates invoice -> Vendor creates debit memo,118.96348645465243,10.861651655640884,102.05182567726747,0.10643270302669723,336.1965195674699,336.1965195674699,False,kappa_0.99
Vendor creates invoice -> Vendor creates invoice,876.7167919799497,102.90285989404569,64.16416040100258,1.6037435735298395,2160.0,2147.1671679198,True,kappa_0.99
