transition,cvar,epsilon,epsilon_sat,rho,risk,sa_risk,saturated,configuration
A_Accepted -> O_Create Offer,51.16096667688587,1.262511129423432,105.4419516661558,0.01197351821996544,76.4111892653545,76.4111892653545,False,primary
A_Cancelled -> O_Cancelled,9.569686820612254e-05,4.672953456645163e-06,107.99999521515667,4.326808947848326e-08,0.00018915593733902572,0.00018915593733902572,False,primary
A_Complete -> A_Cancelled,745.0451601683441,393.6721647393946,70.74774199158287,5.564448470825137,2160.0,2018.5045160168347,True,primary
A_Complete -> A_Validating,545.893353513175,17.380443439478732,80.70533232434131,0.2153568164446634,893.5022223027494,893.5022223027494,False,primary
A_Complete -> O_Create Offer,653.447089835142,116.78133286288796,75.32764550824297,1.5503117358169491,2160.0,2009.344708983514,True,primary
A_Concept -> A_Accepted,215.65807087021497,11.57373720200411,97.21709645648934,0.11905043067382776,447.132814910297,447.132814910297,False,primary
A_Create Application -> A_Concept,4.991517984506329e-05,2.6560996976435717e-06,107.99999750424111,2.4593516287250544e-08,0.00010303717379793467,0.00010303717379793467,False,primary
A_Create Application -> A_Submitted,0.0002726515260797959,1.1332351078752473e-05,107.99998636742379,1.0492918990007084e-07,0.0004992985476548451,0.0004992985476548451,False,primary
A_Denied -> O_Refused,6.563223679165707e-05,3.4423165401426686e-06,107.99999671838826,3.1873302266096956e-08,0.0001344785675945104,0.0001344785675945104,False,primary
A_Incomplete -> A_Validating,434.46809131259033,21.050710040927544,86.27659543437056,0.24399096805970438,855.4822921311409,855.4822921311409,False,primary
A_Incomplete -> O_Accepted,511.64591302950686,106.1458506139373,82.41770434852474,1.2879010820911962,2160.0,1995.1645913029508,True,primary
A_Incomplete -> O_Create Offer,459.81023463918376,37.26754861137873,85.00948826804088,0.43839281203377595,1205.1612068667578,1205.1612068667578,False,primary
A_Incomplete -> W_Call incomplete files,226.7306213417786,11.842727546069012,96.66346893291114,0.1225150274121489,463.5851722631586,463.5851722631586,False,primary
A_Pending -> O_Cancelled,2.601722802942314e-05,1.058275868254957e-06,107.9999986991387,9.798850750017617e-09,4.718274539452226e-05,4.718274539452226e-05,False,primary
A_Pending -> W_Validate application,1.2726614754916638e-05,4.679789678402314e-07,107.99999936366936,4.3331386166438915e-09,2.2086194111721256e-05,2.2086194111721256e-05,False,primary
A_Submitted -> A_Concept,0.7035906351910082,0.06271090246279877,107.96482046824053,0.0005808457068776965,1.9578086844469824,1.9578086844469824,False,primary
A_Submitted -> W_Handle leads,33.6630553298611,1.4892896197181187,106.31684723350705,0.014008030321357676,63.44884772422345,63.44884772422345,False,primary
A_Validating -> A_Incomplete,95.53087038862176,7.6862743774632865,103.22345648056901,0.07446247819564313,249.25635793788734,249.25635793788734,False,primary
A_Validating -> O_Accepted,100.44815965144184,3.2847996748124215,102.977592017428,0.031898198534847266,166.14415314769022,166.14415314769022,False,primary
A_Validating -> O_Returned,17.886374891375112,0.6585559706730659,107.10568125543135,0.006148655822490932,31.057494304836418,31.057494304836418,False,primary
A_Validating -> W_Validate application,114.28031475347663,7.771228626075201,102.28598426232625,0.07597549832580028,269.7048872749805,269.7048872749805,False,primary
O_Accepted -> A_Pending,3.066248610506982e-05,1.0537476801606075e-06,107.9999984668758,9.756923102955393e-09,5.173743970828195e-05,5.173743970828195e-05,False,primary
O_Cancelled -> O_Cancelled,11.46049600994512,2.9799475430365234,107.42697519950285,0.027739285570523204,71.05944687067554,71.05944687067554,False,primary
O_Create Offer -> O_Created,0.0006961475814696117,4.101018232641784e-05,107.99996519262102,3.797240328112607e-07,0.0015163512279979677,0.0015163512279979677,False,primary
O_Created -> O_Create Offer,33.530504733736294,4.805753258687045,106.32347476331327,0.045199362317542145,129.64556990747712,129.64556990747712,False,primary
O_Created -> O_Sent (mail and online),7.612570452338227,0.4322735927058648,107.61937147738318,0.004016689437706942,16.258042306455515,16.258042306455515,False,primary
O_Created -> O_Sent (online only),4.751514021214698,0.3972278001193889,107.76242429893935,0.003686143873466093,12.69607002360247,12.69607002360247,False,primary
O_Refused -> W_Validate application,3.246639089968976e-05,1.4151692114281062e-06,107.99999837668054,1.3103418821288343e-08,6.0769775128251854e-05,6.0769775128251854e-05,False,primary
O_Returned -> A_Denied,150.0421937523308,22.018234873193844,100.49789031238355,0.21909151331190396,590.4068912162073,590.4068912162073,False,primary
O_Returned -> A_Incomplete,128.396567084908,22.99446671755826,101.58017164575469,0.2263676694478126,588.2859014360728,588.2859014360728,False,primary
O_Returned -> O_Accepted,146.4221601125635,21.30449739914874,100.67889199437191,0.21160838162918688,572.5121080955379,572.5121080955379,False,primary
O_Returned -> W_Validate application,145.14263937002988,32.73402455596144,100.74286803149859,0.32492647068303354,799.8231304892581,799.8231304892581,False,primary
O_Sent (mail and online) -> A_Complete,5.4903856296015004e-05,1.7841851891656408e-06,107.99999725480728,1.6520233652933944e-08,9.05875600793278e-05,9.05875600793278e-05,False,primary
O_Sent (mail and online) -> A_Validating,532.4726611160892,41.84919170672936,81.37636694419562,0.5142671426389398,1369.4564952506755,1369.4564952506755,False,primary
O_Sent (mail and online) -> O_Sent (mail and online),0.000546169422477833,2.8563307173687586e-05,107.99997269152897,2.6447513329721393e-07,0.0011174355659515842,0.0011174355659515842,False,primary
O_Sent (mail and online) -> W_Complete application,4.0239587413500436e-05,2.8868316931916045e-06,107.99999798802071,2.67299235830709e-08,9.797622127733247e-05,9.797622127733247e-05,False,primary
W_Call incomplete files -> A_Validating,6.436797909020129e-05,3.6926402412513534e-06,107.99999678160114,3.419111436381479e-08,0.0001382207839152283,0.0001382207839152283,False,primary
W_Complete application -> A_Complete,2.9521040761670437e-05,1.1607015722907739e-06,107.99999852394807,1.07472369273542e-08,5.27350722074859e-05,5.27350722074859e-05,False,primary
W_Handle leads -> A_Concept,3.775912106135985e-05,1.6439408682212588e-06,107.99999811204405,1.5221674971843617e-08,7.063793842578499e-05,7.063793842578499e-05,False,primary
W_Validate application -> A_Incomplete,0.004998553756429756,0.0005485560062647726,107.99975007231227,5.079234034314724e-06,0.0159696738817252,0.0159696738817252,False,primary
W_Validate application -> O_Cancelled,1.860623781676413e-05,1.172774717802258e-06,107.9999990696882,1.0859025258375346e-08,4.206173217280927e-05,4.206173217280927e-05,False,primary
A_Accepted -> O_Create Offer,51.16096667688587,1.9966197418269709,105.4419516661558,0.01893572444626739,91.09336151342525,91.09336151342525,False,block_7d
A_Cancelled -> O_Cancelled,9.569686820612254e-05,4.645154275114598e-06,107.99999521515667,4.301068963809268e-08,0.00018859995370841442,0.00018859995370841442,False,block_7d
A_Complete -> A_Cancelled,745.0451601683441,37.54577901989249,70.74774199158287,0.5306993264090246,1495.9607405661932,1495.9607405661932,False,block_7d
A_Complete -> A_Validating,545.893353513175,27.17964417910524,80.70533232434131,0.33677631200222025,1089.4862370952792,1089.4862370952792,False,block_7d
A_Complete -> O_Create Offer,653.447089835142,128.23439753841635,75.32764550824297,1.7023550473827553,2160.0,2009.344708983514,True,block_7d
A_Concept -> A_Accepted,215.65807087021497,13.98453653747924,97.21709645648934,0.1438485312481862,495.3488016197995,495.3488016197995,False,block_7d
A_Create Application -> A_Concept,4.991517984506329e-05,3.4442836446705483e-06,107.99999750424111,3.189151596540818e-08,0.0001188008527384742,0.0001188008527384742,False,block_7d
A_Create Application -> A_Submitted,0.0002726515260797959,1.4793359632977275e-05,107.99998636742379,1.3697556944728855e-07,0.0005685187187393411,0.0005685187187393411,False,block_7d
A_Denied -> O_Refused,6.563223679165707e-05,3.463883137796223e-06,107.99999671838826,3.207299299117901e-08,0.00013490989954758145,0.00013490989954758145,False,block_7d
A_Incomplete -> A_Validating,434.46809131259033,19.869123295916296,86.27659543437056,0.2302956345910806,831.8505572309159,831.8505572309159,False,block_7d
A_Incomplete -> O_Accepted,511.64591302950686,128.1673671628151,82.41770434852474,1.555095087589749,2160.0,1995.1645913029508,True,block_7d
A_Incomplete -> O_Create Offer,459.81023463918376,43.10499331679315,85.00948826804088,0.507060966899131,1321.910100975046,1321.910100975046,False,block_7d
A_Incomplete -> W_Call incomplete files,226.7306213417786,21.41181888332912,96.66346893291114,0.22150890217058006,654.9669990083605,654.9669990083605,False,block_7d
A_Pending -> O_Cancelled,2.601722802942314e-05,1.5414730933023614e-06,107.9999986991387,1.4272899183976144e-08,5.6846689895470346e-05,5.6846689895470346e-05,False,block_7d
A_Pending -> W_Validate application,1.2726614754916638e-05,7.337868646556683e-07,107.99999936366936,6.79432286091763e-09,2.740235204802999e-05,2.740235204802999e-05,False,block_7d
A_Submitted -> A_Concept,0.7035906351910082,0.05852734808420343,107.96482046824053,0.000542096470224022,1.8741375968750758,1.8741375968750758,False,block_7d
A_Submitted -> W_Handle leads,33.6630553298611,2.408762115022793,106.31684723350705,0.02265644794500304,81.83829763031692,81.83829763031692,False,block_7d
A_Validating -> A_Incomplete,95.53087038862176,11.091765910056093,103.22345648056901,0.10745392847936679,317.36618858974344,317.36618858974344,False,block_7d
A_Validating -> O_Accepted,100.44815965144184,6.718489006998745,102.977592017428,0.06524224227210229,234.81793979141662,234.81793979141662,False,block_7d
A_Validating -> O_Returned,17.886374891375112,0.7095908711587772,107.10568125543135,0.0066251468908218505,32.07819231455064,32.07819231455064,False,block_7d
A_Validating -> W_Validate application,114.28031475347663,9.83611819803355,102.28598426232625,0.09616291292468275,311.00267871414746,311.00267871414746,False,block_7d
O_Accepted -> A_Pending,3.066248610506982e-05,1.6124403438209597e-06,107.9999984668758,1.493000339546768e-08,6.291129298148899e-05,6.291129298148899e-05,False,block_7d
O_Cancelled -> O_Cancelled,11.46049600994512,1.971283882898272,107.42697519950285,0.01834998964866503,50.88617366791052,50.88617366791052,False,block_7d
O_Create Offer -> O_Created,0.0006961475814696117,3.635555399251969e-05,107.99996519262102,3.366256084219891e-07,0.001423258661320005,0.001423258661320005,False,block_7d
O_Created -> O_Create Offer,33.530504733736294,5.650982532611172,106.32347476331327,0.05314896400057303,146.5501553859596,146.5501553859596,False,block_7d
O_Created -> O_Sent (mail and online),7.612570452338227,0.4913039783821732,107.61937147738318,0.004565200220347166,17.438650019981683,17.438650019981683,False,block_7d
O_Created -> O_Sent (online only),4.751514021214698,0.8466519936675193,107.76242429893935,0.007856653181064826,21.68455389456507,21.68455389456507,False,block_7d
O_Refused -> W_Validate application,3.246639089968976e-05,2.188992161379732e-06,107.99999837668054,2.026844624335088e-08,7.624623412728436e-05,7.624623412728436e-05,False,block_7d
O_Returned -> A_Denied,150.0421937523308,34.53951444734058,100.49789031238355,0.3436839752553945,840.8324826991418,840.8324826991418,False,block_7d
O_Returned -> A_Incomplete,128.396567084908,20.855675930949783,101.58017164575469,0.20531246987532925,545.5100857039033,545.5100857039033,False,block_7d
O_Returned -> O_Accepted,146.4221601125635,23.59542564081825,100.67889199437191,0.23436318351752686,618.330672928928,618.330672928928,False,block_7d
O_Returned -> W_Validate application,145.14263937002988,36.114006435180336,100.74286803149859,0.3584770529253626,867.422768073636,867.422768073636,False,block_7d
O_Sent (mail and online) -> A_Complete,5.4903856296015004e-05,2.610120031248446e-06,107.99999725480728,2.416777868142274e-08,0.00010710625692098388,0.00010710625692098388,False,block_7d
O_Sent (mail and online) -> A_Validating,532.4726611160892,41.14510343821586,81.37636694419562,0.5056148975836116,1355.3747298804055,1355.3747298804055,False,block_7d
O_Sent (mail and online) -> O_Sent (mail and online),0.000546169422477833,2.7706517229274068e-05,107.99997269152897,2.5654189106519324e-07,0.0011002997670633138,0.0011002997670633138,False,block_7d
O_Sent (mail and online) -> W_Complete application,4.0239587413500436e-05,1.6387951740662227e-06,107.99999798802071,1.5174029672185706e-08,7.301549089482486e-05,7.301549089482486e-05,False,block_7d
W_Call incomplete files -> A_Validating,6.436797909020129e-05,4.017867615089836e-06,107.99999678160114,3.720247902613197e-08,0.00014472533139199794,0.00014472533139199794,False,block_7d
W_Complete application -> A_Complete,2.9521040761670437e-05,1.3493299035600197e-06,107.99999852394807,1.2493795574088063e-08,5.6507638832870805e-05,5.6507638832870805e-05,False,block_7d
W_Handle leads -> A_Concept,3.775912106135985e-05,2.204261128372618e-06,107.99999811204405,2.040982561949509e-08,8.184434362881217e-05,8.184434362881217e-05,False,block_7d
W_Validate application -> A_Incomplete,0.004998553756429756,0.00025053709392972414,107.99975007231227,2.319793275095309e-06,0.010009295635024234,0.010009295635024234,False,block_7d
W_Validate application -> O_Cancelled,1.860623781676413e-05,1.6638380371217905e-06,107.9999990696882,1.5405907883834152e-08,5.188299855919991e-05,5.188299855919991e-05,False,block_7d
A_Accepted -> O_Create Offer,51.16096667688587,1.0462107377796463,105.4419516661558,0.009922148834005825,72.08518143247878,72.08518143247878,False,block_28d
A_Cancelled -> O_Cancelled,9.569686820612254e-05,4.258182937496579e-06,107.99999521515667,3.942762153844048e-08,0.00018086052695605407,0.00018086052695605407,False,block_28d
A_Complete -> A_Cancelled,745.0451601683441,314.6271410850303,70.74774199158287,4.447168661898251,2160.0,2018.5045160168347,True,block_28d
A_Complete -> A_Validating,545.893353513175,32.973211730645716,80.70533232434131,0.4085629881075498,1205.3575881260888,1205.3575881260888,False,block_28d
A_Complete -> O_Create Offer,653.447089835142,106.93599687431909,75.32764550824297,1.4196115669461258,2160.0,2009.344708983514,True,block_28d
A_Concept -> A_Accepted,215.65807087021497,9.60493859279652,97.21709645648934,0.09879886298697806,407.75684272614524,407.75684272614524,False,block_28d
A_Create Application -> A_Concept,4.991517984506329e-05,2.4332022120934568e-06,107.99999750424111,2.2529650632611412e-08,9.857922408693239e-05,9.857922408693239e-05,False,block_28d
A_Create Application -> A_Submitted,0.0002726515260797959,1.1059454011143785e-05,107.99998636742379,1.0240236488103545e-07,0.0004938406063026714,0.0004938406063026714,False,block_28d
A_Denied -> O_Refused,6.563223679165707e-05,3.0104765738823744e-06,107.99999671838826,2.787478393848697e-08,0.0001258417682693045,0.0001258417682693045,False,block_28d
A_Incomplete -> A_Validating,434.46809131259033,17.554866085380006,86.27659543437056,0.2034719380962796,785.5654130201901,785.5654130201901,False,block_28d
A_Incomplete -> O_Accepted,511.64591302950686,88.79512189077758,82.41770434852474,1.0773792183689594,2160.0,1995.1645913029508,True,block_28d
A_Incomplete -> O_Create Offer,459.81023463918376,32.21448298456937,85.00948826804088,0.3789516163536339,1104.0998943305706,1104.0998943305706,False,block_28d
A_Incomplete -> W_Call incomplete files,226.7306213417786,10.975044509783682,96.66346893291114,0.11353869906531974,446.2315115374521,446.2315115374521,False,block_28d
A_Pending -> O_Cancelled,2.601722802942314e-05,8.903843772487194e-07,107.9999986991387,8.244299888642687e-09,4.382491557439751e-05,4.382491557439751e-05,False,block_28d
A_Pending -> W_Validate application,1.2726614754916638e-05,3.8160245509970477e-07,107.99999936366936,3.5333560865563657e-09,2.0358663856910724e-05,2.0358663856910724e-05,False,block_28d
A_Submitted -> A_Concept,0.7035906351910082,0.07393393812393068,107.96482046824053,0.0006847965643186473,2.1822693976696206,2.1822693976696206,False,block_28d
A_Submitted -> W_Handle leads,33.6630553298611,1.4396438445655058,106.31684723350705,0.013541069755422398,62.455932221171196,62.455932221171196,False,block_28d
A_Validating -> A_Incomplete,95.53087038862176,6.152318075460559,103.22345648056901,0.05960193821467975,218.57723189783283,218.57723189783283,False,block_28d
A_Validating -> O_Accepted,100.44815965144184,2.762331154856261,102.977592017428,0.02682458485132146,155.694782748567,155.694782748567,False,block_28d
A_Validating -> O_Returned,17.886374891375112,0.555715941560879,107.10568125543135,0.005188482394650737,29.000693722592683,29.000693722592683,False,block_28d
A_Validating -> W_Validate application,114.28031475347663,6.697897999420862,102.28598426232625,0.06548207017535458,248.23827474189375,248.23827474189375,False,block_28d
O_Accepted -> A_Pending,3.066248610506982e-05,8.231594919019918e-07,107.9999984668758,7.621847255437317e-09,4.712567594310964e-05,4.712567594310964e-05,False,block_28d
O_Cancelled -> O_Cancelled,11.46049600994512,2.0097894719593214,107.42697519950285,0.01870842465988582,51.65628544913151,51.65628544913151,False,block_28d
O_Create Offer -> O_Created,0.0006961475814696117,4.185967693131614e-05,107.99996519262102,3.8758972613239464e-07,0.0015333411200959338,0.0015333411200959338,False,block_28d
O_Created -> O_Create Offer,33.530504733736294,1.768270620756154,106.32347476331327,0.016631046198334862,68.89591714885934,68.89591714885934,False,block_28d
O_Created -> O_Sent (mail and online),7.612570452338227,0.33215889846766733,107.61937147738318,0.0030864229544164583,14.255748421691568,14.255748421691568,False,block_28d
O_Created -> O_Sent (online only),4.751514021214698,0.3925467509713031,107.76242429893935,0.003642705270645686,12.602449040640753,12.602449040640753,False,block_28d
O_Refused -> W_Validate application,3.246639089968976e-05,1.4346703137858945e-06,107.99999837668054,1.3283984586574493e-08,6.115979717540762e-05,6.115979717540762e-05,False,block_28d
O_Returned -> A_Denied,150.0421937523308,23.321577067462737,100.49789031238355,0.23206036460040005,616.4737351015851,616.4737351015851,False,block_28d
O_Returned -> A_Incomplete,128.396567084908,19.268626854668298,101.58017164575469,0.18968885898189547,513.7691041782737,513.7691041782737,False,block_28d
O_Returned -> O_Accepted,146.4221601125635,19.12799724403356,100.67889199437191,0.18999014455883007,528.9821049932343,528.9821049932343,False,block_28d
O_Returned -> W_Validate application,145.14263937002988,24.35359323177373,100.74286803149859,0.24174012223038216,632.2145040055041,632.2145040055041,False,block_28d
O_Sent (mail and online) -> A_Complete,5.4903856296015004e-05,1.4420855316405232e-06,107.99999725480728,1.3352644150889858e-08,8.374556692882544e-05,8.374556692882544e-05,False,block_28d
O_Sent (mail and online) -> A_Validating,532.4726611160892,35.98464538745611,81.37636694419562,0.442200195692354,1252.1655688652108,1252.1655688652108,False,block_28d
O_Sent (mail and online) -> O_Sent (mail and online),0.000546169422477833,8.653955523161739e-05,107.99997269152897,8.012923806822885e-07,0.002276960527110179,0.002276960527110179,False,block_28d
O_Sent (mail and online) -> W_Complete application,4.0239587413500436e-05,2.3546508268889245e-06,107.99999798802071,2.1802322877358764e-08,8.733260395127888e-05,8.733260395127888e-05,False,block_28d
W_Call incomplete files -> A_Validating,6.436797909020129e-05,3.984318157563774e-06,107.99999678160114,3.689183589163349e-08,0.0001440543422414767,0.0001440543422414767,False,block_28d
W_Complete application -> A_Complete,2.9521040761670437e-05,1.236531372003202e-06,107.99999852394807,1.144936471206536e-08,5.4251668201734456e-05,5.4251668201734456e-05,False,block_28d
W_Handle leads -> A_Concept,3.775912106135985e-05,2.0411209138430224e-06,107.99999811204405,1.8899268051148222e-08,7.858153933822026e-05,7.858153933822026e-05,False,block_28d
W_Validate application -> A_Incomplete,0.004998553756429756,0.0005921597532340855,107.99975007231227,5.482973366490194e-06,0.016841748821111457,0.016841748821111457,False,block_28d
W_Validate application -> O_Cancelled,1.860623781676413e-05,1.1200748286486824e-06,107.9999990696882,1.037106331756486e-08,4.100773438973776e-05,4.100773438973776e-05,False,block_28d
A_Accepted -> O_Create Offer,51.16096667688587,1.262511129423432,105.4419516661558,0.01197351821996544,76.4111892653545,76.4111892653545,False,block_min_50
A_Cancelled -> O_Cancelled,9.569686820612254e-05,3.1813334463864676e-06,107.99999521515667,2.9456792475301894e-08,0.00015932353713385183,0.00015932353713385183,False,block_min_50
A_Complete -> A_Cancelled,745.0451601683441,30.79776046926525,70.74774199158287,0.4353179282093466,1361.0003695536484,1361.0003695536484,False,block_min_50
A_Complete -> A_Validating,545.893353513175,17.380443439478732,80.70533232434131,0.2153568164446634,893.5022223027494,893.5022223027494,False,block_min_50
A_Complete -> O_Create Offer,653.447089835142,116.78133286288796,75.32764550824297,1.5503117358169491,2160.0,2009.344708983514,True,block_min_50
A_Concept -> A_Accepted,215.65807087021497,11.57373720200411,97.21709645648934,0.11905043067382776,447.132814910297,447.132814910297,False,block_min_50
A_Create Application -> A_Concept,4.991517984506329e-05,2.6560996976435717e-06,107.99999750424111,2.4593516287250544e-08,0.00010303717379793467,0.00010303717379793467,False,block_min_50
A_Create Application -> A_Submitted,0.0002726515260797959,1.1332351078752473e-05,107.99998636742379,1.0492918990007084e-07,0.0004992985476548451,0.0004992985476548451,False,block_min_50
A_Denied -> O_Refused,6.563223679165707e-05,2.6943773483628964e-06,107.99999671838826,2.4947939168818024e-08,0.00011951978375891495,0.00011951978375891495,False,block_min_50
A_Incomplete -> A_Validating,434.46809131259033,21.050710040927544,86.27659543437056,0.24399096805970438,855.4822921311409,855.4822921311409,False,block_min_50
A_Incomplete -> O_Accepted,511.64591302950686,103.3341120111699,82.41770434852474,1.2537853708493831,2160.0,1995.1645913029508,True,block_min_50
A_Incomplete -> O_Create Offer,459.81023463918376,42.90925368722036,85.00948826804088,0.5047584047550606,1317.99530838359,1317.99530838359,False,block_min_50
A_Incomplete -> W_Call incomplete files,226.7306213417786,11.6884479063423,96.66346893291114,0.12091897834180373,460.4995794686244,460.4995794686244,False,block_min_50
A_Pending -> O_Cancelled,2.601722802942314e-05,1.058275868254957e-06,107.9999986991387,9.798850750017617e-09,4.718274539452226e-05,4.718274539452226e-05,False,block_min_50
A_Pending -> W_Validate application,1.2726614754916638e-05,4.458081800155436e-07,107.99999936366936,4.127853542983549e-09,2.16427783552275e-05,2.16427783552275e-05,False,block_min_50
A_Submitted -> A_Concept,0.7035906351910082,0.06271090246279877,107.96482046824053,0.0005808457068776965,1.9578086844469824,1.9578086844469824,False,block_min_50
A_Submitted -> W_Handle leads,33.6630553298611,1.4892896197181187,106.31684723350705,0.014008030321357676,63.44884772422345,63.44884772422345,False,block_min_50
A_Validating -> A_Incomplete,95.53087038862176,7.6862743774632865,103.22345648056901,0.07446247819564313,249.25635793788734,249.25635793788734,False,block_min_50
A_Validating -> O_Accepted,100.44815965144184,3.147551038079533,102.977592017428,0.030565397543446532,163.39918041303244,163.39918041303244,False,block_min_50
A_Validating -> O_Returned,17.886374891375112,0.6585559706730659,107.10568125543135,0.006148655822490932,31.057494304836418,31.057494304836418,False,block_min_50
A_Validating -> W_Validate application,114.28031475347663,6.7340025705498645,102.28598426232625,0.0658350468943976,248.9603661644738,248.9603661644738,False,block_min_50
O_Accepted -> A_Pending,3.066248610506982e-05,1.0537476801606075e-06,107.9999984668758,9.756923102955393e-09,5.173743970828195e-05,5.173743970828195e-05,False,block_min_50
O_Cancelled -> O_Cancelled,11.46049600994512,3.1763318549653703,107.42697519950285,0.029567358189752604,74.98713310925247,74.98713310925247,False,block_min_50
O_Create Offer -> O_Created,0.0006961475814696117,4.101018232641784e-05,107.99996519262102,3.797240328112607e-07,0.0015163512279979677,0.0015163512279979677,False,block_min_50
O_Created -> O_Create Offer,33.530504733736294,4.805753258687045,106.32347476331327,0.045199362317542145,129.64556990747712,129.64556990747712,False,block_min_50
O_Created -> O_Sent (mail and online),7.612570452338227,0.4322735927058648,107.61937147738318,0.004016689437706942,16.258042306455515,16.258042306455515,False,block_min_50
O_Created -> O_Sent (online only),4.751514021214698,0.31206955260425967,107.76242429893935,0.0028959032300401874,10.992905073299886,10.992905073299886,False,block_min_50
O_Refused -> W_Validate application,3.246639089968976e-05,1.4151692114281062e-06,107.99999837668054,1.3103418821288343e-08,6.0769775128251854e-05,6.0769775128251854e-05,False,block_min_50
O_Returned -> A_Denied,150.0421937523308,22.018234873193844,100.49789031238355,0.21909151331190396,590.4068912162073,590.4068912162073,False,block_min_50
O_Returned -> A_Incomplete,128.396567084908,22.99446671755826,101.58017164575469,0.2263676694478126,588.2859014360728,588.2859014360728,False,block_min_50
O_Returned -> O_Accepted,146.4221601125635,21.30449739914874,100.67889199437191,0.21160838162918688,572.5121080955379,572.5121080955379,False,block_min_50
O_Returned -> W_Validate application,145.14263937002988,32.73402455596144,100.74286803149859,0.32492647068303354,799.8231304892581,799.8231304892581,False,block_min_50
O_Sent (mail and online) -> A_Complete,5.4903856296015004e-05,1.7841851891656408e-06,107.99999725480728,1.6520233652933944e-08,9.05875600793278e-05,9.05875600793278e-05,False,block_min_50
O_Sent (mail and online) -> A_Validating,532.4726611160892,41.84919170672936,81.37636694419562,0.5142671426389398,1369.4564952506755,1369.4564952506755,False,block_min_50
O_Sent (mail and online) -> O_Sent (mail and online),0.000546169422477833,2.8563307173687586e-05,107.99997269152897,2.6447513329721393e-07,0.0011174355659515842,0.0011174355659515842,False,block_min_50
O_Sent (mail and online) -> W_Complete application,4.0239587413500436e-05,2.8868316931916045e-06,107.99999798802071,2.67299235830709e-08,9.797622127733247e-05,9.797622127733247e-05,False,block_min_50
W_Call incomplete files -> A_Validating,6.436797909020129e-05,2.2077633188744294e-06,107.99999678160114,2.0442253561719954e-08,0.00010852324546768984,0.00010852324546768984,False,block_min_50
W_Complete application -> A_Complete,2.9521040761670437e-05,1.1607015722907739e-06,107.99999852394807,1.07472369273542e-08,5.27350722074859e-05,5.27350722074859e-05,False,block_min_50
W_Handle leads -> A_Concept,3.775912106135985e-05,1.6439408682212588e-06,107.99999811204405,1.5221674971843617e-08,7.063793842578499e-05,7.063793842578499e-05,False,block_min_50
W_Validate application -> A_Incomplete,0.004998553756429756,0.0005485560062647726,107.99975007231227,5.079234034314724e-06,0.0159696738817252,0.0159696738817252,False,block_min_50
W_Validate application -> O_Cancelled,1.860623781676413e-05,8.719703103913633e-07,107.9999990696882,8.073799239838093e-09,3.604564402459138e-05,3.604564402459138e-05,False,block_min_50
A_Accepted -> O_Create Offer,51.16096667688587,1.262511129423432,105.4419516661558,0.01197351821996544,76.4111892653545,76.4111892653545,False,block_min_100
A_Cancelled -> O_Cancelled,9.569686820612254e-05,3.1813334463864676e-06,107.99999521515667,2.9456792475301894e-08,0.00015932353713385183,0.00015932353713385183,False,block_min_100
A_Complete -> A_Cancelled,745.0451601683441,30.79776046926525,70.74774199158287,0.4353179282093466,1361.0003695536484,1361.0003695536484,False,block_min_100
A_Complete -> A_Validating,545.893353513175,17.380443439478732,80.70533232434131,0.2153568164446634,893.5022223027494,893.5022223027494,False,block_min_100
A_Complete -> O_Create Offer,653.447089835142,114.46349542016647,75.32764550824297,1.5195416589469923,2160.0,2009.344708983514,True,block_min_100
A_Concept -> A_Accepted,215.65807087021497,11.57373720200411,97.21709645648934,0.11905043067382776,447.132814910297,447.132814910297,False,block_min_100
A_Create Application -> A_Concept,4.991517984506329e-05,2.6560996976435717e-06,107.99999750424111,2.4593516287250544e-08,0.00010303717379793467,0.00010303717379793467,False,block_min_100
A_Create Application -> A_Submitted,0.0002726515260797959,1.1332351078752473e-05,107.99998636742379,1.0492918990007084e-07,0.0004992985476548451,0.0004992985476548451,False,block_min_100
A_Denied -> O_Refused,6.563223679165707e-05,3.8467295452802865e-06,107.99999671838826,3.561786724226201e-08,0.00014256682769726273,0.00014256682769726273,False,block_min_100
A_Incomplete -> A_Validating,434.46809131259033,16.7103496907214,86.27659543437056,0.19368346197008593,768.6750851270181,768.6750851270181,False,block_min_100
A_Incomplete -> O_Accepted,511.64591302950686,98.88332565756811,82.41770434852474,1.1997825763189691,2160.0,1995.1645913029508,True,block_min_100
A_Incomplete -> W_Call incomplete files,226.7306213417786,8.70831434952816,96.66346893291114,0.09008899065656466,400.8969083323417,400.8969083323417,False,block_min_100
A_Pending -> O_Cancelled,2.601722802942314e-05,1.1212280586417728e-06,107.9999986991387,1.0381741408768318e-08,4.844178920225858e-05,4.844178920225858e-05,False,block_min_100
A_Pending -> W_Validate application,1.2726614754916638e-05,4.458081800155436e-07,107.99999936366936,4.127853542983549e-09,2.16427783552275e-05,2.16427783552275e-05,False,block_min_100
A_Submitted -> A_Concept,0.7035906351910082,0.06271090246279877,107.96482046824053,0.0005808457068776965,1.9578086844469824,1.9578086844469824,False,block_min_100
A_Submitted -> W_Handle leads,33.6630553298611,1.3346997025496439,106.31684723350705,0.012553981210693737,60.35704938085395,60.35704938085395,False,block_min_100
A_Validating -> O_Accepted,100.44815965144184,3.147551038079533,102.977592017428,0.030565397543446532,163.39918041303244,163.39918041303244,False,block_min_100
A_Validating -> O_Returned,17.886374891375112,0.6585559706730659,107.10568125543135,0.006148655822490932,31.057494304836418,31.057494304836418,False,block_min_100
A_Validating -> W_Validate application,114.28031475347663,6.887431167537564,102.28598426232625,0.0673350431851329,252.0289381042278,252.0289381042278,False,block_min_100
O_Accepted -> A_Pending,3.066248610506982e-05,1.0488018897032601e-06,107.9999984668758,9.711128746218766e-09,5.1638523899135e-05,5.1638523899135e-05,False,block_min_100
O_Cancelled -> O_Cancelled,11.46049600994512,1.6052573595345914,107.42697519950285,0.014942777235917373,43.56564320063691,43.56564320063691,False,block_min_100
O_Create Offer -> O_Created,0.0006961475814696117,4.101018232641784e-05,107.99996519262102,3.797240328112607e-07,0.0015163512279979677,0.0015163512279979677,False,block_min_100
O_Created -> O_Create Offer,33.530504733736294,4.979748079610963,106.32347476331327,0.046835828970943454,133.12546632595547,133.12546632595547,False,block_min_100
O_Created -> O_Sent (mail and online),7.612570452338227,0.4322735927058648,107.61937147738318,0.004016689437706942,16.258042306455515,16.258042306455515,False,block_min_100
O_Refused -> W_Validate application,3.246639089968976e-05,6.290189419570096e-07,107.99999837668054,5.82424955010766e-09,4.504676973882994e-05,4.504676973882994e-05,False,block_min_100
O_Returned -> A_Denied,150.0421937523308,15.50053084019451,100.49789031238355,0.15423737545149746,460.0528105562207,460.0528105562207,False,block_min_100
O_Returned -> A_Incomplete,128.396567084908,23.8645163775078,101.58017164575469,0.23493282193626971,605.6868946350636,605.6868946350636,False,block_min_100
O_Returned -> O_Accepted,146.4221601125635,19.594858307751586,100.67889199437191,0.19462727409482183,538.3193262675949,538.3193262675949,False,block_min_100
O_Returned -> W_Validate application,145.14263937002988,25.393651016299508,100.74286803149859,0.2520640072343369,653.0156596960196,653.0156596960196,False,block_min_100
O_Sent (mail and online) -> A_Complete,5.4903856296015004e-05,1.7841851891656408e-06,107.99999725480728,1.6520233652933944e-08,9.05875600793278e-05,9.05875600793278e-05,False,block_min_100
O_Sent (mail and online) -> A_Validating,532.4726611160892,16.352028282057912,81.37636694419562,0.20094320865014068,859.5132267572471,859.5132267572471,False,block_min_100
O_Sent (mail and online) -> O_Sent (mail and online),0.000546169422477833,5.7983504589419405e-05,107.99997269152897,5.368844375084492e-07,0.0017058395142662201,0.0017058395142662201,False,block_min_100
O_Sent (mail and online) -> W_Complete application,4.0239587413500436e-05,2.8868316931916045e-06,107.99999798802071,2.67299235830709e-08,9.797622127733247e-05,9.797622127733247e-05,False,block_min_100
W_Call incomplete files -> A_Validating,6.436797909020129e-05,2.0070304648599083e-06,107.99999678160114,1.8583615969161082e-08,0.00010450858838739941,0.00010450858838739941,False,block_min_100
W_Complete application -> A_Complete,2.9521040761670437e-05,1.1607015722907739e-06,107.99999852394807,1.07472369273542e-08,5.27350722074859e-05,5.27350722074859e-05,False,block_min_100
W_Handle leads -> A_Concept,3.775912106135985e-05,1.6456443688586614e-06,107.99999811204405,1.5237448126169372e-08,7.067200843853305e-05,7.067200843853305e-05,False,block_min_100
W_Validate application -> A_Incomplete,0.004998553756429756,0.0005856116711810169,107.99975007231227,5.4223428368020755e-06,0.016710787180050084,0.016710787180050084,False,block_min_100
A_Accepted -> O_Create Offer,51.16096667688587,1.3688868980587392,105.4419516661558,0.012982374438523573,78.53870463806064,78.53870463806064,False,leave_one_block_out
A_Cancelled -> O_Cancelled,9.569686820612254e-05,4.82333509827022e-06,107.99999521515667,4.466051214781272e-08,0.00019216357017152685,0.00019216357017152685,False,leave_one_block_out
A_Complete -> A_Cancelled,745.0451601683441,400.2514728525333,70.74774199158287,5.6574451930939755,2160.0,2018.5045160168347,True,leave_one_block_out
A_Complete -> A_Validating,545.893353513175,18.68518489259086,80.70533232434131,0.23152354812812379,919.597051364992,919.597051364992,False,leave_one_block_out
A_Complete -> O_Create Offer,653.447089835142,130.36944769119543,75.32764550824297,1.7306985610871024,2160.0,2009.344708983514,True,leave_one_block_out
A_Concept -> A_Accepted,215.65807087021497,12.464826431646443,97.21709645648934,0.12821640314288982,464.95459950314364,464.95459950314364,False,leave_one_block_out
A_Create Application -> A_Concept,4.991517984506329e-05,2.8769636115174693e-06,107.99999750424111,2.6638552574082166e-08,0.00010745445207541263,0.00010745445207541263,False,leave_one_block_out
A_Create Application -> A_Submitted,0.0002726515260797959,1.2578927196415409e-05,107.99998636742379,1.1647156281687839e-07,0.0005242300700081038,0.0005242300700081038,False,leave_one_block_out
A_Denied -> O_Refused,6.563223679165707e-05,3.5427411120393278e-06,107.99999671838826,3.280315944154223e-08,0.00013648705903244356,0.00013648705903244356,False,leave_one_block_out
A_Incomplete -> A_Validating,434.46809131259033,22.302571502897433,86.27659543437056,0.2585008296932938,880.5195213705385,880.5195213705385,False,leave_one_block_out
A_Incomplete -> O_Accepted,511.64591302950686,112.26171431258902,82.41770434852474,1.3621067851861186,2160.0,1995.1645913029508,True,leave_one_block_out
A_Incomplete -> O_Create Offer,459.81023463918376,39.644618003364194,85.00948826804088,0.466355212942371,1252.702594706467,1252.702594706467,False,leave_one_block_out
A_Incomplete -> W_Call incomplete files,226.7306213417786,12.560523618496664,96.66346893291114,0.12994074966639405,477.9410937117117,477.9410937117117,False,leave_one_block_out
A_Pending -> O_Cancelled,2.601722802942314e-05,1.1619078939449643e-06,107.9999986991387,1.0758406555001472e-08,4.92553859083224e-05,4.92553859083224e-05,False,leave_one_block_out
A_Pending -> W_Validate application,1.2726614754916638e-05,5.008579695522174e-07,107.99999936366936,4.6375738194745155e-09,2.2743774145960975e-05,2.2743774145960975e-05,False,leave_one_block_out
A_Submitted -> A_Concept,0.7035906351910082,0.06701959718301446,107.96482046824053,0.0006207540279542194,2.0439825788512964,2.0439825788512964,False,leave_one_block_out
A_Submitted -> W_Handle leads,33.6630553298611,1.5900160237633987,106.31684723350705,0.014955447467993443,65.46337580512905,65.46337580512905,False,leave_one_block_out
A_Validating -> A_Incomplete,95.53087038862176,8.494929070233715,103.22345648056901,0.08229649887603616,265.4294517932959,265.4294517932959,False,leave_one_block_out
A_Validating -> O_Accepted,100.44815965144184,3.5987228958742445,102.977592017428,0.034946660000218246,172.42261756892668,172.42261756892668,False,leave_one_block_out
A_Validating -> O_Returned,17.886374891375112,0.7049071128588246,107.10568125543135,0.006581416640054083,31.98451714855159,31.98451714855159,False,leave_one_block_out
A_Validating -> W_Validate application,114.28031475347663,8.524060567202845,102.28598426232625,0.08333556770927421,284.7615260975334,284.7615260975334,False,leave_one_block_out
O_Accepted -> A_Pending,3.066248610506982e-05,1.1193804407023957e-06,107.9999984668758,1.0364633857339508e-08,5.3050094919117713e-05,5.3050094919117713e-05,False,leave_one_block_out
O_Cancelled -> O_Cancelled,11.46049600994512,3.167006846914322,107.42697519950285,0.029480554963340143,74.80063294823151,74.80063294823151,False,leave_one_block_out
O_Create Offer -> O_Created,0.0006961475814696117,4.3615213341922485e-05,107.99996519262102,4.038446981360921e-07,0.0015684518483080607,0.0015684518483080607,False,leave_one_block_out
O_Created -> O_Create Offer,33.530504733736294,5.205751420177053,106.32347476331327,0.04896144931084672,137.64553313727725,137.64553313727725,False,leave_one_block_out
O_Created -> O_Sent (mail and online),7.612570452338227,0.46191160011581445,107.61937147738318,0.0042920860229413976,16.850802454654506,16.850802454654506,False,leave_one_block_out
O_Created -> O_Sent (online only),4.751514021214698,0.43973131634126683,107.76242429893935,0.0040805625820130595,13.546140348040026,13.546140348040026,False,leave_one_block_out
O_Refused -> W_Validate application,3.246639089968976e-05,1.5515517318038273e-06,107.99999837668054,1.4366219954859182e-08,6.349742553576627e-05,6.349742553576627e-05,False,leave_one_block_out
O_Returned -> A_Denied,150.0421937523308,23.806442114587437,100.49789031238355,0.23688499371069843,626.1710360440791,626.1710360440791,False,leave_one_block_out
O_Returned -> A_Incomplete,128.396567084908,24.977509472794218,101.58017164575469,0.24588961672460508,627.946756540792,627.946756540792,False,leave_one_block_out
O_Returned -> O_Accepted,146.4221601125635,21.995583961246044,100.67889199437191,0.21847264630679117,586.3338393374839,586.3338393374839,False,leave_one_block_out
O_Returned -> W_Validate application,145.14263937002988,35.55958106324239,100.74286803149859,0.3529736819893217,856.3342606348771,856.3342606348771,False,leave_one_block_out
O_Sent (mail and online) -> A_Complete,5.4903856296015004e-05,1.9303396458990625e-06,107.99999725480728,1.7873515694123217e-08,9.351064921399622e-05,9.351064921399622e-05,False,leave_one_block_out
O_Sent (mail and online) -> A_Validating,532.4726611160892,44.45185612375798,81.37636694419562,0.5462501926909704,1421.509783591248,1421.509783591248,False,leave_one_block_out
O_Sent (mail and online) -> O_Sent (mail and online),0.000546169422477833,3.095317058192144e-05,107.99997269152897,2.8660350378356407e-07,0.0011652328341162613,0.0011652328341162613,False,leave_one_block_out
O_Sent (mail and online) -> W_Complete application,4.0239587413500436e-05,3.0945207080823434e-06,107.99999798802071,2.8652970053069684e-08,0.00010213000157514724,0.00010213000157514724,False,leave_one_block_out
W_Call incomplete files -> A_Validating,6.436797909020129e-05,3.874085674939758e-06,107.99999678160114,3.587116472580994e-08,0.0001418496925889964,0.0001418496925889964,False,leave_one_block_out
W_Complete application -> A_Complete,2.9521040761670437e-05,1.2430615606507173e-06,107.99999852394807,1.1509829422590956e-08,5.438227197468476e-05,5.438227197468476e-05,False,leave_one_block_out
W_Handle leads -> A_Concept,3.775912106135985e-05,1.803523494312582e-06,107.99999811204405,1.669929190592694e-08,7.382959094761146e-05,7.382959094761146e-05,False,leave_one_block_out
W_Validate application -> A_Incomplete,0.004998553756429756,0.000594100757483933,107.99975007231227,5.5009456696533755e-06,0.016880568906108406,0.016880568906108406,False,leave_one_block_out
W_Validate application -> O_Cancelled,1.860623781676413e-05,1.2281621128455997e-06,107.9999990696882,1.1371871513194315e-08,4.3169480073676104e-05,4.3169480073676104e-05,False,leave_one_block_out
A_Accepted -> O_Create Offer,50.73934391233184,1.2808443207811033,105.46303280438349,0.012144960055879088,76.35623032795388,76.35623032795388,False,grid_12h
A_Cancelled -> O_Cancelled,0.0,0.0,108.0000000000001,0.0,0.0,0.0,False,grid_12h
A_Complete -> A_Cancelled,746.4155283968367,393.8478281842771,70.67922358015824,5.572328164267525,2160.0,2018.6415528396838,True,grid_12h
A_Complete -> A_Validating,545.9692388589456,17.457726402725832,80.70153805705279,0.21632458095636184,895.1237669134618,895.1237669134618,False,grid_12h
A_Complete -> O_Create Offer,653.3991119881598,116.89108851780779,75.33004440059207,1.5517193630764547,2160.0,2009.339911198816,True,grid_12h
A_Concept -> A_Accepted,215.70147131992314,11.50500557896784,97.21492643400393,0.11834608121396066,445.80158289927977,445.80158289927977,False,grid_12h
A_Create Application -> A_Concept,0.0,0.0,108.0000000000001,0.0,0.0,0.0,False,grid_12h
A_Create Application -> A_Submitted,0.0,0.0,108.0000000000001,0.0,0.0,0.0,False,grid_12h
A_Denied -> O_Refused,0.0,0.0,108.0000000000001,0.0,0.0,0.0,False,grid_12h
A_Incomplete -> A_Validating,434.48001766394333,20.958672969736487,86.27599911680291,0.2429258795526904,853.6534770586727,853.6534770586727,False,grid_12h
A_Incomplete -> O_Accepted,512.3593380614657,106.3900033772374,82.38203309692679,1.2914224058061783,2160.0,1995.2359338061465,True,grid_12h
A_Incomplete -> O_Create Offer,459.56904400606965,37.547403121376824,85.02154779969659,0.4416222015839474,1210.5171064336055,1210.5171064336055,False,grid_12h
A_Incomplete -> W_Call incomplete files,227.78903826266793,11.944290486303778,96.61054808686669,0.12363339948722943,466.6748479887433,466.6748479887433,False,grid_12h
A_Pending -> O_Cancelled,0.0,0.0,108.0000000000001,0.0,0.0,0.0,False,grid_12h
A_Pending -> W_Validate application,0.0,0.0,108.0000000000001,0.0,0.0,0.0,False,grid_12h
A_Submitted -> A_Concept,0.5974842767295592,0.05881960423377948,107.97012578616362,0.000544776657482761,1.7738763614051478,1.7738763614051478,False,grid_12h
A_Submitted -> W_Handle leads,33.89999999999999,1.5560481776118193,106.30500000000009,0.014637582217316382,65.02096355223635,65.02096355223635,False,grid_12h
A_Validating -> A_Incomplete,95.65384615384613,7.755524475524479,103.21730769230778,0.07513782958419923,250.76433566433556,250.76433566433556,False,grid_12h
A_Validating -> O_Accepted,100.45789971617783,3.303046762499458,102.9771050141912,0.03207554496743978,166.51883496616693,166.51883496616693,False,grid_12h
A_Validating -> O_Returned,17.184869472562585,0.6455529242856176,107.14075652637196,0.006025278756798019,30.095927958274928,30.095927958274928,False,grid_12h
A_Validating -> W_Validate application,115.25158027812893,7.734034646530244,102.23742098609364,0.07564778700337355,269.9322732087337,269.9322732087337,False,grid_12h
O_Accepted -> A_Pending,0.0,0.0,108.0000000000001,0.0,0.0,0.0,False,grid_12h
O_Cancelled -> O_Cancelled,11.358024691358015,2.963083219380702,107.4320987654322,0.027580986068701064,70.619689078972,70.619689078972,False,grid_12h
O_Create Offer -> O_Created,0.0,0.0,108.0000000000001,0.0,0.0,0.0,False,grid_12h
O_Created -> O_Create Offer,33.43696027633848,4.865128276655321,106.32815198618316,0.04575578702136685,130.7395258094448,130.7395258094448,False,grid_12h
O_Created -> O_Sent (mail and online),7.457336840173705,0.441873233378925,107.62713315799141,0.004105593268291152,16.294801507752197,16.294801507752197,False,grid_12h
O_Created -> O_Sent (online only),4.904214559386969,0.37952500167510245,107.75478927203073,0.003522117246380375,12.49471459288901,12.49471459288901,False,grid_12h
O_Refused -> W_Validate application,0.0,0.0,108.0000000000001,0.0,0.0,0.0,False,grid_12h
O_Returned -> A_Denied,150.39684106614015,21.408606188514824,100.48015794669308,0.213063022849472,578.5689648364362,578.5689648364362,False,grid_12h
O_Returned -> A_Incomplete,127.437641723356,23.239905032349338,101.6281179138323,0.228675936437727,592.2357423703423,592.2357423703423,False,grid_12h
O_Returned -> O_Accepted,145.98039215686273,21.718740091781395,100.70098039215695,0.21567555754872222,580.3551939924903,580.3551939924903,False,grid_12h
O_Returned -> W_Validate application,146.02495075508864,32.900113749266986,100.69875246224565,0.32671818612253434,804.0272257404278,804.0272257404278,False,grid_12h
O_Sent (mail and online) -> A_Complete,0.0,0.0,108.0000000000001,0.0,0.0,0.0,False,grid_12h
O_Sent (mail and online) -> A_Validating,532.301075268817,41.83150467355403,81.38494623655923,0.5139956049361221,1368.9311687398967,1368.9311687398967,False,grid_12h
O_Sent (mail and online) -> O_Sent (mail and online),0.0,0.0,108.0000000000001,0.0,0.0,0.0,False,grid_12h
O_Sent (mail and online) -> W_Complete application,0.0,0.0,108.0000000000001,0.0,0.0,0.0,False,grid_12h
W_Call incomplete files -> A_Validating,0.0,0.0,108.0000000000001,0.0,0.0,0.0,False,grid_12h
W_Complete application -> A_Complete,0.0,0.0,108.0000000000001,0.0,0.0,0.0,False,grid_12h
W_Handle leads -> A_Concept,0.0,0.0,108.0000000000001,0.0,0.0,0.0,False,grid_12h
W_Validate application -> A_Incomplete,0.0,0.0,108.0000000000001,0.0,0.0,0.0,False,grid_12h
W_Validate application -> O_Cancelled,0.0,0.0,108.0000000000001,0.0,0.0,0.0,False,grid_12h
A_Accepted -> O_Create Offer,49.90251191916312,1.3082807155483258,105.50487440404193,0.012400192151673754,76.06812623012961,76.06812623012961,False,grid_24h
A_Cancelled -> O_Cancelled,0.0,0.0,108.0000000000001,0.0,0.0,0.0,False,grid_24h
A_Complete -> A_Cancelled,747.1056793673615,396.1657408012551,70.64471603163199,5.6078608996583315,2160.0,2018.7105679367362,True,grid_24h
A_Complete -> A_Validating,549.829367687656,17.269885240775082,80.50853161561727,0.21451000153907937,895.2270725031574,895.2270725031574,False,grid_24h
A_Complete -> O_Create Offer,654.2279230389738,117.76143665961993,75.28860384805138,1.56413362236452,2160.0,2009.4227923038973,True,grid_24h
A_Concept -> A_Accepted,216.4008813703887,11.343755887763605,97.17995593148065,0.11672937880072538,443.27599912566063,443.27599912566063,False,grid_24h
A_Create Application -> A_Concept,0.0,0.0,108.0000000000001,0.0,0.0,0.0,False,grid_24h
A_Create Application -> A_Submitted,0.0,0.0,108.0000000000001,0.0,0.0,0.0,False,grid_24h
A_Denied -> O_Refused,0.0,0.0,108.0000000000001,0.0,0.0,0.0,False,grid_24h
A_Incomplete -> A_Validating,434.48001766394333,21.11891620042413,86.27599911680291,0.24478321220983765,856.8583416724256,856.8583416724256,False,grid_24h
A_Incomplete -> O_Accepted,514.2505910165484,106.58158484541464,82.28747044917266,1.2952346725890422,2160.0,1995.4250591016548,True,grid_24h
A_Incomplete -> O_Create Offer,459.20485584218494,37.329071986648685,85.03975720789083,0.438960237097019,1205.786295575158,1205.786295575158,False,grid_24h
A_Incomplete -> W_Call incomplete files,227.04446742502572,12.486576725020301,96.6477766287488,0.12919673023606887,476.7760019254315,476.7760019254315,False,grid_24h
A_Pending -> O_Cancelled,0.0,0.0,108.0000000000001,0.0,0.0,0.0,False,grid_24h
A_Pending -> W_Validate application,0.0,0.0,108.0000000000001,0.0,0.0,0.0,False,grid_24h
A_Submitted -> A_Concept,0.566037735849056,0.07897367874899788,107.97169811320765,0.0007314294405761265,2.1455113108290123,2.1455113108290123,False,grid_24h
A_Submitted -> W_Handle leads,32.39999999999999,2.0621230486685054,106.3800000000001,0.01938449942346779,73.64246097337006,73.64246097337006,False,grid_24h
A_Validating -> A_Incomplete,96.80769230769228,8.8994055944056,103.15961538461548,0.08626830917530541,274.7958041958041,274.7958041958041,False,grid_24h
A_Validating -> O_Accepted,102.27436140018919,3.4279612250816562,102.88628192999063,0.033317961936016174,170.83358590182226,170.83358590182226,False,grid_24h
A_Validating -> O_Returned,18.054342035162477,0.704216425833334,107.09728289824197,0.006575483586287079,32.138670551829144,32.138670551829144,False,grid_24h
A_Validating -> W_Validate application,117.23893805309733,7.733784535483671,102.13805309734522,0.07571893433403117,271.91462876277063,271.91462876277063,False,grid_24h
O_Accepted -> A_Pending,0.0,0.0,108.0000000000001,0.0,0.0,0.0,False,grid_24h
O_Cancelled -> O_Cancelled,11.358024691358015,2.963083219380702,107.4320987654322,0.027580986068701064,70.619689078972,70.619689078972,False,grid_24h
O_Create Offer -> O_Created,0.0,0.0,108.0000000000001,0.0,0.0,0.0,False,grid_24h
O_Created -> O_Create Offer,33.713298791018964,4.851311350921299,106.31433506044914,0.0456317706183545,130.73952580944487,130.73952580944487,False,grid_24h
O_Created -> O_Sent (mail and online),7.604134809468462,0.43073299370521156,107.61979325952666,0.004002358494282672,16.218794683572685,16.218794683572685,False,grid_24h
O_Created -> O_Sent (online only),4.904214559386969,0.4847336586078976,107.75478927203073,0.0044984882981318865,14.598887731544913,14.598887731544913,False,grid_24h
O_Refused -> W_Validate application,0.0,0.0,108.0000000000001,0.0,0.0,0.0,False,grid_24h
O_Returned -> A_Denied,150.1599210266535,21.731920345848792,100.4920039486674,0.21625521924062469,584.7983279436289,584.7983279436289,False,grid_24h
O_Returned -> A_Incomplete,127.25623582766438,23.583359753687418,101.63718820861688,0.23203475193824777,598.9234309014123,598.9234309014123,False,grid_24h
O_Returned -> O_Accepted,145.68627450980392,20.7454618272841,100.71568627450989,0.205980444503356,560.5955110554855,560.5955110554855,False,grid_24h
O_Returned -> W_Validate application,146.31648063033484,32.99866868761225,100.68417596848334,0.3277443388714991,806.2898543825793,806.2898543825793,False,grid_24h
O_Sent (mail and online) -> A_Complete,0.0,0.0,108.0000000000001,0.0,0.0,0.0,False,grid_24h
O_Sent (mail and online) -> A_Validating,535.2258064516128,41.766533136552134,81.23870967741944,0.514121079746313,1370.5564691826548,1370.5564691826548,False,grid_24h
O_Sent (mail and online) -> O_Sent (mail and online),0.0,0.0,108.0000000000001,0.0,0.0,0.0,False,grid_24h
O_Sent (mail and online) -> W_Complete application,0.0,0.0,108.0000000000001,0.0,0.0,0.0,False,grid_24h
W_Call incomplete files -> A_Validating,0.0,0.0,108.0000000000001,0.0,0.0,0.0,False,grid_24h
W_Complete application -> A_Complete,0.0,0.0,108.0000000000001,0.0,0.0,0.0,False,grid_24h
W_Handle leads -> A_Concept,0.0,0.0,108.0000000000001,0.0,0.0,0.0,False,grid_24h
W_Validate application -> A_Incomplete,0.0,0.0,108.0000000000001,0.0,0.0,0.0,False,grid_24h
W_Validate application -> O_Cancelled,0.0,0.0,108.0000000000001,0.0,0.0,0.0,False,grid_24h
A_Accepted -> O_Create Offer,25.700345450081844,1.262511129423432,213.42996545499176,0.005915341487930246,38.32545674431617,38.32545674431617,False,alpha_090
A_Cancelled -> O_Cancelled,6.362491920794405e-05,4.672953456645163e-06,215.99999363750803,2.163404441801665e-08,0.0001103544537743957,0.0001103544537743957,False,alpha_090
A_Complete -> A_Cancelled,743.2869396271667,393.6721647393946,141.6713060372833,2.7787713387479664,2160.0,2018.3286939627167,True,alpha_090
A_Complete -> A_Validating,469.6058759793245,17.380443439478732,169.0394124020675,0.10281888225059964,643.4103103741119,643.4103103741119,False,alpha_090
A_Complete -> O_Create Offer,596.1307955267773,116.78133286288796,156.38692044732224,0.7467461634825457,1763.9441241556572,1763.9441241556572,False,alpha_090
A_Concept -> A_Accepted,149.8198301606961,11.57373720200411,201.01801698393035,0.057575621208766234,265.55720218073725,265.55720218073725,False,alpha_090
A_Create Application -> A_Concept,3.367821010819234e-05,2.6560996976435717e-06,215.99999663217895,1.229675805118913e-08,6.023920708462806e-05,6.023920708462806e-05,False,alpha_090
A_Create Application -> A_Submitted,0.00015531474268816047,1.1332351078752473e-05,215.9999844685257,5.2464592100022854e-08,0.00026863825347568524,0.00026863825347568524,False,alpha_090
A_Denied -> O_Refused,4.925120772946861e-05,3.4423165401426686e-06,215.9999950748792,1.5936651012187964e-08,8.36743731308953e-05,8.36743731308953e-05,False,alpha_090
A_Incomplete -> A_Validating,305.6003126243836,21.050710040927544,185.4399687375616,0.11351765309407992,516.1074130336591,516.1074130336591,False,alpha_090
A_Incomplete -> O_Accepted,469.5029847743193,106.1458506139373,169.04970152256803,0.6278972968181603,1530.9614909136926,1530.9614909136926,False,alpha_090
A_Incomplete -> O_Create Offer,316.37586403979094,37.26754861137873,184.36241359602087,0.20214287654662752,689.0513501535784,689.0513501535784,False,alpha_090
A_Incomplete -> W_Call incomplete files,143.15231467798463,11.842727546069012,201.6847685322015,0.05871899812889525,261.5795901386748,261.5795901386748,False,alpha_090
A_Pending -> O_Cancelled,1.983981804103755e-05,1.058275868254957e-06,215.99999801601817,4.899425360996888e-09,3.042257672358712e-05,3.042257672358712e-05,False,alpha_090
A_Pending -> W_Validate application,8.522012578616353e-06,4.679789678402314e-07,215.9999991477987,2.1665693041045584e-09,1.3201802257018668e-05,1.3201802257018668e-05,False,alpha_090
A_Submitted -> A_Concept,0.3651727378144655,0.06271090246279877,215.9634827262185,0.00029037734375815153,0.9922817624424534,0.9922817624424534,False,alpha_090
A_Submitted -> W_Handle leads,26.83660176736111,1.4892896197181187,213.31633982326383,0.006981601226385283,41.729497964542304,41.729497964542304,False,alpha_090
A_Validating -> A_Incomplete,80.73655829927884,7.6862743774632865,207.92634417007207,0.03696633251617383,157.5993020739117,157.5993020739117,False,alpha_090
A_Validating -> O_Accepted,82.02901683170398,3.2847996748124215,207.79709831682953,0.015807726389923248,114.8770135798282,114.8770135798282,False,alpha_090
A_Validating -> O_Returned,8.9881496921802,0.6585559706730659,215.10118503078192,0.003061610146772663,15.57370939891086,15.57370939891086,False,alpha_090
A_Validating -> W_Validate application,92.95645785924991,7.771228626075201,206.70435421407495,0.037595863210635946,170.66874412000192,170.66874412000192,False,alpha_090
O_Accepted -> A_Pending,1.9889686337054764e-05,1.0537476801606075e-06,215.99999801103132,4.8784615271468275e-09,3.0427163138660843e-05,3.0427163138660843e-05,False,alpha_090
O_Cancelled -> O_Cancelled,5.730251823559673,2.9799475430365234,215.42697481764398,0.01383275026518387,35.52972725392492,35.52972725392492,False,alpha_090
O_Create Offer -> O_Created,0.0005981906681829146,4.101018232641784e-05,215.99994018093312,1.8986200779530547e-07,0.0010082924914470931,0.0010082924914470931,False,alpha_090
O_Created -> O_Create Offer,16.788360121058023,4.805753258687045,214.32116398789418,0.022423139037069134,64.84589270792848,64.84589270792848,False,alpha_090
O_Created -> O_Sent (mail and online),3.836950349069941,0.4322735927058648,215.61630496509298,0.0020048279408917957,8.159686276128589,8.159686276128589,False,alpha_090
O_Created -> O_Sent (online only),2.3958893241805033,0.3972278001193889,215.76041106758188,0.001841059711343276,6.368167325374394,6.368167325374394,False,alpha_090
O_Refused -> W_Validate application,2.3449959783982534e-05,1.4151692114281062e-06,215.99999765500397,6.55170938329555e-09,3.7601651898263596e-05,3.7601651898263596e-05,False,alpha_090
O_Returned -> A_Denied,137.20774441921688,22.018234873193844,202.27922555807828,0.10885069790259792,357.3900931511554,357.3900931511554,False,alpha_090
O_Returned -> A_Incomplete,114.28190255018058,22.99446671755826,204.5718097449819,0.11240290999147458,344.2265697257632,344.2265697257632,False,alpha_090
O_Returned -> O_Accepted,132.9514716875454,21.30449739914874,202.70485283124543,0.10510107233044404,345.99644567903283,345.99644567903283,False,alpha_090
O_Returned -> W_Validate application,134.27142252991172,32.73402455596144,202.57285774700878,0.16159136480585487,461.6116680895262,461.6116680895262,False,alpha_090
O_Sent (mail and online) -> A_Complete,4.28101596945341e-05,1.7841851891656408e-06,215.99999571898397,8.260116780219135e-09,6.065201158619051e-05,6.065201158619051e-05,False,alpha_090
O_Sent (mail and online) -> A_Validating,452.53787471425727,41.84919170672936,170.74621252857423,0.24509587115864095,871.029791781551,871.029791781551,False,alpha_090
O_Sent (mail and online) -> O_Sent (mail and online),0.00027488617301701425,2.8563307173687586e-05,215.99997251138265,1.322375500403472e-07,0.0005605192447538901,0.0005605192447538901,False,alpha_090
O_Sent (mail and online) -> W_Complete application,2.849001175088132e-05,2.8868316931916045e-06,215.9999971509988,1.3364961718835168e-08,5.735832868279737e-05,5.735832868279737e-05,False,alpha_090
W_Call incomplete files -> A_Validating,5.4225892559225894e-05,3.6926402412513534e-06,215.9999945774107,1.709555710163675e-08,9.115229497173944e-05,9.115229497173944e-05,False,alpha_090
W_Complete application -> A_Complete,2.239953741078179e-05,1.1607015722907739e-06,215.9999977600462,5.3736184459603285e-09,3.400655313368953e-05,3.400655313368953e-05,False,alpha_090
W_Handle leads -> A_Concept,2.6782752902155882e-05,1.6439408682212588e-06,215.9999973217247,7.61083744724619e-09,4.322216158436847e-05,4.322216158436847e-05,False,alpha_090
W_Validate application -> A_Incomplete,0.002506734224443962,0.0005485560062647726,215.9997493265775,2.5396140874005913e-06,0.00799229428709169,0.00799229428709169,False,alpha_090
W_Validate application -> O_Cancelled,1.3854775828460039e-05,1.172774717802258e-06,215.99999861452238,5.429512617244103e-09,2.558252300648262e-05,2.558252300648262e-05,False,alpha_090
A_Accepted -> O_Create Offer,51.16096667688587,0.0,105.4419516661558,0.0,51.16096667688587,51.16096667688587,False,radius_0
A_Cancelled -> O_Cancelled,9.569686820612254e-05,0.0,107.99999521515667,0.0,9.569686820612254e-05,9.569686820612254e-05,False,radius_0
A_Complete -> A_Cancelled,745.0451601683441,0.0,70.74774199158287,0.0,745.0451601683441,745.0451601683441,False,radius_0
A_Complete -> A_Validating,545.893353513175,0.0,80.70533232434131,0.0,545.893353513175,545.893353513175,False,radius_0
A_Complete -> O_Create Offer,653.447089835142,0.0,75.32764550824297,0.0,653.447089835142,653.447089835142,False,radius_0
A_Concept -> A_Accepted,215.65807087021497,0.0,97.21709645648934,0.0,215.65807087021497,215.65807087021497,False,radius_0
A_Create Application -> A_Concept,4.991517984506329e-05,0.0,107.99999750424111,0.0,4.991517984506329e-05,4.991517984506329e-05,False,radius_0
A_Create Application -> A_Submitted,0.0002726515260797959,0.0,107.99998636742379,0.0,0.0002726515260797959,0.0002726515260797959,False,radius_0
A_Denied -> O_Refused,6.563223679165707e-05,0.0,107.99999671838826,0.0,6.563223679165707e-05,6.563223679165707e-05,False,radius_0
A_Incomplete -> A_Validating,434.46809131259033,0.0,86.27659543437056,0.0,434.46809131259033,434.46809131259033,False,radius_0
A_Incomplete -> O_Accepted,511.64591302950686,0.0,82.41770434852474,0.0,511.64591302950686,511.64591302950686,False,radius_0
A_Incomplete -> O_Create Offer,459.81023463918376,0.0,85.00948826804088,0.0,459.81023463918376,459.81023463918376,False,radius_0
A_Incomplete -> W_Call incomplete files,226.7306213417786,0.0,96.66346893291114,0.0,226.7306213417786,226.7306213417786,False,radius_0
A_Pending -> O_Cancelled,2.601722802942314e-05,0.0,107.9999986991387,0.0,2.601722802942314e-05,2.601722802942314e-05,False,radius_0
A_Pending -> W_Validate application,1.2726614754916638e-05,0.0,107.99999936366936,0.0,1.2726614754916638e-05,1.2726614754916638e-05,False,radius_0
A_Submitted -> A_Concept,0.7035906351910082,0.0,107.96482046824053,0.0,0.7035906351910082,0.7035906351910082,False,radius_0
A_Submitted -> W_Handle leads,33.6630553298611,0.0,106.31684723350705,0.0,33.6630553298611,33.6630553298611,False,radius_0
A_Validating -> A_Incomplete,95.53087038862176,0.0,103.22345648056901,0.0,95.53087038862176,95.53087038862176,False,radius_0
A_Validating -> O_Accepted,100.44815965144184,0.0,102.977592017428,0.0,100.44815965144184,100.44815965144184,False,radius_0
A_Validating -> O_Returned,17.886374891375112,0.0,107.10568125543135,0.0,17.886374891375112,17.886374891375112,False,radius_0
A_Validating -> W_Validate application,114.28031475347663,0.0,102.28598426232625,0.0,114.28031475347663,114.28031475347663,False,radius_0
O_Accepted -> A_Pending,3.066248610506982e-05,0.0,107.9999984668758,0.0,3.066248610506982e-05,3.066248610506982e-05,False,radius_0
O_Cancelled -> O_Cancelled,11.46049600994512,0.0,107.42697519950285,0.0,11.46049600994512,11.46049600994512,False,radius_0
O_Create Offer -> O_Created,0.0006961475814696117,0.0,107.99996519262102,0.0,0.0006961475814696117,0.0006961475814696117,False,radius_0
O_Created -> O_Create Offer,33.530504733736294,0.0,106.32347476331327,0.0,33.530504733736294,33.530504733736294,False,radius_0
O_Created -> O_Sent (mail and online),7.612570452338227,0.0,107.61937147738318,0.0,7.612570452338227,7.612570452338227,False,radius_0
O_Created -> O_Sent (online only),4.751514021214698,0.0,107.76242429893935,0.0,4.751514021214698,4.751514021214698,False,radius_0
O_Refused -> W_Validate application,3.246639089968976e-05,0.0,107.99999837668054,0.0,3.246639089968976e-05,3.246639089968976e-05,False,radius_0
O_Returned -> A_Denied,150.0421937523308,0.0,100.49789031238355,0.0,150.0421937523308,150.0421937523308,False,radius_0
O_Returned -> A_Incomplete,128.396567084908,0.0,101.58017164575469,0.0,128.396567084908,128.396567084908,False,radius_0
O_Returned -> O_Accepted,146.4221601125635,0.0,100.67889199437191,0.0,146.4221601125635,146.4221601125635,False,radius_0
O_Returned -> W_Validate application,145.14263937002988,0.0,100.74286803149859,0.0,145.14263937002988,145.14263937002988,False,radius_0
O_Sent (mail and online) -> A_Complete,5.4903856296015004e-05,0.0,107.99999725480728,0.0,5.4903856296015004e-05,5.4903856296015004e-05,False,radius_0
O_Sent (mail and online) -> A_Validating,532.4726611160892,0.0,81.37636694419562,0.0,532.4726611160892,532.4726611160892,False,radius_0
O_Sent (mail and online) -> O_Sent (mail and online),0.000546169422477833,0.0,107.99997269152897,0.0,0.000546169422477833,0.000546169422477833,False,radius_0
O_Sent (mail and online) -> W_Complete application,4.0239587413500436e-05,0.0,107.99999798802071,0.0,4.0239587413500436e-05,4.0239587413500436e-05,False,radius_0
W_Call incomplete files -> A_Validating,6.436797909020129e-05,0.0,107.99999678160114,0.0,6.436797909020129e-05,6.436797909020129e-05,False,radius_0
W_Complete application -> A_Complete,2.9521040761670437e-05,0.0,107.99999852394807,0.0,2.9521040761670437e-05,2.9521040761670437e-05,False,radius_0
W_Handle leads -> A_Concept,3.775912106135985e-05,0.0,107.99999811204405,0.0,3.775912106135985e-05,3.775912106135985e-05,False,radius_0
W_Validate application -> A_Incomplete,0.004998553756429756,0.0,107.99975007231227,0.0,0.004998553756429756,0.004998553756429756,False,radius_0
W_Validate application -> O_Cancelled,1.860623781676413e-05,0.0,107.9999990696882,0.0,1.860623781676413e-05,1.860623781676413e-05,False,radius_0
A_Accepted -> O_Create Offer,51.16096667688587,0.631255564711716,105.4419516661558,0.00598675910998272,63.78607797112018,63.78607797112018,False,radius_0.5
A_Cancelled -> O_Cancelled,9.569686820612254e-05,2.3364767283225813e-06,107.99999521515667,2.163404473924163e-08,0.00014242640277257413,0.00014242640277257413,False,radius_0.5
A_Complete -> A_Cancelled,745.0451601683441,196.8360823696973,70.74774199158287,2.7822242354125684,2160.0,2018.5045160168347,True,radius_0.5
A_Complete -> A_Validating,545.893353513175,8.690221719739366,80.70533232434131,0.1076784082223317,719.6977879079623,719.6977879079623,False,radius_0.5
A_Complete -> O_Create Offer,653.447089835142,58.39066643144398,75.32764550824297,0.7751558679084746,1821.2604184640209,1821.2604184640209,False,radius_0.5
A_Concept -> A_Accepted,215.65807087021497,5.786868601002055,97.21709645648934,0.05952521533691388,331.395442890256,331.395442890256,False,radius_0.5
A_Create Application -> A_Concept,4.991517984506329e-05,1.3280498488217859e-06,107.99999750424111,1.2296758143625272e-08,7.647617682149899e-05,7.647617682149899e-05,False,radius_0.5
A_Create Application -> A_Submitted,0.0002726515260797959,5.666175539376236e-06,107.99998636742379,5.246459495003542e-08,0.0003859750368673205,0.0003859750368673205,False,radius_0.5
A_Denied -> O_Refused,6.563223679165707e-05,1.7211582700713343e-06,107.99999671838826,1.5936651133048478e-08,0.00010005540219308373,0.00010005540219308373,False,radius_0.5
A_Incomplete -> A_Validating,434.46809131259033,10.525355020463772,86.27659543437056,0.12199548402985219,644.9751917218656,644.9751917218656,False,radius_0.5
A_Incomplete -> O_Accepted,511.64591302950686,53.07292530696865,82.41770434852474,0.6439505410455981,1573.1044191688788,1573.1044191688788,False,radius_0.5
A_Incomplete -> O_Create Offer,459.81023463918376,18.633774305689364,85.00948826804088,0.21919640601688797,832.4857207529708,832.4857207529708,False,radius_0.5
A_Incomplete -> W_Call incomplete files,226.7306213417786,5.921363773034506,96.66346893291114,0.06125751370607445,345.1578968024686,345.1578968024686,False,radius_0.5
A_Pending -> O_Cancelled,2.601722802942314e-05,5.291379341274785e-07,107.9999986991387,4.899425375008809e-09,3.65999867119727e-05,3.65999867119727e-05,False,radius_0.5
A_Pending -> W_Validate application,1.2726614754916638e-05,2.339894839201157e-07,107.99999936366936,2.1665693083219458e-09,1.740640443331895e-05,1.740640443331895e-05,False,radius_0.5
A_Submitted -> A_Concept,0.7035906351910082,0.031355451231399385,107.96482046824053,0.00029042285343884827,1.3306996598189953,1.3306996598189953,False,radius_0.5
A_Submitted -> W_Handle leads,33.6630553298611,0.7446448098590593,106.31684723350705,0.007004015160678838,48.555951527042275,48.555951527042275,False,radius_0.5
A_Validating -> A_Incomplete,95.53087038862176,3.8431371887316432,103.22345648056901,0.03723123909782156,172.39361416325454,172.39361416325454,False,radius_0.5
A_Validating -> O_Accepted,100.44815965144184,1.6423998374062108,102.977592017428,0.015949099267423633,133.29615639956603,133.29615639956603,False,radius_0.5
A_Validating -> O_Returned,17.886374891375112,0.32927798533653296,107.10568125543135,0.003074327911245466,24.471934598105765,24.471934598105765,False,radius_0.5
A_Validating -> W_Validate application,114.28031475347663,3.8856143130376006,102.28598426232625,0.03798774916290014,191.99260101422857,191.99260101422857,False,radius_0.5
O_Accepted -> A_Pending,3.066248610506982e-05,5.268738400803038e-07,107.9999984668758,4.878461551477697e-09,4.1199962906675886e-05,4.1199962906675886e-05,False,radius_0.5
O_Cancelled -> O_Cancelled,11.46049600994512,1.4899737715182617,107.42697519950285,0.013869642785261602,41.25997144031033,41.25997144031033,False,radius_0.5
O_Create Offer -> O_Created,0.0006961475814696117,2.050509116320892e-05,107.99996519262102,1.8986201640563036e-07,0.0011062494047337896,0.0011062494047337896,False,radius_0.5
O_Created -> O_Create Offer,33.530504733736294,2.4028766293435226,106.32347476331327,0.022599681158771073,81.5880373206067,81.5880373206067,False,radius_0.5
O_Created -> O_Sent (mail and online),7.612570452338227,0.2161367963529324,107.61937147738318,0.002008344718853471,11.93530637939687,11.93530637939687,False,radius_0.5
O_Created -> O_Sent (online only),4.751514021214698,0.19861390005969445,107.76242429893935,0.0018430719367330465,8.723792022408583,8.723792022408583,False,radius_0.5
O_Refused -> W_Validate application,3.246639089968976e-05,7.075846057140531e-07,107.99999837668054,6.5517094106441714e-09,4.6618083013970806e-05,4.6618083013970806e-05,False,radius_0.5
O_Returned -> A_Denied,150.0421937523308,11.009117436596922,100.49789031238355,0.10954575665595198,370.224542484269,370.224542484269,False,radius_0.5
O_Returned -> A_Incomplete,128.396567084908,11.49723335877913,101.58017164575469,0.1131838347239063,358.3412342604904,358.3412342604904,False,radius_0.5
O_Returned -> O_Accepted,146.4221601125635,10.65224869957437,100.67889199437191,0.10580419081459344,359.46713410405073,359.46713410405073,False,radius_0.5
O_Returned -> W_Validate application,145.14263937002988,16.36701227798072,100.74286803149859,0.16246323534151677,472.482884929644,472.482884929644,False,radius_0.5
O_Sent (mail and online) -> A_Complete,5.4903856296015004e-05,8.920925945828204e-07,107.99999725480728,8.260116826466972e-09,7.27457081876714e-05,7.27457081876714e-05,False,radius_0.5
O_Sent (mail and online) -> A_Validating,532.4726611160892,20.92459585336468,81.37636694419562,0.2571335713194699,950.9645781833824,950.9645781833824,False,radius_0.5
O_Sent (mail and online) -> O_Sent (mail and online),0.000546169422477833,1.4281653586843793e-05,107.99997269152897,1.3223756664860697e-07,0.0008318024942147086,0.0008318024942147086,False,radius_0.5
O_Sent (mail and online) -> W_Complete application,4.0239587413500436e-05,1.4434158465958022e-06,107.99999798802071,1.336496179153545e-08,6.910790434541645e-05,6.910790434541645e-05,False,radius_0.5
W_Call incomplete files -> A_Validating,6.436797909020129e-05,1.8463201206256767e-06,107.99999678160114,1.7095557181907394e-08,0.00010129438150271479,0.00010129438150271479,False,radius_0.5
W_Complete application -> A_Complete,2.9521040761670437e-05,5.803507861453869e-07,107.99999852394807,5.3736184636771e-09,4.112805648457817e-05,4.112805648457817e-05,False,radius_0.5
W_Handle leads -> A_Concept,3.775912106135985e-05,8.219704341106294e-07,107.99999811204405,7.610837485921808e-09,5.4198529743572425e-05,5.4198529743572425e-05,False,radius_0.5
W_Validate application -> A_Incomplete,0.004998553756429756,0.0002742780031323863,107.99975007231227,2.539617017157362e-06,0.010484113819077477,0.010484113819077477,False,radius_0.5
W_Validate application -> O_Cancelled,1.860623781676413e-05,5.86387358901129e-07,107.9999990696882,5.429512629187673e-09,3.03339849947867e-05,3.03339849947867e-05,False,radius_0.5
A_Accepted -> O_Create Offer,51.16096667688587,1.8937666941351479,105.4419516661558,0.017960277329948163,89.0363005595888,89.0363005595888,False,radius_1.5
A_Cancelled -> O_Cancelled,9.569686820612254e-05,7.009430184967744e-06,107.99999521515667,6.490213421772489e-08,0.0002358854719054773,0.0002358854719054773,False,radius_1.5
A_Complete -> A_Cancelled,745.0451601683441,590.5082471090918,70.74774199158287,8.346672706237703,2160.0,2018.5045160168347,True,radius_1.5
A_Complete -> A_Validating,545.893353513175,26.0706651592181,80.70533232434131,0.3230352246669951,1067.3066566975367,1067.3066566975367,False,radius_1.5
A_Complete -> O_Create Offer,653.447089835142,175.17199929433195,75.32764550824297,2.3254676037254236,2160.0,2009.344708983514,True,radius_1.5
A_Concept -> A_Accepted,215.65807087021497,17.360605803006166,97.21709645648934,0.17857564601074163,562.870186930338,562.870186930338,False,radius_1.5
A_Create Application -> A_Concept,4.991517984506329e-05,3.984149546465358e-06,107.99999750424111,3.6890274430875816e-08,0.00012959817077437037,0.00012959817077437037,False,radius_1.5
A_Create Application -> A_Submitted,0.0002726515260797959,1.6998526618128708e-05,107.99998636742379,1.5739378485010624e-07,0.0006126220584423698,0.0006126220584423698,False,radius_1.5
A_Denied -> O_Refused,6.563223679165707e-05,5.163474810214003e-06,107.99999671838826,4.780995339914544e-08,0.00016890173299593706,0.00016890173299593706,False,radius_1.5
A_Incomplete -> A_Validating,434.46809131259033,31.57606506139132,86.27659543437056,0.3659864520895566,1065.9893925404162,1065.9893925404162,False,radius_1.5
A_Incomplete -> O_Accepted,511.64591302950686,159.21877592090595,82.41770434852474,1.9318516231367944,2160.0,1995.1645913029508,True,radius_1.5
A_Incomplete -> O_Create Offer,459.81023463918376,55.90132291706809,85.00948826804088,0.657589218050664,1577.8366929805447,1577.8366929805447,False,radius_1.5
A_Incomplete -> W_Call incomplete files,226.7306213417786,17.764091319103517,96.66346893291114,0.18377254111822333,582.0124477238487,582.0124477238487,False,radius_1.5
A_Pending -> O_Cancelled,2.601722802942314e-05,1.5874138023824355e-06,107.9999986991387,1.4698276125026426e-08,5.776550407707182e-05,5.776550407707182e-05,False,radius_1.5
A_Pending -> W_Validate application,1.2726614754916638e-05,7.019684517603471e-07,107.99999936366936,6.499707924965837e-09,2.676598379012357e-05,2.676598379012357e-05,False,radius_1.5
A_Submitted -> A_Concept,0.7035906351910082,0.09406635369419816,107.96482046824053,0.0008712685603165448,2.5849177090749698,2.5849177090749698,False,radius_1.5
A_Submitted -> W_Handle leads,33.6630553298611,2.233934429577178,106.31684723350705,0.02101204548203651,78.34174392140463,78.34174392140463,False,radius_1.5
A_Validating -> A_Incomplete,95.53087038862176,11.52941156619493,103.22345648056901,0.11169371729346468,326.1191017125202,326.1191017125202,False,radius_1.5
A_Validating -> O_Accepted,100.44815965144184,4.927199512218632,102.977592017428,0.0478472978022709,198.9921498958144,198.9921498958144,False,radius_1.5
A_Validating -> O_Returned,17.886374891375112,0.9878339560095989,107.10568125543135,0.009222983733736399,37.643054011567074,37.643054011567074,False,radius_1.5
A_Validating -> W_Validate application,114.28031475347663,11.656842939112803,102.28598426232625,0.11396324748870042,347.41717353573245,347.41717353573245,False,radius_1.5
O_Accepted -> A_Pending,3.066248610506982e-05,1.5806215202409113e-06,107.9999984668758,1.463538465443309e-08,6.227491650988802e-05,6.227491650988802e-05,False,radius_1.5
O_Cancelled -> O_Cancelled,11.46049600994512,4.469921314554785,107.42697519950285,0.04160892835578481,100.85892230104074,100.85892230104074,False,radius_1.5
O_Create Offer -> O_Created,0.0006961475814696117,6.151527348962676e-05,107.99996519262102,5.695860492168911e-07,0.0019264530512621458,0.0019264530512621458,False,radius_1.5
O_Created -> O_Create Offer,33.530504733736294,7.208629888030568,106.32347476331327,0.06779904347631323,177.70310249434755,177.70310249434755,False,radius_1.5
O_Created -> O_Sent (mail and online),7.612570452338227,0.6484103890587972,107.61937147738318,0.006025034156560413,20.58077823351416,20.58077823351416,False,radius_1.5
O_Created -> O_Sent (online only),4.751514021214698,0.5958417001790833,107.76242429893935,0.005529215810199139,16.66834802479635,16.66834802479635,False,radius_1.5
O_Refused -> W_Validate application,3.246639089968976e-05,2.122753817142159e-06,107.99999837668054,1.965512823193251e-08,7.49214672425329e-05,7.49214672425329e-05,False,radius_1.5
O_Returned -> A_Denied,150.0421937523308,33.027352309790764,100.49789031238355,0.3286372699678559,810.5892399481455,810.5892399481455,False,radius_1.5
O_Returned -> A_Incomplete,128.396567084908,34.491700076337395,101.58017164575469,0.3395515041717189,818.2305686116554,818.2305686116554,False,radius_1.5
O_Returned -> O_Accepted,146.4221601125635,31.95674609872311,100.67889199437191,0.31741257244378035,785.557082087025,785.557082087025,False,radius_1.5
O_Returned -> W_Validate application,145.14263937002988,49.10103683394216,100.74286803149859,0.4873897060245503,1127.1633760488721,1127.1633760488721,False,radius_1.5
O_Sent (mail and online) -> A_Complete,5.4903856296015004e-05,2.6762777837484613e-06,107.99999725480728,2.4780350479400915e-08,0.00010842941197098418,0.00010842941197098418,False,radius_1.5
O_Sent (mail and online) -> A_Validating,532.4726611160892,62.773787560094036,81.37636694419562,0.7714007139584097,1787.9484123179686,1787.9484123179686,False,radius_1.5
O_Sent (mail and online) -> O_Sent (mail and online),0.000546169422477833,4.284496076053138e-05,107.99997269152897,3.9671269994582087e-07,0.0014030686376884597,0.0014030686376884597,False,radius_1.5
O_Sent (mail and online) -> W_Complete application,4.0239587413500436e-05,4.330247539787407e-06,107.99999798802071,4.009488537460635e-08,0.0001268445382092485,0.0001268445382092485,False,radius_1.5
W_Call incomplete files -> A_Validating,6.436797909020129e-05,5.53896036187703e-06,107.99999678160114,5.128667154572218e-08,0.0001751471863277418,0.0001751471863277418,False,radius_1.5
W_Complete application -> A_Complete,2.9521040761670437e-05,1.741052358436161e-06,107.99999852394807,1.6120855391031304e-08,6.434208793039363e-05,6.434208793039363e-05,False,radius_1.5
W_Handle leads -> A_Concept,3.775912106135985e-05,2.4659113023318884e-06,107.99999811204405,2.2832512457765427e-08,8.707734710799758e-05,8.707734710799758e-05,False,radius_1.5
W_Validate application -> A_Incomplete,0.004998553756429756,0.000822834009397159,107.99975007231227,7.6188510514720875e-06,0.02145523394437292,0.02145523394437292,False,radius_1.5
W_Validate application -> O_Cancelled,1.860623781676413e-05,1.759162076703387e-06,107.9999990696882,1.628853788756302e-08,5.378947935083184e-05,5.378947935083184e-05,False,radius_1.5
A_Accepted -> O_Create Offer,51.16096667688587,2.525022258846864,105.4419516661558,0.02394703643993088,101.6614118538231,101.6614118538231,False,radius_2
A_Cancelled -> O_Cancelled,9.569686820612254e-05,9.345906913290325e-06,107.99999521515667,8.653617895696652e-08,0.00028261500647192885,0.00028261500647192885,False,radius_2
A_Complete -> A_Cancelled,745.0451601683441,787.3443294787892,70.74774199158287,11.128896941650273,2160.0,2018.5045160168347,True,radius_2
A_Complete -> A_Validating,545.893353513175,34.760886878957464,80.70533232434131,0.4307136328893268,1241.1110910923237,1241.1110910923237,False,radius_2
A_Complete -> O_Create Offer,653.447089835142,233.56266572577593,75.32764550824297,3.1006234716338983,2160.0,2009.344708983514,True,radius_2
A_Concept -> A_Accepted,215.65807087021497,23.14747440400822,97.21709645648934,0.2381008613476555,678.607558950379,678.607558950379,False,radius_2
A_Create Application -> A_Concept,4.991517984506329e-05,5.3121993952871435e-06,107.99999750424111,4.918703257450109e-08,0.00015615916775080606,0.00015615916775080606,False,radius_2
A_Create Application -> A_Submitted,0.0002726515260797959,2.2664702157504945e-05,107.99998636742379,2.0985837980014168e-07,0.0007259455692298943,0.0007259455692298943,False,radius_2
A_Denied -> O_Refused,6.563223679165707e-05,6.884633080285337e-06,107.99999671838826,6.374660453219391e-08,0.0002033248983973637,0.0002033248983973637,False,radius_2
A_Incomplete -> A_Validating,434.46809131259033,42.10142008185509,86.27659543437056,0.48798193611940877,1276.4964929496914,1276.4964929496914,False,radius_2
A_Incomplete -> O_Accepted,511.64591302950686,212.2917012278746,82.41770434852474,2.5758021641823925,2160.0,1995.1645913029508,True,radius_2
A_Incomplete -> O_Create Offer,459.81023463918376,74.53509722275746,85.00948826804088,0.8767856240675519,1950.5121790943317,1950.5121790943317,False,radius_2
A_Incomplete -> W_Call incomplete files,226.7306213417786,23.685455092138024,96.66346893291114,0.2450300548242978,700.4397231845387,700.4397231845387,False,radius_2
A_Pending -> O_Cancelled,2.601722802942314e-05,2.116551736509914e-06,107.9999986991387,1.9597701500035235e-08,6.834826275962138e-05,6.834826275962138e-05,False,radius_2
A_Pending -> W_Validate application,1.2726614754916638e-05,9.359579356804628e-07,107.99999936366936,8.666277233287783e-09,3.1445773468525876e-05,3.1445773468525876e-05,False,radius_2
A_Submitted -> A_Concept,0.7035906351910082,0.12542180492559754,107.96482046824053,0.001161691413755393,3.212026733702957,3.212026733702957,False,radius_2
A_Submitted -> W_Handle leads,33.6630553298611,2.9785792394362374,106.31684723350705,0.028016060642715352,93.23464011858579,93.23464011858579,False,radius_2
A_Validating -> A_Incomplete,95.53087038862176,15.372548754926573,103.22345648056901,0.14892495639128625,402.9818454871529,402.9818454871529,False,radius_2
A_Validating -> O_Accepted,100.44815965144184,6.569599349624843,102.977592017428,0.06379639706969453,231.8401466439386,231.8401466439386,False,radius_2
A_Validating -> O_Returned,17.886374891375112,1.3171119413461319,107.10568125543135,0.012297311644981865,44.22861371829772,44.22861371829772,False,radius_2
A_Validating -> W_Validate application,114.28031475347663,15.542457252150403,102.28598426232625,0.15195099665160056,425.1294597964844,425.1294597964844,False,radius_2
O_Accepted -> A_Pending,3.066248610506982e-05,2.107495360321215e-06,107.9999984668758,1.9513846205910787e-08,7.281239331149408e-05,7.281239331149408e-05,False,radius_2
O_Cancelled -> O_Cancelled,11.46049600994512,5.959895086073047,107.42697519950285,0.05547857114104641,130.65839773140596,130.65839773140596,False,radius_2
O_Create Offer -> O_Created,0.0006961475814696117,8.202036465283568e-05,107.99996519262102,7.594480656225214e-07,0.002336554874526324,0.002336554874526324,False,radius_2
O_Created -> O_Create Offer,33.530504733736294,9.61150651737409,106.32347476331327,0.09039872463508429,225.7606350812179,225.7606350812179,False,radius_2
O_Created -> O_Sent (mail and online),7.612570452338227,0.8645471854117296,107.61937147738318,0.008033378875413884,24.903514160572804,24.903514160572804,False,radius_2
O_Created -> O_Sent (online only),4.751514021214698,0.7944556002387778,107.76242429893935,0.007372287746932186,20.64062602599024,20.64062602599024,False,radius_2
O_Refused -> W_Validate application,3.246639089968976e-05,2.8303384228562123e-06,107.99999837668054,2.6206837642576686e-08,8.907315935681395e-05,8.907315935681395e-05,False,radius_2
O_Returned -> A_Denied,150.0421937523308,44.03646974638769,100.49789031238355,0.4381830266238079,1030.7715886800838,1030.7715886800838,False,radius_2
O_Returned -> A_Incomplete,128.396567084908,45.98893343511652,101.58017164575469,0.4527353388956252,1048.1752357872376,1048.1752357872376,False,radius_2
O_Returned -> O_Accepted,146.4221601125635,42.60899479829748,100.67889199437191,0.42321676325837376,998.6020560785123,998.6020560785123,False,radius_2
O_Returned -> W_Validate application,145.14263937002988,65.46804911192288,100.74286803149859,0.6498529413660671,1454.5036216084864,1454.5036216084864,False,radius_2
O_Sent (mail and online) -> A_Complete,5.4903856296015004e-05,3.5683703783312817e-06,107.99999725480728,3.304046730586789e-08,0.00012627126386264057,0.00012627126386264057,False,radius_2
O_Sent (mail and online) -> A_Validating,532.4726611160892,83.69838341345871,81.37636694419562,1.0285342852778796,2160.0,1997.2472661116094,True,radius_2
O_Sent (mail and online) -> O_Sent (mail and online),0.000546169422477833,5.712661434737517e-05,107.99997269152897,5.289502665944279e-07,0.0016887017094253352,0.0016887017094253352,False,radius_2
O_Sent (mail and online) -> W_Complete application,4.0239587413500436e-05,5.773663386383209e-06,107.99999798802071,5.34598471661418e-08,0.00015571285514116452,0.00015571285514116452,False,radius_2
W_Call incomplete files -> A_Validating,6.436797909020129e-05,7.385280482502707e-06,107.99999678160114,6.838222872762957e-08,0.0002120735887402553,0.0002120735887402553,False,radius_2
W_Complete application -> A_Complete,2.9521040761670437e-05,2.3214031445815477e-06,107.99999852394807,2.14944738547084e-08,7.594910365330134e-05,7.594910365330134e-05,False,radius_2
W_Handle leads -> A_Concept,3.775912106135985e-05,3.2878817364425177e-06,107.99999811204405,3.0443349943687234e-08,0.00010351675579021015,0.00010351675579021015,False,radius_2
W_Validate application -> A_Incomplete,0.004998553756429756,0.0010971120125295452,107.99975007231227,1.0158468068629449e-05,0.02694079400702064,0.02694079400702064,False,radius_2
W_Validate application -> O_Cancelled,1.860623781676413e-05,2.345549435604516e-06,107.9999990696882,2.1718050516750693e-08,6.551722652885441e-05,6.551722652885441e-05,False,radius_2
A_Accepted -> O_Create Offer,51.16096667688587,1.262511129423432,105.4419516661558,0.01197351821996544,76.4111892653545,76.4111892653545,False,kappa_0.50
A_Cancelled -> O_Cancelled,9.569686820612254e-05,4.672953456645163e-06,107.99999521515667,4.326808947848326e-08,0.00018915593733902572,0.00018915593733902572,False,kappa_0.50
A_Complete -> A_Cancelled,745.0451601683441,393.6721647393946,70.74774199158287,5.564448470825137,2160.0,1452.5225800841722,True,kappa_0.50
A_Complete -> A_Validating,545.893353513175,17.380443439478732,80.70533232434131,0.2153568164446634,893.5022223027494,893.5022223027494,False,kappa_0.50
A_Complete -> O_Create Offer,653.447089835142,116.78133286288796,75.32764550824297,1.5503117358169491,2160.0,1406.723544917571,True,kappa_0.50
A_Concept -> A_Accepted,215.65807087021497,11.57373720200411,97.21709645648934,0.11905043067382776,447.132814910297,447.132814910297,False,kappa_0.50
A_Create Application -> A_Concept,4.991517984506329e-05,2.6560996976435717e-06,107.99999750424111,2.4593516287250544e-08,0.00010303717379793467,0.00010303717379793467,False,kappa_0.50
A_Create Application -> A_Submitted,0.0002726515260797959,1.1332351078752473e-05,107.99998636742379,1.0492918990007084e-07,0.0004992985476548451,0.0004992985476548451,False,kappa_0.50
A_Denied -> O_Refused,6.563223679165707e-05,3.4423165401426686e-06,107.99999671838826,3.1873302266096956e-08,0.0001344785675945104,0.0001344785675945104,False,kappa_0.50
A_Incomplete -> A_Validating,434.46809131259033,21.050710040927544,86.27659543437056,0.24399096805970438,855.4822921311409,855.4822921311409,False,kappa_0.50
A_Incomplete -> O_Accepted,511.64591302950686,106.1458506139373,82.41770434852474,1.2879010820911962,2160.0,1335.8229565147535,True,kappa_0.50
A_Incomplete -> O_Create Offer,459.81023463918376,37.26754861137873,85.00948826804088,0.43839281203377595,1205.1612068667578,1205.1612068667578,False,kappa_0.50
A_Incomplete -> W_Call incomplete files,226.7306213417786,11.842727546069012,96.66346893291114,0.1225150274121489,463.5851722631586,463.5851722631586,False,kappa_0.50
A_Pending -> O_Cancelled,2.601722802942314e-05,1.058275868254957e-06,107.9999986991387,9.798850750017617e-09,4.718274539452226e-05,4.718274539452226e-05,False,kappa_0.50
A_Pending -> W_Validate application,1.2726614754916638e-05,4.679789678402314e-07,107.99999936366936,4.3331386166438915e-09,2.2086194111721256e-05,2.2086194111721256e-05,False,kappa_0.50
A_Submitted -> A_Concept,0.7035906351910082,0.06271090246279877,107.96482046824053,0.0005808457068776965,1.9578086844469824,1.9578086844469824,False,kappa_0.50
A_Submitted -> W_Handle leads,33.6630553298611,1.4892896197181187,106.31684723350705,0.014008030321357676,63.44884772422345,63.44884772422345,False,kappa_0.50
A_Validating -> A_Incomplete,95.53087038862176,7.6862743774632865,103.22345648056901,0.07446247819564313,249.25635793788734,249.25635793788734,False,kappa_0.50
A_Validating -> O_Accepted,100.44815965144184,3.2847996748124215,102.977592017428,0.031898198534847266,166.14415314769022,166.14415314769022,False,kappa_0.50
A_Validating -> O_Returned,17.886374891375112,0.6585559706730659,107.10568125543135,0.006148655822490932,31.057494304836418,31.057494304836418,False,kappa_0.50
A_Validating -> W_Validate application,114.28031475347663,7.771228626075201,102.28598426232625,0.07597549832580028,269.7048872749805,269.7048872749805,False,kappa_0.50
O_Accepted -> A_Pending,3.066248610506982e-05,1.0537476801606075e-06,107.9999984668758,9.756923102955393e-09,5.173743970828195e-05,5.173743970828195e-05,False,kappa_0.50
O_Cancelled -> O_Cancelled,11.46049600994512,2.9799475430365234,107.42697519950285,0.027739285570523204,71.05944687067554,71.05944687067554,False,kappa_0.50
O_Create Offer -> O_Created,0.0006961475814696117,4.101018232641784e-05,107.99996519262102,3.797240328112607e-07,0.0015163512279979677,0.0015163512279979677,False,kappa_0.50
O_Created -> O_Create Offer,33.530504733736294,4.805753258687045,106.32347476331327,0.045199362317542145,129.64556990747712,129.64556990747712,False,kappa_0.50
O_Created -> O_Sent (mail and online),7.612570452338227,0.4322735927058648,107.61937147738318,0.004016689437706942,16.258042306455515,16.258042306455515,False,kappa_0.50
O_Created -> O_Sent (online only),4.751514021214698,0.3972278001193889,107.76242429893935,0.003686143873466093,12.69607002360247,12.69607002360247,False,kappa_0.50
O_Refused -> W_Validate application,3.246639089968976e-05,1.4151692114281062e-06,107.99999837668054,1.3103418821288343e-08,6.0769775128251854e-05,6.0769775128251854e-05,False,kappa_0.50
O_Returned -> A_Denied,150.0421937523308,22.018234873193844,100.49789031238355,0.21909151331190396,590.4068912162073,590.4068912162073,False,kappa_0.50
O_Returned -> A_Incomplete,128.396567084908,22.99446671755826,101.58017164575469,0.2263676694478126,588.2859014360728,588.2859014360728,False,kappa_0.50
O_Returned -> O_Accepted,146.4221601125635,21.30449739914874,100.67889199437191,0.21160838162918688,572.5121080955379,572.5121080955379,False,kappa_0.50
O_Returned -> W_Validate application,145.14263937002988,32.73402455596144,100.74286803149859,0.32492647068303354,799.8231304892581,799.8231304892581,False,kappa_0.50
O_Sent (mail and online) -> A_Complete,5.4903856296015004e-05,1.7841851891656408e-06,107.99999725480728,1.6520233652933944e-08,9.05875600793278e-05,9.05875600793278e-05,False,kappa_0.50
O_Sent (mail and online) -> A_Validating,532.4726611160892,41.84919170672936,81.37636694419562,0.5142671426389398,1369.4564952506755,1346.2363305580448,False,kappa_0.50
O_Sent (mail and online) -> O_Sent (mail and online),0.000546169422477833,2.8563307173687586e-05,107.99997269152897,2.6447513329721393e-07,0.0011174355659515842,0.0011174355659515842,False,kappa_0.50
O_Sent (mail and online) -> W_Complete application,4.0239587413500436e-05,2.8868316931916045e-06,107.99999798802071,2.67299235830709e-08,9.797622127733247e-05,9.797622127733247e-05,False,kappa_0.50
W_Call incomplete files -> A_Validating,6.436797909020129e-05,3.6926402412513534e-06,107.99999678160114,3.419111436381479e-08,0.0001382207839152283,0.0001382207839152283,False,kappa_0.50
W_Complete application -> A_Complete,2.9521040761670437e-05,1.1607015722907739e-06,107.99999852394807,1.07472369273542e-08,5.27350722074859e-05,5.27350722074859e-05,False,kappa_0.50
W_Handle leads -> A_Concept,3.775912106135985e-05,1.6439408682212588e-06,107.99999811204405,1.5221674971843617e-08,7.063793842578499e-05,7.063793842578499e-05,False,kappa_0.50
W_Validate application -> A_Incomplete,0.004998553756429756,0.0005485560062647726,107.99975007231227,5.079234034314724e-06,0.0159696738817252,0.0159696738817252,False,kappa_0.50
W_Validate application -> O_Cancelled,1.860623781676413e-05,1.172774717802258e-06,107.9999990696882,1.0859025258375346e-08,4.206173217280927e-05,4.206173217280927e-05,False,kappa_0.50
A_Accepted -> O_Create Offer,51.16096667688587,1.262511129423432,105.4419516661558,0.01197351821996544,76.4111892653545,76.4111892653545,False,kappa_0.75
A_Cancelled -> O_Cancelled,9.569686820612254e-05,4.672953456645163e-06,107.99999521515667,4.326808947848326e-08,0.00018915593733902572,0.00018915593733902572,False,kappa_0.75
A_Complete -> A_Cancelled,745.0451601683441,393.6721647393946,70.74774199158287,5.564448470825137,2160.0,1806.2612900420863,True,kappa_0.75
A_Complete -> A_Validating,545.893353513175,17.380443439478732,80.70533232434131,0.2153568164446634,893.5022223027494,893.5022223027494,False,kappa_0.75
A_Complete -> O_Create Offer,653.447089835142,116.78133286288796,75.32764550824297,1.5503117358169491,2160.0,1783.3617724587857,True,kappa_0.75
A_Concept -> A_Accepted,215.65807087021497,11.57373720200411,97.21709645648934,0.11905043067382776,447.132814910297,447.132814910297,False,kappa_0.75
A_Create Application -> A_Concept,4.991517984506329e-05,2.6560996976435717e-06,107.99999750424111,2.4593516287250544e-08,0.00010303717379793467,0.00010303717379793467,False,kappa_0.75
A_Create Application -> A_Submitted,0.0002726515260797959,1.1332351078752473e-05,107.99998636742379,1.0492918990007084e-07,0.0004992985476548451,0.0004992985476548451,False,kappa_0.75
A_Denied -> O_Refused,6.563223679165707e-05,3.4423165401426686e-06,107.99999671838826,3.1873302266096956e-08,0.0001344785675945104,0.0001344785675945104,False,kappa_0.75
A_Incomplete -> A_Validating,434.46809131259033,21.050710040927544,86.27659543437056,0.24399096805970438,855.4822921311409,855.4822921311409,False,kappa_0.75
A_Incomplete -> O_Accepted,511.64591302950686,106.1458506139373,82.41770434852474,1.2879010820911962,2160.0,1747.9114782573768,True,kappa_0.75
A_Incomplete -> O_Create Offer,459.81023463918376,37.26754861137873,85.00948826804088,0.43839281203377595,1205.1612068667578,1205.1612068667578,False,kappa_0.75
A_Incomplete -> W_Call incomplete files,226.7306213417786,11.842727546069012,96.66346893291114,0.1225150274121489,463.5851722631586,463.5851722631586,False,kappa_0.75
A_Pending -> O_Cancelled,2.601722802942314e-05,1.058275868254957e-06,107.9999986991387,9.798850750017617e-09,4.718274539452226e-05,4.718274539452226e-05,False,kappa_0.75
A_Pending -> W_Validate application,1.2726614754916638e-05,4.679789678402314e-07,107.99999936366936,4.3331386166438915e-09,2.2086194111721256e-05,2.2086194111721256e-05,False,kappa_0.75
A_Submitted -> A_Concept,0.7035906351910082,0.06271090246279877,107.96482046824053,0.0005808457068776965,1.9578086844469824,1.9578086844469824,False,kappa_0.75
A_Submitted -> W_Handle leads,33.6630553298611,1.4892896197181187,106.31684723350705,0.014008030321357676,63.44884772422345,63.44884772422345,False,kappa_0.75
A_Validating -> A_Incomplete,95.53087038862176,7.6862743774632865,103.22345648056901,0.07446247819564313,249.25635793788734,249.25635793788734,False,kappa_0.75
A_Validating -> O_Accepted,100.44815965144184,3.2847996748124215,102.977592017428,0.031898198534847266,166.14415314769022,166.14415314769022,False,kappa_0.75
A_Validating -> O_Returned,17.886374891375112,0.6585559706730659,107.10568125543135,0.006148655822490932,31.057494304836418,31.057494304836418,False,kappa_0.75
A_Validating -> W_Validate application,114.28031475347663,7.771228626075201,102.28598426232625,0.07597549832580028,269.7048872749805,269.7048872749805,False,kappa_0.75
O_Accepted -> A_Pending,3.066248610506982e-05,1.0537476801606075e-06,107.9999984668758,9.756923102955393e-09,5.173743970828195e-05,5.173743970828195e-05,False,kappa_0.75
O_Cancelled -> O_Cancelled,11.46049600994512,2.9799475430365234,107.42697519950285,0.027739285570523204,71.05944687067554,71.05944687067554,False,kappa_0.75
O_Create Offer -> O_Created,0.0006961475814696117,4.101018232641784e-05,107.99996519262102,3.797240328112607e-07,0.0015163512279979677,0.0015163512279979677,False,kappa_0.75
O_Created -> O_Create Offer,33.530504733736294,4.805753258687045,106.32347476331327,0.045199362317542145,129.64556990747712,129.64556990747712,False,kappa_0.75
O_Created -> O_Sent (mail and online),7.612570452338227,0.4322735927058648,107.61937147738318,0.004016689437706942,16.258042306455515,16.258042306455515,False,kappa_0.75
O_Created -> O_Sent (online only),4.751514021214698,0.3972278001193889,107.76242429893935,0.003686143873466093,12.69607002360247,12.69607002360247,False,kappa_0.75
O_Refused -> W_Validate application,3.246639089968976e-05,1.4151692114281062e-06,107.99999837668054,1.3103418821288343e-08,6.0769775128251854e-05,6.0769775128251854e-05,False,kappa_0.75
O_Returned -> A_Denied,150.0421937523308,22.018234873193844,100.49789031238355,0.21909151331190396,590.4068912162073,590.4068912162073,False,kappa_0.75
O_Returned -> A_Incomplete,128.396567084908,22.99446671755826,101.58017164575469,0.2263676694478126,588.2859014360728,588.2859014360728,False,kappa_0.75
O_Returned -> O_Accepted,146.4221601125635,21.30449739914874,100.67889199437191,0.21160838162918688,572.5121080955379,572.5121080955379,False,kappa_0.75
O_Returned -> W_Validate application,145.14263937002988,32.73402455596144,100.74286803149859,0.32492647068303354,799.8231304892581,799.8231304892581,False,kappa_0.75
O_Sent (mail and online) -> A_Complete,5.4903856296015004e-05,1.7841851891656408e-06,107.99999725480728,1.6520233652933944e-08,9.05875600793278e-05,9.05875600793278e-05,False,kappa_0.75
O_Sent (mail and online) -> A_Validating,532.4726611160892,41.84919170672936,81.37636694419562,0.5142671426389398,1369.4564952506755,1369.4564952506755,False,kappa_0.75
O_Sent (mail and online) -> O_Sent (mail and online),0.000546169422477833,2.8563307173687586e-05,107.99997269152897,2.6447513329721393e-07,0.0011174355659515842,0.0011174355659515842,False,kappa_0.75
O_Sent (mail and online) -> W_Complete application,4.0239587413500436e-05,2.8868316931916045e-06,107.99999798802071,2.67299235830709e-08,9.797622127733247e-05,9.797622127733247e-05,False,kappa_0.75
W_Call incomplete files -> A_Validating,6.436797909020129e-05,3.6926402412513534e-06,107.99999678160114,3.419111436381479e-08,0.0001382207839152283,0.0001382207839152283,False,kappa_0.75
W_Complete application -> A_Complete,2.9521040761670437e-05,1.1607015722907739e-06,107.99999852394807,1.07472369273542e-08,5.27350722074859e-05,5.27350722074859e-05,False,kappa_0.75
W_Handle leads -> A_Concept,3.775912106135985e-05,1.6439408682212588e-06,107.99999811204405,1.5221674971843617e-08,7.063793842578499e-05,7.063793842578499e-05,False,kappa_0.75
W_Validate application -> A_Incomplete,0.004998553756429756,0.0005485560062647726,107.99975007231227,5.079234034314724e-06,0.0159696738817252,0.0159696738817252,False,kappa_0.75
W_Validate application -> O_Cancelled,1.860623781676413e-05,1.172774717802258e-06,107.9999990696882,1.0859025258375346e-08,4.206173217280927e-05,4.206173217280927e-05,False,kappa_0.75
A_Accepted -> O_Create Offer,51.16096667688587,1.262511129423432,105.4419516661558,0.01197351821996544,76.4111892653545,76.4111892653545,False,kappa_0.95
A_Cancelled -> O_Cancelled,9.569686820612254e-05,4.672953456645163e-06,107.99999521515667,4.326808947848326e-08,0.00018915593733902572,0.00018915593733902572,False,kappa_0.95
A_Complete -> A_Cancelled,745.0451601683441,393.6721647393946,70.74774199158287,5.564448470825137,2160.0,2089.2522580084174,True,kappa_0.95
A_Complete -> A_Validating,545.893353513175,17.380443439478732,80.70533232434131,0.2153568164446634,893.5022223027494,893.5022223027494,False,kappa_0.95
A_Complete -> O_Create Offer,653.447089835142,116.78133286288796,75.32764550824297,1.5503117358169491,2160.0,2084.672354491757,True,kappa_0.95
A_Concept -> A_Accepted,215.65807087021497,11.57373720200411,97.21709645648934,0.11905043067382776,447.132814910297,447.132814910297,False,kappa_0.95
A_Create Application -> A_Concept,4.991517984506329e-05,2.6560996976435717e-06,107.99999750424111,2.4593516287250544e-08,0.00010303717379793467,0.00010303717379793467,False,kappa_0.95
A_Create Application -> A_Submitted,0.0002726515260797959,1.1332351078752473e-05,107.99998636742379,1.0492918990007084e-07,0.0004992985476548451,0.0004992985476548451,False,kappa_0.95
A_Denied -> O_Refused,6.563223679165707e-05,3.4423165401426686e-06,107.99999671838826,3.1873302266096956e-08,0.0001344785675945104,0.0001344785675945104,False,kappa_0.95
A_Incomplete -> A_Validating,434.46809131259033,21.050710040927544,86.27659543437056,0.24399096805970438,855.4822921311409,855.4822921311409,False,kappa_0.95
A_Incomplete -> O_Accepted,511.64591302950686,106.1458506139373,82.41770434852474,1.2879010820911962,2160.0,2077.5822956514758,True,kappa_0.95
A_Incomplete -> O_Create Offer,459.81023463918376,37.26754861137873,85.00948826804088,0.43839281203377595,1205.1612068667578,1205.1612068667578,False,kappa_0.95
A_Incomplete -> W_Call incomplete files,226.7306213417786,11.842727546069012,96.66346893291114,0.1225150274121489,463.5851722631586,463.5851722631586,False,kappa_0.95
A_Pending -> O_Cancelled,2.601722802942314e-05,1.058275868254957e-06,107.9999986991387,9.798850750017617e-09,4.718274539452226e-05,4.718274539452226e-05,False,kappa_0.95
A_Pending -> W_Validate application,1.2726614754916638e-05,4.679789678402314e-07,107.99999936366936,4.3331386166438915e-09,2.2086194111721256e-05,2.2086194111721256e-05,False,kappa_0.95
A_Submitted -> A_Concept,0.7035906351910082,0.06271090246279877,107.96482046824053,0.0005808457068776965,1.9578086844469824,1.9578086844469824,False,kappa_0.95
A_Submitted -> W_Handle leads,33.6630553298611,1.4892896197181187,106.31684723350705,0.014008030321357676,63.44884772422345,63.44884772422345,False,kappa_0.95
A_Validating -> A_Incomplete,95.53087038862176,7.6862743774632865,103.22345648056901,0.07446247819564313,249.25635793788734,249.25635793788734,False,kappa_0.95
A_Validating -> O_Accepted,100.44815965144184,3.2847996748124215,102.977592017428,0.031898198534847266,166.14415314769022,166.14415314769022,False,kappa_0.95
A_Validating -> O_Returned,17.886374891375112,0.6585559706730659,107.10568125543135,0.006148655822490932,31.057494304836418,31.057494304836418,False,kappa_0.95
A_Validating -> W_Validate application,114.28031475347663,7.771228626075201,102.28598426232625,0.07597549832580028,269.7048872749805,269.7048872749805,False,kappa_0.95
O_Accepted -> A_Pending,3.066248610506982e-05,1.0537476801606075e-06,107.9999984668758,9.756923102955393e-09,5.173743970828195e-05,5.173743970828195e-05,False,kappa_0.95
O_Cancelled -> O_Cancelled,11.46049600994512,2.9799475430365234,107.42697519950285,0.027739285570523204,71.05944687067554,71.05944687067554,False,kappa_0.95
O_Create Offer -> O_Created,0.0006961475814696117,4.101018232641784e-05,107.99996519262102,3.797240328112607e-07,0.0015163512279979677,0.0015163512279979677,False,kappa_0.95
O_Created -> O_Create Offer,33.530504733736294,4.805753258687045,106.32347476331327,0.045199362317542145,129.64556990747712,129.64556990747712,False,kappa_0.95
O_Created -> O_Sent (mail and online),7.612570452338227,0.4322735927058648,107.61937147738318,0.004016689437706942,16.258042306455515,16.258042306455515,False,kappa_0.95
O_Created -> O_Sent (online only),4.751514021214698,0.3972278001193889,107.76242429893935,0.003686143873466093,12.69607002360247,12.69607002360247,False,kappa_0.95
O_Refused -> W_Validate application,3.246639089968976e-05,1.4151692114281062e-06,107.99999837668054,1.3103418821288343e-08,6.0769775128251854e-05,6.0769775128251854e-05,False,kappa_0.95
O_Returned -> A_Denied,150.0421937523308,22.018234873193844,100.49789031238355,0.21909151331190396,590.4068912162073,590.4068912162073,False,kappa_0.95
O_Returned -> A_Incomplete,128.396567084908,22.99446671755826,101.58017164575469,0.2263676694478126,588.2859014360728,588.2859014360728,False,kappa_0.95
O_Returned -> O_Accepted,146.4221601125635,21.30449739914874,100.67889199437191,0.21160838162918688,572.5121080955379,572.5121080955379,False,kappa_0.95
O_Returned -> W_Validate application,145.14263937002988,32.73402455596144,100.74286803149859,0.32492647068303354,799.8231304892581,799.8231304892581,False,kappa_0.95
O_Sent (mail and online) -> A_Complete,5.4903856296015004e-05,1.7841851891656408e-06,107.99999725480728,1.6520233652933944e-08,9.05875600793278e-05,9.05875600793278e-05,False,kappa_0.95
O_Sent (mail and online) -> A_Validating,532.4726611160892,41.84919170672936,81.37636694419562,0.5142671426389398,1369.4564952506755,1369.4564952506755,False,kappa_0.95
O_Sent (mail and online) -> O_Sent (mail and online),0.000546169422477833,2.8563307173687586e-05,107.99997269152897,2.6447513329721393e-07,0.0011174355659515842,0.0011174355659515842,False,kappa_0.95
O_Sent (mail and online) -> W_Complete application,4.0239587413500436e-05,2.8868316931916045e-06,107.99999798802071,2.67299235830709e-08,9.797622127733247e-05,9.797622127733247e-05,False,kappa_0.95
W_Call incomplete files -> A_Validating,6.436797909020129e-05,3.6926402412513534e-06,107.99999678160114,3.419111436381479e-08,0.0001382207839152283,0.0001382207839152283,False,kappa_0.95
W_Complete application -> A_Complete,2.9521040761670437e-05,1.1607015722907739e-06,107.99999852394807,1.07472369273542e-08,5.27350722074859e-05,5.27350722074859e-05,False,kappa_0.95
W_Handle leads -> A_Concept,3.775912106135985e-05,1.6439408682212588e-06,107.99999811204405,1.5221674971843617e-08,7.063793842578499e-05,7.063793842578499e-05,False,kappa_0.95
W_Validate application -> A_Incomplete,0.004998553756429756,0.0005485560062647726,107.99975007231227,5.079234034314724e-06,0.0159696738817252,0.0159696738817252,False,kappa_0.95
W_Validate application -> O_Cancelled,1.860623781676413e-05,1.172774717802258e-06,107.9999990696882,1.0859025258375346e-08,4.206173217280927e-05,4.206173217280927e-05,False,kappa_0.95
A_Accepted -> O_Create Offer,51.16096667688587,1.262511129423432,105.4419516661558,0.01197351821996544,76.4111892653545,76.4111892653545,False,kappa_0.99
A_Cancelled -> O_Cancelled,9.569686820612254e-05,4.672953456645163e-06,107.99999521515667,4.326808947848326e-08,0.00018915593733902572,0.00018915593733902572,False,kappa_0.99
A_Complete -> A_Cancelled,745.0451601683441,393.6721647393946,70.74774199158287,5.564448470825137,2160.0,2145.8504516016837,True,kappa_0.99
A_Complete -> A_Validating,545.893353513175,17.380443439478732,80.70533232434131,0.2153568164446634,893.5022223027494,893.5022223027494,False,kappa_0.99
A_Complete -> O_Create Offer,653.447089835142,116.78133286288796,75.32764550824297,1.5503117358169491,2160.0,2144.9344708983513,True,kappa_0.99
A_Concept -> A_Accepted,215.65807087021497,11.57373720200411,97.21709645648934,0.11905043067382776,447.132814910297,447.132814910297,False,kappa_0.99
A_Create Application -> A_Concept,4.991517984506329e-05,2.6560996976435717e-06,107.99999750424111,2.4593516287250544e-08,0.00010303717379793467,0.00010303717379793467,False,kappa_0.99
A_Create Application -> A_Submitted,0.0002726515260797959,1.1332351078752473e-05,107.99998636742379,1.0492918990007084e-07,0.0004992985476548451,0.0004992985476548451,False,kappa_0.99
A_Denied -> O_Refused,6.563223679165707e-05,3.4423165401426686e-06,107.99999671838826,3.1873302266096956e-08,0.0001344785675945104,0.0001344785675945104,False,kappa_0.99
A_Incomplete -> A_Validating,434.46809131259033,21.050710040927544,86.27659543437056,0.24399096805970438,855.4822921311409,855.4822921311409,False,kappa_0.99
A_Incomplete -> O_Accepted,511.64591302950686,106.1458506139373,82.41770434852474,1.2879010820911962,2160.0,2143.516459130295,True,kappa_0.99
A_Incomplete -> O_Create Offer,459.81023463918376,37.26754861137873,85.00948826804088,0.43839281203377595,1205.1612068667578,1205.1612068667578,False,kappa_0.99
A_Incomplete -> W_Call incomplete files,226.7306213417786,11.842727546069012,96.66346893291114,0.1225150274121489,463.5851722631586,463.5851722631586,False,kappa_0.99
A_Pending -> O_Cancelled,2.601722802942314e-05,1.058275868254957e-06,107.9999986991387,9.798850750017617e-09,4.718274539452226e-05,4.718274539452226e-05,False,kappa_0.99
A_Pending -> W_Validate application,1.2726614754916638e-05,4.679789678402314e-07,107.99999936366936,4.3331386166438915e-09,2.2086194111721256e-05,2.2086194111721256e-05,False,kappa_0.99
A_Submitted -> A_Concept,0.7035906351910082,0.06271090246279877,107.96482046824053,0.0005808457068776965,1.9578086844469824,1.9578086844469824,False,kappa_0.99
A_Submitted -> W_Handle leads,33.6630553298611,1.4892896197181187,106.31684723350705,0.014008030321357676,63.44884772422345,63.44884772422345,False,kappa_0.99
A_Validating -> A_Incomplete,95.53087038862176,7.6862743774632865,103.22345648056901,0.07446247819564313,249.25635793788734,249.25635793788734,False,kappa_0.99
A_Validating -> O_Accepted,100.44815965144184,3.2847996748124215,102.977592017428,0.031898198534847266,166.14415314769022,166.14415314769022,False,kappa_0.99
A_Validating -> O_Returned,17.886374891375112,0.6585559706730659,107.10568125543135,0.006148655822490932,31.057494304836418,31.057494304836418,False,kappa_0.99
A_Validating -> W_Validate application,114.28031475347663,7.771228626075201,102.28598426232625,0.07597549832580028,269.7048872749805,269.7048872749805,False,kappa_0.99
O_Accepted -> A_Pending,3.066248610506982e-05,1.0537476801606075e-06,107.9999984668758,9.756923102955393e-09,5.173743970828195e-05,5.173743970828195e-05,False,kappa_0.99
O_Cancelled -> O_Cancelled,11.46049600994512,2.9799475430365234,107.42697519950285,0.027739285570523204,71.05944687067554,71.05944687067554,False,kappa_0.99
O_Create Offer -> O_Created,0.0006961475814696117,4.101018232641784e-05,107.99996519262102,3.797240328112607e-07,0.0015163512279979677,0.0015163512279979677,False,kappa_0.99
O_Created -> O_Create Offer,33.530504733736294,4.805753258687045,106.32347476331327,0.045199362317542145,129.64556990747712,129.64556990747712,False,kappa_0.99
O_Created -> O_Sent (mail and online),7.612570452338227,0.4322735927058648,107.61937147738318,0.004016689437706942,16.258042306455515,16.258042306455515,False,kappa_0.99
O_Created -> O_Sent (online only),4.751514021214698,0.3972278001193889,107.76242429893935,0.003686143873466093,12.69607002360247,12.69607002360247,False,kappa_0.99
O_Refused -> W_Validate application,3.246639089968976e-05,1.4151692114281062e-06,107.99999837668054,1.3103418821288343e-08,6.0769775128251854e-05,6.0769775128251854e-05,False,kappa_0.99
O_Returned -> A_Denied,150.0421937523308,22.018234873193844,100.49789031238355,0.21909151331190396,590.4068912162073,590.4068912162073,False,kappa_0.99
O_Returned -> A_Incomplete,128.396567084908,22.99446671755826,101.58017164575469,0.2263676694478126,588.2859014360728,588.2859014360728,False,kappa_0.99
O_Returned -> O_Accepted,146.4221601125635,21.30449739914874,100.67889199437191,0.21160838162918688,572.5121080955379,572.5121080955379,False,kappa_0.99
O_Returned -> W_Validate application,145.14263937002988,32.73402455596144,100.74286803149859,0.32492647068303354,799.8231304892581,799.8231304892581,False,kappa_0.99
O_Sent (mail and online) -> A_Complete,5.4903856296015004e-05,1.7841851891656408e-06,107.99999725480728,1.6520233652933944e-08,9.05875600793278e-05,9.05875600793278e-05,False,kappa_0.99
O_Sent (mail and online) -> A_Validating,532.4726611160892,41.84919170672936,81.37636694419562,0.5142671426389398,1369.4564952506755,1369.4564952506755,False,kappa_0.99
O_Sent (mail and online) -> O_Sent (mail and online),0.000546169422477833,2.8563307173687586e-05,107.99997269152897,2.6447513329721393e-07,0.0011174355659515842,0.0011174355659515842,False,kappa_0.99
O_Sent (mail and online) -> W_Complete application,4.0239587413500436e-05,2.8868316931916045e-06,107.99999798802071,2.67299235830709e-08,9.797622127733247e-05,9.797622127733247e-05,False,kappa_0.99
W_Call incomplete files -> A_Validating,6.436797909020129e-05,3.6926402412513534e-06,107.99999678160114,3.419111436381479e-08,0.0001382207839152283,0.0001382207839152283,False,kappa_0.99
W_Complete application -> A_Complete,2.9521040761670437e-05,1.1607015722907739e-06,107.99999852394807,1.07472369273542e-08,5.27350722074859e-05,5.27350722074859e-05,False,kappa_0.99
W_Handle leads -> A_Concept,3.775912106135985e-05,1.6439408682212588e-06,107.99999811204405,1.5221674971843617e-08,7.063793842578499e-05,7.063793842578499e-05,False,kappa_0.99
W_Validate application -> A_Incomplete,0.004998553756429756,0.0005485560062647726,107.99975007231227,5.079234034314724e-06,0.0159696738817252,0.0159696738817252,False,kappa_0.99
W_Validate application -> O_Cancelled,1.860623781676413e-05,1.172774717802258e-06,107.9999990696882,1.0859025258375346e-08,4.206173217280927e-05,4.206173217280927e-05,False,kappa_0.99
