method,K,mean_share_pct,tail_share_pct,mean_oracle_eligible_pct,tail_oracle_eligible_pct,mean_oracle_global_pct,tail_oracle_global_pct,mean_regret_pp,tail_regret_pp,jaccard_mean_oracle,jaccard_tail_oracle,kendall_mean,kendall_tail,ranking_common_transitions,q3_transitions,q3_observations,candidate_mean_coverage_pct,candidate_tail_coverage_pct,candidates,empirical_saturated,induced_saturated,total_saturated,sa_saturated,median_rho,median_epsilon,configuration,strict_eligible_candidates,jaccard_primary
Frequency,3,6.677163131306568,13.994607419146492,61.419046247853714,44.87980227781515,61.419046247853714,44.87980227781515,54.74188311654714,30.88519485866866,0.2,0.2,0.08663821014655698,0.12324590457467964,41,140,129191,90.5306963175782,89.46011310982573,41,0,3,3,0,0.006148655822490932,0.6585559706730659,primary,41,1.0
Frequency,5,7.327011967434771,17.96431458831773,70.6489857241683,60.460629527022405,70.6489857241683,60.460629527022405,63.32197375673353,42.49631493870467,0.1111111111111111,0.1111111111111111,0.08663821014655698,0.12324590457467964,41,140,129191,90.5306963175782,89.46011310982573,41,0,3,3,0,0.006148655822490932,0.6585559706730659,primary,41,1.0
Frequency,10,30.221709545359992,37.384901261331926,84.56761508766249,76.29272551989764,85.89987727501442,76.29272551989764,54.345905542302496,38.90782425856572,0.1111111111111111,0.17647058823529413,0.08663821014655698,0.12324590457467964,41,140,129191,90.5306963175782,89.46011310982573,41,0,3,3,0,0.006148655822490932,0.6585559706730659,primary,41,1.0
Mean burden,3,61.419046247853714,44.145923972042844,61.419046247853714,44.87980227781515,61.419046247853714,44.87980227781515,0.0,0.7338783057723077,1.0,0.5,0.9170731707317072,0.8902439024390244,41,140,129191,90.5306963175782,89.46011310982573,41,0,3,3,0,0.006148655822490932,0.6585559706730659,primary,41,1.0
Mean burden,5,70.2373056644679,60.460629527022405,70.6489857241683,60.460629527022405,70.6489857241683,60.460629527022405,0.41168005970040156,0.0,0.6666666666666666,1.0,0.9170731707317072,0.8902439024390244,41,140,129191,90.5306963175782,89.46011310982573,41,0,3,3,0,0.006148655822490932,0.6585559706730659,primary,41,1.0
Mean burden,10,84.56761508766247,75.0930409777109,84.56761508766249,76.29272551989764,85.89987727501442,76.29272551989764,1.4210854715202004e-14,1.1996845421867448,1.0,0.6666666666666666,0.9170731707317072,0.8902439024390244,41,140,129191,90.5306963175782,89.46011310982573,41,0,3,3,0,0.006148655822490932,0.6585559706730659,primary,41,1.0
Empirical Tail,3,61.419046247853714,44.145923972042844,61.419046247853714,44.87980227781515,61.419046247853714,44.87980227781515,0.0,0.7338783057723077,1.0,0.5,0.848780487804878,0.8951219512195122,41,140,129191,90.5306963175782,89.46011310982573,41,0,3,3,0,0.006148655822490932,0.6585559706730659,primary,41,1.0
Empirical Tail,5,70.2373056644679,60.460629527022405,70.6489857241683,60.460629527022405,70.6489857241683,60.460629527022405,0.41168005970040156,0.0,0.6666666666666666,1.0,0.848780487804878,0.8951219512195122,41,140,129191,90.5306963175782,89.46011310982573,41,0,3,3,0,0.006148655822490932,0.6585559706730659,primary,41,1.0
Empirical Tail,10,81.31218567144636,74.48794889693804,84.56761508766249,76.29272551989764,85.89987727501442,76.29272551989764,3.2554294162161312,1.8047766229596078,0.8181818181818182,0.6666666666666666,0.848780487804878,0.8951219512195122,41,140,129191,90.5306963175782,89.46011310982573,41,0,3,3,0,0.006148655822490932,0.6585559706730659,primary,41,1.0
Original DRO,3,61.419046247853714,44.145923972042844,61.419046247853714,44.87980227781515,61.419046247853714,44.87980227781515,0.0,0.7338783057723077,1.0,0.5,0.8585365853658536,0.8804878048780488,41,140,129191,90.5306963175782,89.46011310982573,41,0,3,3,0,0.006148655822490932,0.6585559706730659,primary,41,1.0
Original DRO,5,70.2373056644679,60.460629527022405,70.6489857241683,60.460629527022405,70.6489857241683,60.460629527022405,0.41168005970040156,0.0,0.6666666666666666,1.0,0.8585365853658536,0.8804878048780488,41,140,129191,90.5306963175782,89.46011310982573,41,0,3,3,0,0.006148655822490932,0.6585559706730659,primary,41,1.0
Original DRO,10,84.56761508766247,75.0930409777109,84.56761508766249,76.29272551989764,85.89987727501442,76.29272551989764,1.4210854715202004e-14,1.1996845421867448,1.0,0.6666666666666666,0.8585365853658536,0.8804878048780488,41,140,129191,90.5306963175782,89.46011310982573,41,0,3,3,0,0.006148655822490932,0.6585559706730659,primary,41,1.0
Saturation-Aware DRO,3,61.419046247853714,44.145923972042844,61.419046247853714,44.87980227781515,61.419046247853714,44.87980227781515,0.0,0.7338783057723077,1.0,0.5,0.8585365853658536,0.8804878048780488,41,140,129191,90.5306963175782,89.46011310982573,41,0,3,3,0,0.006148655822490932,0.6585559706730659,primary,41,1.0
Saturation-Aware DRO,5,70.2373056644679,60.460629527022405,70.6489857241683,60.460629527022405,70.6489857241683,60.460629527022405,0.41168005970040156,0.0,0.6666666666666666,1.0,0.8585365853658536,0.8804878048780488,41,140,129191,90.5306963175782,89.46011310982573,41,0,3,3,0,0.006148655822490932,0.6585559706730659,primary,41,1.0
Saturation-Aware DRO,10,84.56761508766247,75.0930409777109,84.56761508766249,76.29272551989764,85.89987727501442,76.29272551989764,1.4210854715202004e-14,1.1996845421867448,1.0,0.6666666666666666,0.8585365853658536,0.8804878048780488,41,140,129191,90.5306963175782,89.46011310982573,41,0,3,3,0,0.006148655822490932,0.6585559706730659,primary,41,1.0
Frequency,3,6.677163131306568,13.994607419146492,61.419046247853714,44.87980227781515,61.419046247853714,44.87980227781515,54.74188311654714,30.88519485866866,0.2,0.2,0.08663821014655698,0.12324590457467964,41,140,129191,90.5306963175782,89.46011310982573,41,0,2,2,0,0.007856653181064826,0.8466519936675193,block_7d,41,1.0
Frequency,5,7.327011967434771,17.96431458831773,70.6489857241683,60.460629527022405,70.6489857241683,60.460629527022405,63.32197375673353,42.49631493870467,0.1111111111111111,0.1111111111111111,0.08663821014655698,0.12324590457467964,41,140,129191,90.5306963175782,89.46011310982573,41,0,2,2,0,0.007856653181064826,0.8466519936675193,block_7d,41,1.0
Frequency,10,30.221709545359992,37.384901261331926,84.56761508766249,76.29272551989764,85.89987727501442,76.29272551989764,54.345905542302496,38.90782425856572,0.1111111111111111,0.17647058823529413,0.08663821014655698,0.12324590457467964,41,140,129191,90.5306963175782,89.46011310982573,41,0,2,2,0,0.007856653181064826,0.8466519936675193,block_7d,41,1.0
Mean burden,3,61.419046247853714,44.145923972042844,61.419046247853714,44.87980227781515,61.419046247853714,44.87980227781515,0.0,0.7338783057723077,1.0,0.5,0.9170731707317072,0.8902439024390244,41,140,129191,90.5306963175782,89.46011310982573,41,0,2,2,0,0.007856653181064826,0.8466519936675193,block_7d,41,1.0
Mean burden,5,70.2373056644679,60.460629527022405,70.6489857241683,60.460629527022405,70.6489857241683,60.460629527022405,0.41168005970040156,0.0,0.6666666666666666,1.0,0.9170731707317072,0.8902439024390244,41,140,129191,90.5306963175782,89.46011310982573,41,0,2,2,0,0.007856653181064826,0.8466519936675193,block_7d,41,1.0
Mean burden,10,84.56761508766247,75.0930409777109,84.56761508766249,76.29272551989764,85.89987727501442,76.29272551989764,1.4210854715202004e-14,1.1996845421867448,1.0,0.6666666666666666,0.9170731707317072,0.8902439024390244,41,140,129191,90.5306963175782,89.46011310982573,41,0,2,2,0,0.007856653181064826,0.8466519936675193,block_7d,41,1.0
Empirical Tail,3,61.419046247853714,44.145923972042844,61.419046247853714,44.87980227781515,61.419046247853714,44.87980227781515,0.0,0.7338783057723077,1.0,0.5,0.848780487804878,0.8951219512195122,41,140,129191,90.5306963175782,89.46011310982573,41,0,2,2,0,0.007856653181064826,0.8466519936675193,block_7d,41,1.0
Empirical Tail,5,70.2373056644679,60.460629527022405,70.6489857241683,60.460629527022405,70.6489857241683,60.460629527022405,0.41168005970040156,0.0,0.6666666666666666,1.0,0.848780487804878,0.8951219512195122,41,140,129191,90.5306963175782,89.46011310982573,41,0,2,2,0,0.007856653181064826,0.8466519936675193,block_7d,41,1.0
Empirical Tail,10,81.31218567144636,74.48794889693804,84.56761508766249,76.29272551989764,85.89987727501442,76.29272551989764,3.2554294162161312,1.8047766229596078,0.8181818181818182,0.6666666666666666,0.848780487804878,0.8951219512195122,41,140,129191,90.5306963175782,89.46011310982573,41,0,2,2,0,0.007856653181064826,0.8466519936675193,block_7d,41,1.0
Original DRO,3,32.790370543963,37.136948857003254,61.419046247853714,44.87980227781515,61.419046247853714,44.87980227781515,28.628675703890714,7.7428534208118975,0.5,0.5,0.8585365853658536,0.8804878048780488,41,140,129191,90.5306963175782,89.46011310982573,41,0,2,2,0,0.007856653181064826,0.8466519936675193,block_7d,41,0.5
Original DRO,5,70.2373056644679,60.460629527022405,70.6489857241683,60.460629527022405,70.6489857241683,60.460629527022405,0.41168005970040156,0.0,0.6666666666666666,1.0,0.8585365853658536,0.8804878048780488,41,140,129191,90.5306963175782,89.46011310982573,41,0,2,2,0,0.007856653181064826,0.8466519936675193,block_7d,41,1.0
Original DRO,10,84.56761508766247,75.0930409777109,84.56761508766249,76.29272551989764,85.89987727501442,76.29272551989764,1.4210854715202004e-14,1.1996845421867448,1.0,0.6666666666666666,0.8585365853658536,0.8804878048780488,41,140,129191,90.5306963175782,89.46011310982573,41,0,2,2,0,0.007856653181064826,0.8466519936675193,block_7d,41,1.0
Saturation-Aware DRO,3,61.419046247853714,44.145923972042844,61.419046247853714,44.87980227781515,61.419046247853714,44.87980227781515,0.0,0.7338783057723077,1.0,0.5,0.8585365853658536,0.8804878048780488,41,140,129191,90.5306963175782,89.46011310982573,41,0,2,2,0,0.007856653181064826,0.8466519936675193,block_7d,41,1.0
Saturation-Aware DRO,5,70.2373056644679,60.460629527022405,70.6489857241683,60.460629527022405,70.6489857241683,60.460629527022405,0.41168005970040156,0.0,0.6666666666666666,1.0,0.8585365853658536,0.8804878048780488,41,140,129191,90.5306963175782,89.46011310982573,41,0,2,2,0,0.007856653181064826,0.8466519936675193,block_7d,41,1.0
Saturation-Aware DRO,10,84.56761508766247,75.0930409777109,84.56761508766249,76.29272551989764,85.89987727501442,76.29272551989764,1.4210854715202004e-14,1.1996845421867448,1.0,0.6666666666666666,0.8585365853658536,0.8804878048780488,41,140,129191,90.5306963175782,89.46011310982573,41,0,2,2,0,0.007856653181064826,0.8466519936675193,block_7d,41,1.0
Frequency,3,6.677163131306568,13.994607419146492,61.419046247853714,44.87980227781515,61.419046247853714,44.87980227781515,54.74188311654714,30.88519485866866,0.2,0.2,0.08663821014655698,0.12324590457467964,41,140,129191,90.5306963175782,89.46011310982573,41,0,3,3,0,0.005188482394650737,0.555715941560879,block_28d,41,1.0
Frequency,5,7.327011967434771,17.96431458831773,70.6489857241683,60.460629527022405,70.6489857241683,60.460629527022405,63.32197375673353,42.49631493870467,0.1111111111111111,0.1111111111111111,0.08663821014655698,0.12324590457467964,41,140,129191,90.5306963175782,89.46011310982573,41,0,3,3,0,0.005188482394650737,0.555715941560879,block_28d,41,1.0
Frequency,10,30.221709545359992,37.384901261331926,84.56761508766249,76.29272551989764,85.89987727501442,76.29272551989764,54.345905542302496,38.90782425856572,0.1111111111111111,0.17647058823529413,0.08663821014655698,0.12324590457467964,41,140,129191,90.5306963175782,89.46011310982573,41,0,3,3,0,0.005188482394650737,0.555715941560879,block_28d,41,1.0
Mean burden,3,61.419046247853714,44.145923972042844,61.419046247853714,44.87980227781515,61.419046247853714,44.87980227781515,0.0,0.7338783057723077,1.0,0.5,0.9170731707317072,0.8902439024390244,41,140,129191,90.5306963175782,89.46011310982573,41,0,3,3,0,0.005188482394650737,0.555715941560879,block_28d,41,1.0
Mean burden,5,70.2373056644679,60.460629527022405,70.6489857241683,60.460629527022405,70.6489857241683,60.460629527022405,0.41168005970040156,0.0,0.6666666666666666,1.0,0.9170731707317072,0.8902439024390244,41,140,129191,90.5306963175782,89.46011310982573,41,0,3,3,0,0.005188482394650737,0.555715941560879,block_28d,41,1.0
Mean burden,10,84.56761508766247,75.0930409777109,84.56761508766249,76.29272551989764,85.89987727501442,76.29272551989764,1.4210854715202004e-14,1.1996845421867448,1.0,0.6666666666666666,0.9170731707317072,0.8902439024390244,41,140,129191,90.5306963175782,89.46011310982573,41,0,3,3,0,0.005188482394650737,0.555715941560879,block_28d,41,1.0
Empirical Tail,3,61.419046247853714,44.145923972042844,61.419046247853714,44.87980227781515,61.419046247853714,44.87980227781515,0.0,0.7338783057723077,1.0,0.5,0.848780487804878,0.8951219512195122,41,140,129191,90.5306963175782,89.46011310982573,41,0,3,3,0,0.005188482394650737,0.555715941560879,block_28d,41,1.0
Empirical Tail,5,70.2373056644679,60.460629527022405,70.6489857241683,60.460629527022405,70.6489857241683,60.460629527022405,0.41168005970040156,0.0,0.6666666666666666,1.0,0.848780487804878,0.8951219512195122,41,140,129191,90.5306963175782,89.46011310982573,41,0,3,3,0,0.005188482394650737,0.555715941560879,block_28d,41,1.0
Empirical Tail,10,81.31218567144636,74.48794889693804,84.56761508766249,76.29272551989764,85.89987727501442,76.29272551989764,3.2554294162161312,1.8047766229596078,0.8181818181818182,0.6666666666666666,0.848780487804878,0.8951219512195122,41,140,129191,90.5306963175782,89.46011310982573,41,0,3,3,0,0.005188482394650737,0.555715941560879,block_28d,41,1.0
Original DRO,3,61.419046247853714,44.145923972042844,61.419046247853714,44.87980227781515,61.419046247853714,44.87980227781515,0.0,0.7338783057723077,1.0,0.5,0.8609756097560975,0.8780487804878049,41,140,129191,90.5306963175782,89.46011310982573,41,0,3,3,0,0.005188482394650737,0.555715941560879,block_28d,41,1.0
Original DRO,5,70.2373056644679,60.460629527022405,70.6489857241683,60.460629527022405,70.6489857241683,60.460629527022405,0.41168005970040156,0.0,0.6666666666666666,1.0,0.8609756097560975,0.8780487804878049,41,140,129191,90.5306963175782,89.46011310982573,41,0,3,3,0,0.005188482394650737,0.555715941560879,block_28d,41,1.0
Original DRO,10,84.56761508766247,75.0930409777109,84.56761508766249,76.29272551989764,85.89987727501442,76.29272551989764,1.4210854715202004e-14,1.1996845421867448,1.0,0.6666666666666666,0.8609756097560975,0.8780487804878049,41,140,129191,90.5306963175782,89.46011310982573,41,0,3,3,0,0.005188482394650737,0.555715941560879,block_28d,41,1.0
Saturation-Aware DRO,3,61.419046247853714,44.145923972042844,61.419046247853714,44.87980227781515,61.419046247853714,44.87980227781515,0.0,0.7338783057723077,1.0,0.5,0.8585365853658536,0.8804878048780488,41,140,129191,90.5306963175782,89.46011310982573,41,0,3,3,0,0.005188482394650737,0.555715941560879,block_28d,41,1.0
Saturation-Aware DRO,5,70.2373056644679,60.460629527022405,70.6489857241683,60.460629527022405,70.6489857241683,60.460629527022405,0.41168005970040156,0.0,0.6666666666666666,1.0,0.8585365853658536,0.8804878048780488,41,140,129191,90.5306963175782,89.46011310982573,41,0,3,3,0,0.005188482394650737,0.555715941560879,block_28d,41,1.0
Saturation-Aware DRO,10,84.56761508766247,75.0930409777109,84.56761508766249,76.29272551989764,85.89987727501442,76.29272551989764,1.4210854715202004e-14,1.1996845421867448,1.0,0.6666666666666666,0.8585365853658536,0.8804878048780488,41,140,129191,90.5306963175782,89.46011310982573,41,0,3,3,0,0.005188482394650737,0.555715941560879,block_28d,41,1.0
Frequency,3,6.677163131306568,13.994607419146492,61.419046247853714,44.87980227781515,61.419046247853714,44.87980227781515,54.74188311654714,30.88519485866866,0.2,0.2,0.08663821014655698,0.12324590457467964,41,140,129191,90.5306963175782,89.46011310982573,41,0,2,2,0,0.006148655822490932,0.6585559706730659,block_min_50,39,1.0
Frequency,5,7.327011967434771,17.96431458831773,70.6489857241683,60.460629527022405,70.6489857241683,60.460629527022405,63.32197375673353,42.49631493870467,0.1111111111111111,0.1111111111111111,0.08663821014655698,0.12324590457467964,41,140,129191,90.5306963175782,89.46011310982573,41,0,2,2,0,0.006148655822490932,0.6585559706730659,block_min_50,39,1.0
Frequency,10,30.221709545359992,37.384901261331926,84.56761508766249,76.29272551989764,85.89987727501442,76.29272551989764,54.345905542302496,38.90782425856572,0.1111111111111111,0.17647058823529413,0.08663821014655698,0.12324590457467964,41,140,129191,90.5306963175782,89.46011310982573,41,0,2,2,0,0.006148655822490932,0.6585559706730659,block_min_50,39,1.0
Mean burden,3,61.419046247853714,44.145923972042844,61.419046247853714,44.87980227781515,61.419046247853714,44.87980227781515,0.0,0.7338783057723077,1.0,0.5,0.9170731707317072,0.8902439024390244,41,140,129191,90.5306963175782,89.46011310982573,41,0,2,2,0,0.006148655822490932,0.6585559706730659,block_min_50,39,1.0
Mean burden,5,70.2373056644679,60.460629527022405,70.6489857241683,60.460629527022405,70.6489857241683,60.460629527022405,0.41168005970040156,0.0,0.6666666666666666,1.0,0.9170731707317072,0.8902439024390244,41,140,129191,90.5306963175782,89.46011310982573,41,0,2,2,0,0.006148655822490932,0.6585559706730659,block_min_50,39,1.0
Mean burden,10,84.56761508766247,75.0930409777109,84.56761508766249,76.29272551989764,85.89987727501442,76.29272551989764,1.4210854715202004e-14,1.1996845421867448,1.0,0.6666666666666666,0.9170731707317072,0.8902439024390244,41,140,129191,90.5306963175782,89.46011310982573,41,0,2,2,0,0.006148655822490932,0.6585559706730659,block_min_50,39,1.0
Empirical Tail,3,61.419046247853714,44.145923972042844,61.419046247853714,44.87980227781515,61.419046247853714,44.87980227781515,0.0,0.7338783057723077,1.0,0.5,0.848780487804878,0.8951219512195122,41,140,129191,90.5306963175782,89.46011310982573,41,0,2,2,0,0.006148655822490932,0.6585559706730659,block_min_50,39,1.0
Empirical Tail,5,70.2373056644679,60.460629527022405,70.6489857241683,60.460629527022405,70.6489857241683,60.460629527022405,0.41168005970040156,0.0,0.6666666666666666,1.0,0.848780487804878,0.8951219512195122,41,140,129191,90.5306963175782,89.46011310982573,41,0,2,2,0,0.006148655822490932,0.6585559706730659,block_min_50,39,1.0
Empirical Tail,10,81.31218567144636,74.48794889693804,84.56761508766249,76.29272551989764,85.89987727501442,76.29272551989764,3.2554294162161312,1.8047766229596078,0.8181818181818182,0.6666666666666666,0.848780487804878,0.8951219512195122,41,140,129191,90.5306963175782,89.46011310982573,41,0,2,2,0,0.006148655822490932,0.6585559706730659,block_min_50,39,1.0
Original DRO,3,32.790370543963,37.136948857003254,61.419046247853714,44.87980227781515,61.419046247853714,44.87980227781515,28.628675703890714,7.7428534208118975,0.5,0.5,0.8560975609756097,0.8829268292682926,41,140,129191,90.5306963175782,89.46011310982573,41,0,2,2,0,0.006148655822490932,0.6585559706730659,block_min_50,39,0.5
Original DRO,5,70.2373056644679,60.460629527022405,70.6489857241683,60.460629527022405,70.6489857241683,60.460629527022405,0.41168005970040156,0.0,0.6666666666666666,1.0,0.8560975609756097,0.8829268292682926,41,140,129191,90.5306963175782,89.46011310982573,41,0,2,2,0,0.006148655822490932,0.6585559706730659,block_min_50,39,1.0
Original DRO,10,84.56761508766247,75.0930409777109,84.56761508766249,76.29272551989764,85.89987727501442,76.29272551989764,1.4210854715202004e-14,1.1996845421867448,1.0,0.6666666666666666,0.8560975609756097,0.8829268292682926,41,140,129191,90.5306963175782,89.46011310982573,41,0,2,2,0,0.006148655822490932,0.6585559706730659,block_min_50,39,1.0
Saturation-Aware DRO,3,32.790370543963,37.136948857003254,61.419046247853714,44.87980227781515,61.419046247853714,44.87980227781515,28.628675703890714,7.7428534208118975,0.5,0.5,0.8560975609756097,0.8829268292682926,41,140,129191,90.5306963175782,89.46011310982573,41,0,2,2,0,0.006148655822490932,0.6585559706730659,block_min_50,39,0.5
Saturation-Aware DRO,5,70.2373056644679,60.460629527022405,70.6489857241683,60.460629527022405,70.6489857241683,60.460629527022405,0.41168005970040156,0.0,0.6666666666666666,1.0,0.8560975609756097,0.8829268292682926,41,140,129191,90.5306963175782,89.46011310982573,41,0,2,2,0,0.006148655822490932,0.6585559706730659,block_min_50,39,1.0
Saturation-Aware DRO,10,84.56761508766247,75.0930409777109,84.56761508766249,76.29272551989764,85.89987727501442,76.29272551989764,1.4210854715202004e-14,1.1996845421867448,1.0,0.6666666666666666,0.8560975609756097,0.8829268292682926,41,140,129191,90.5306963175782,89.46011310982573,41,0,2,2,0,0.006148655822490932,0.6585559706730659,block_min_50,39,1.0
Frequency,3,6.677163131306568,13.994607419146492,61.419046247853714,44.87980227781515,61.419046247853714,44.87980227781515,54.74188311654714,30.88519485866866,0.2,0.2,0.08564991147635434,0.13373407230518486,37,140,129191,88.6313204161705,85.51916654663722,37,0,2,2,0,0.006148655822490932,0.6585559706730659,block_min_100,30,1.0
Frequency,5,7.327011967434771,17.96431458831773,70.6489857241683,60.460629527022405,70.6489857241683,60.460629527022405,63.32197375673353,42.49631493870467,0.1111111111111111,0.1111111111111111,0.08564991147635434,0.13373407230518486,37,140,129191,88.6313204161705,85.51916654663722,37,0,2,2,0,0.006148655822490932,0.6585559706730659,block_min_100,30,1.0
Frequency,10,30.221709545359992,37.384901261331926,84.56761508766249,76.29272551989764,85.89987727501442,76.29272551989764,54.345905542302496,38.90782425856572,0.1111111111111111,0.17647058823529413,0.08564991147635434,0.13373407230518486,37,140,129191,88.6313204161705,85.51916654663722,37,0,2,2,0,0.006148655822490932,0.6585559706730659,block_min_100,30,1.0
Mean burden,3,61.419046247853714,44.145923972042844,61.419046247853714,44.87980227781515,61.419046247853714,44.87980227781515,0.0,0.7338783057723077,1.0,0.5,0.9249249249249248,0.8948948948948949,37,140,129191,88.6313204161705,85.51916654663722,37,0,2,2,0,0.006148655822490932,0.6585559706730659,block_min_100,30,1.0
Mean burden,5,70.2373056644679,60.460629527022405,70.6489857241683,60.460629527022405,70.6489857241683,60.460629527022405,0.41168005970040156,0.0,0.6666666666666666,1.0,0.9249249249249248,0.8948948948948949,37,140,129191,88.6313204161705,85.51916654663722,37,0,2,2,0,0.006148655822490932,0.6585559706730659,block_min_100,30,1.0
Mean burden,10,84.56761508766247,75.0930409777109,84.56761508766249,76.29272551989764,85.89987727501442,76.29272551989764,1.4210854715202004e-14,1.1996845421867448,1.0,0.6666666666666666,0.9249249249249248,0.8948948948948949,37,140,129191,88.6313204161705,85.51916654663722,37,0,2,2,0,0.006148655822490932,0.6585559706730659,block_min_100,30,1.0
Empirical Tail,3,61.419046247853714,44.145923972042844,61.419046247853714,44.87980227781515,61.419046247853714,44.87980227781515,0.0,0.7338783057723077,1.0,0.5,0.8528528528528528,0.9009009009009009,37,140,129191,88.6313204161705,85.51916654663722,37,0,2,2,0,0.006148655822490932,0.6585559706730659,block_min_100,30,1.0
Empirical Tail,5,70.2373056644679,60.460629527022405,70.6489857241683,60.460629527022405,70.6489857241683,60.460629527022405,0.41168005970040156,0.0,0.6666666666666666,1.0,0.8528528528528528,0.9009009009009009,37,140,129191,88.6313204161705,85.51916654663722,37,0,2,2,0,0.006148655822490932,0.6585559706730659,block_min_100,30,1.0
Empirical Tail,10,81.31218567144636,74.48794889693804,84.56761508766249,76.29272551989764,85.89987727501442,76.29272551989764,3.2554294162161312,1.8047766229596078,0.8181818181818182,0.6666666666666666,0.8528528528528528,0.9009009009009009,37,140,129191,88.6313204161705,85.51916654663722,37,0,2,2,0,0.006148655822490932,0.6585559706730659,block_min_100,30,1.0
Original DRO,3,32.790370543963,37.136948857003254,61.419046247853714,44.87980227781515,61.419046247853714,44.87980227781515,28.628675703890714,7.7428534208118975,0.5,0.5,0.8738738738738738,0.903903903903904,37,140,129191,88.6313204161705,85.51916654663722,37,0,2,2,0,0.006148655822490932,0.6585559706730659,block_min_100,30,0.5
Original DRO,5,70.2373056644679,60.460629527022405,70.6489857241683,60.460629527022405,70.6489857241683,60.460629527022405,0.41168005970040156,0.0,0.6666666666666666,1.0,0.8738738738738738,0.903903903903904,37,140,129191,88.6313204161705,85.51916654663722,37,0,2,2,0,0.006148655822490932,0.6585559706730659,block_min_100,30,1.0
Original DRO,10,84.56761508766247,75.0930409777109,84.56761508766249,76.29272551989764,85.89987727501442,76.29272551989764,1.4210854715202004e-14,1.1996845421867448,1.0,0.6666666666666666,0.8738738738738738,0.903903903903904,37,140,129191,88.6313204161705,85.51916654663722,37,0,2,2,0,0.006148655822490932,0.6585559706730659,block_min_100,30,1.0
Saturation-Aware DRO,3,32.790370543963,37.136948857003254,61.419046247853714,44.87980227781515,61.419046247853714,44.87980227781515,28.628675703890714,7.7428534208118975,0.5,0.5,0.8738738738738738,0.903903903903904,37,140,129191,88.6313204161705,85.51916654663722,37,0,2,2,0,0.006148655822490932,0.6585559706730659,block_min_100,30,0.5
Saturation-Aware DRO,5,70.2373056644679,60.460629527022405,70.6489857241683,60.460629527022405,70.6489857241683,60.460629527022405,0.41168005970040156,0.0,0.6666666666666666,1.0,0.8738738738738738,0.903903903903904,37,140,129191,88.6313204161705,85.51916654663722,37,0,2,2,0,0.006148655822490932,0.6585559706730659,block_min_100,30,1.0
Saturation-Aware DRO,10,84.56761508766247,75.0930409777109,84.56761508766249,76.29272551989764,85.89987727501442,76.29272551989764,1.4210854715202004e-14,1.1996845421867448,1.0,0.6666666666666666,0.8738738738738738,0.903903903903904,37,140,129191,88.6313204161705,85.51916654663722,37,0,2,2,0,0.006148655822490932,0.6585559706730659,block_min_100,30,1.0
Frequency,3,6.677163131306568,13.994607419146492,61.419046247853714,44.87980227781515,61.419046247853714,44.87980227781515,54.74188311654714,30.88519485866866,0.2,0.2,0.08663821014655698,0.12324590457467964,41,140,129191,90.5306963175782,89.46011310982573,41,0,3,3,0,0.006581416640054083,0.7049071128588246,leave_one_block_out,41,1.0
Frequency,5,7.327011967434771,17.96431458831773,70.6489857241683,60.460629527022405,70.6489857241683,60.460629527022405,63.32197375673353,42.49631493870467,0.1111111111111111,0.1111111111111111,0.08663821014655698,0.12324590457467964,41,140,129191,90.5306963175782,89.46011310982573,41,0,3,3,0,0.006581416640054083,0.7049071128588246,leave_one_block_out,41,1.0
Frequency,10,30.221709545359992,37.384901261331926,84.56761508766249,76.29272551989764,85.89987727501442,76.29272551989764,54.345905542302496,38.90782425856572,0.1111111111111111,0.17647058823529413,0.08663821014655698,0.12324590457467964,41,140,129191,90.5306963175782,89.46011310982573,41,0,3,3,0,0.006581416640054083,0.7049071128588246,leave_one_block_out,41,1.0
Mean burden,3,61.419046247853714,44.145923972042844,61.419046247853714,44.87980227781515,61.419046247853714,44.87980227781515,0.0,0.7338783057723077,1.0,0.5,0.9170731707317072,0.8902439024390244,41,140,129191,90.5306963175782,89.46011310982573,41,0,3,3,0,0.006581416640054083,0.7049071128588246,leave_one_block_out,41,1.0
Mean burden,5,70.2373056644679,60.460629527022405,70.6489857241683,60.460629527022405,70.6489857241683,60.460629527022405,0.41168005970040156,0.0,0.6666666666666666,1.0,0.9170731707317072,0.8902439024390244,41,140,129191,90.5306963175782,89.46011310982573,41,0,3,3,0,0.006581416640054083,0.7049071128588246,leave_one_block_out,41,1.0
Mean burden,10,84.56761508766247,75.0930409777109,84.56761508766249,76.29272551989764,85.89987727501442,76.29272551989764,1.4210854715202004e-14,1.1996845421867448,1.0,0.6666666666666666,0.9170731707317072,0.8902439024390244,41,140,129191,90.5306963175782,89.46011310982573,41,0,3,3,0,0.006581416640054083,0.7049071128588246,leave_one_block_out,41,1.0
Empirical Tail,3,61.419046247853714,44.145923972042844,61.419046247853714,44.87980227781515,61.419046247853714,44.87980227781515,0.0,0.7338783057723077,1.0,0.5,0.848780487804878,0.8951219512195122,41,140,129191,90.5306963175782,89.46011310982573,41,0,3,3,0,0.006581416640054083,0.7049071128588246,leave_one_block_out,41,1.0
Empirical Tail,5,70.2373056644679,60.460629527022405,70.6489857241683,60.460629527022405,70.6489857241683,60.460629527022405,0.41168005970040156,0.0,0.6666666666666666,1.0,0.848780487804878,0.8951219512195122,41,140,129191,90.5306963175782,89.46011310982573,41,0,3,3,0,0.006581416640054083,0.7049071128588246,leave_one_block_out,41,1.0
Empirical Tail,10,81.31218567144636,74.48794889693804,84.56761508766249,76.29272551989764,85.89987727501442,76.29272551989764,3.2554294162161312,1.8047766229596078,0.8181818181818182,0.6666666666666666,0.848780487804878,0.8951219512195122,41,140,129191,90.5306963175782,89.46011310982573,41,0,3,3,0,0.006581416640054083,0.7049071128588246,leave_one_block_out,41,1.0
Original DRO,3,61.419046247853714,44.145923972042844,61.419046247853714,44.87980227781515,61.419046247853714,44.87980227781515,0.0,0.7338783057723077,1.0,0.5,0.8585365853658536,0.8804878048780488,41,140,129191,90.5306963175782,89.46011310982573,41,0,3,3,0,0.006581416640054083,0.7049071128588246,leave_one_block_out,41,1.0
Original DRO,5,70.2373056644679,60.460629527022405,70.6489857241683,60.460629527022405,70.6489857241683,60.460629527022405,0.41168005970040156,0.0,0.6666666666666666,1.0,0.8585365853658536,0.8804878048780488,41,140,129191,90.5306963175782,89.46011310982573,41,0,3,3,0,0.006581416640054083,0.7049071128588246,leave_one_block_out,41,1.0
Original DRO,10,84.56761508766247,75.0930409777109,84.56761508766249,76.29272551989764,85.89987727501442,76.29272551989764,1.4210854715202004e-14,1.1996845421867448,1.0,0.6666666666666666,0.8585365853658536,0.8804878048780488,41,140,129191,90.5306963175782,89.46011310982573,41,0,3,3,0,0.006581416640054083,0.7049071128588246,leave_one_block_out,41,1.0
Saturation-Aware DRO,3,61.419046247853714,44.145923972042844,61.419046247853714,44.87980227781515,61.419046247853714,44.87980227781515,0.0,0.7338783057723077,1.0,0.5,0.8560975609756097,0.8780487804878049,41,140,129191,90.5306963175782,89.46011310982573,41,0,3,3,0,0.006581416640054083,0.7049071128588246,leave_one_block_out,41,1.0
Saturation-Aware DRO,5,70.2373056644679,60.460629527022405,70.6489857241683,60.460629527022405,70.6489857241683,60.460629527022405,0.41168005970040156,0.0,0.6666666666666666,1.0,0.8560975609756097,0.8780487804878049,41,140,129191,90.5306963175782,89.46011310982573,41,0,3,3,0,0.006581416640054083,0.7049071128588246,leave_one_block_out,41,1.0
Saturation-Aware DRO,10,84.56761508766247,75.0930409777109,84.56761508766249,76.29272551989764,85.89987727501442,76.29272551989764,1.4210854715202004e-14,1.1996845421867448,1.0,0.6666666666666666,0.8560975609756097,0.8780487804878049,41,140,129191,90.5306963175782,89.46011310982573,41,0,3,3,0,0.006581416640054083,0.7049071128588246,leave_one_block_out,41,1.0
Frequency,3,6.677163131306568,13.994607419146492,61.419046247853714,44.87980227781515,61.419046247853714,44.87980227781515,54.74188311654714,30.88519485866866,0.2,0.2,0.08663821014655698,0.12324590457467964,41,140,129191,90.5306963175782,89.46011310982573,41,0,3,3,0,0.006025278756798019,0.6455529242856176,grid_12h,41,1.0
Frequency,5,7.327011967434771,17.96431458831773,70.6489857241683,60.460629527022405,70.6489857241683,60.460629527022405,63.32197375673353,42.49631493870467,0.1111111111111111,0.1111111111111111,0.08663821014655698,0.12324590457467964,41,140,129191,90.5306963175782,89.46011310982573,41,0,3,3,0,0.006025278756798019,0.6455529242856176,grid_12h,41,1.0
Frequency,10,30.221709545359992,37.384901261331926,84.56761508766249,76.29272551989764,85.89987727501442,76.29272551989764,54.345905542302496,38.90782425856572,0.1111111111111111,0.17647058823529413,0.08663821014655698,0.12324590457467964,41,140,129191,90.5306963175782,89.46011310982573,41,0,3,3,0,0.006025278756798019,0.6455529242856176,grid_12h,41,1.0
Mean burden,3,61.419046247853714,44.145923972042844,61.419046247853714,44.87980227781515,61.419046247853714,44.87980227781515,0.0,0.7338783057723077,1.0,0.5,0.8599058238895738,0.8305301590983151,41,140,129191,90.5306963175782,89.46011310982573,41,0,3,3,0,0.006025278756798019,0.6455529242856176,grid_12h,41,1.0
Mean burden,5,70.2373056644679,60.460629527022405,70.6489857241683,60.460629527022405,70.6489857241683,60.460629527022405,0.41168005970040156,0.0,0.6666666666666666,1.0,0.8599058238895738,0.8305301590983151,41,140,129191,90.5306963175782,89.46011310982573,41,0,3,3,0,0.006025278756798019,0.6455529242856176,grid_12h,41,1.0
Mean burden,10,84.56761508766247,75.0930409777109,84.56761508766249,76.29272551989764,85.89987727501442,76.29272551989764,1.4210854715202004e-14,1.1996845421867448,1.0,0.6666666666666666,0.8599058238895738,0.8305301590983151,41,140,129191,90.5306963175782,89.46011310982573,41,0,3,3,0,0.006025278756798019,0.6455529242856176,grid_12h,41,1.0
Empirical Tail,3,61.419046247853714,44.145923972042844,61.419046247853714,44.87980227781515,61.419046247853714,44.87980227781515,0.0,0.7338783057723077,1.0,0.5,0.8145070692121741,0.8492237639654798,41,140,129191,90.5306963175782,89.46011310982573,41,0,3,3,0,0.006025278756798019,0.6455529242856176,grid_12h,41,1.0
Empirical Tail,5,70.2373056644679,60.460629527022405,70.6489857241683,60.460629527022405,70.6489857241683,60.460629527022405,0.41168005970040156,0.0,0.6666666666666666,1.0,0.8145070692121741,0.8492237639654798,41,140,129191,90.5306963175782,89.46011310982573,41,0,3,3,0,0.006025278756798019,0.6455529242856176,grid_12h,41,1.0
Empirical Tail,10,81.31218567144636,74.48794889693804,84.56761508766249,76.29272551989764,85.89987727501442,76.29272551989764,3.2554294162161312,1.8047766229596078,0.8181818181818182,0.6666666666666666,0.8145070692121741,0.8492237639654798,41,140,129191,90.5306963175782,89.46011310982573,41,0,3,3,0,0.006025278756798019,0.6455529242856176,grid_12h,41,1.0
Original DRO,3,61.419046247853714,44.145923972042844,61.419046247853714,44.87980227781515,61.419046247853714,44.87980227781515,0.0,0.7338783057723077,1.0,0.5,0.8278596441172917,0.8358711890603622,41,140,129191,90.5306963175782,89.46011310982573,41,0,3,3,0,0.006025278756798019,0.6455529242856176,grid_12h,41,1.0
Original DRO,5,70.2373056644679,60.460629527022405,70.6489857241683,60.460629527022405,70.6489857241683,60.460629527022405,0.41168005970040156,0.0,0.6666666666666666,1.0,0.8278596441172917,0.8358711890603622,41,140,129191,90.5306963175782,89.46011310982573,41,0,3,3,0,0.006025278756798019,0.6455529242856176,grid_12h,41,1.0
Original DRO,10,84.56761508766247,75.0930409777109,84.56761508766249,76.29272551989764,85.89987727501442,76.29272551989764,1.4210854715202004e-14,1.1996845421867448,1.0,0.6666666666666666,0.8278596441172917,0.8358711890603622,41,140,129191,90.5306963175782,89.46011310982573,41,0,3,3,0,0.006025278756798019,0.6455529242856176,grid_12h,41,1.0
Saturation-Aware DRO,3,61.419046247853714,44.145923972042844,61.419046247853714,44.87980227781515,61.419046247853714,44.87980227781515,0.0,0.7338783057723077,1.0,0.5,0.8278596441172917,0.8358711890603622,41,140,129191,90.5306963175782,89.46011310982573,41,0,3,3,0,0.006025278756798019,0.6455529242856176,grid_12h,41,1.0
Saturation-Aware DRO,5,70.2373056644679,60.460629527022405,70.6489857241683,60.460629527022405,70.6489857241683,60.460629527022405,0.41168005970040156,0.0,0.6666666666666666,1.0,0.8278596441172917,0.8358711890603622,41,140,129191,90.5306963175782,89.46011310982573,41,0,3,3,0,0.006025278756798019,0.6455529242856176,grid_12h,41,1.0
Saturation-Aware DRO,10,84.56761508766247,75.0930409777109,84.56761508766249,76.29272551989764,85.89987727501442,76.29272551989764,1.4210854715202004e-14,1.1996845421867448,1.0,0.6666666666666666,0.8278596441172917,0.8358711890603622,41,140,129191,90.5306963175782,89.46011310982573,41,0,3,3,0,0.006025278756798019,0.6455529242856176,grid_12h,41,1.0
Frequency,3,6.677163131306568,13.994607419146492,61.419046247853714,44.87980227781515,61.419046247853714,44.87980227781515,54.74188311654714,30.88519485866866,0.2,0.2,0.08663821014655698,0.12324590457467964,41,140,129191,90.5306963175782,89.46011310982573,41,0,3,3,0,0.006575483586287079,0.704216425833334,grid_24h,41,1.0
Frequency,5,7.327011967434771,17.96431458831773,70.6489857241683,60.460629527022405,70.6489857241683,60.460629527022405,63.32197375673353,42.49631493870467,0.1111111111111111,0.1111111111111111,0.08663821014655698,0.12324590457467964,41,140,129191,90.5306963175782,89.46011310982573,41,0,3,3,0,0.006575483586287079,0.704216425833334,grid_24h,41,1.0
Frequency,10,30.221709545359992,37.384901261331926,84.56761508766249,76.29272551989764,85.89987727501442,76.29272551989764,54.345905542302496,38.90782425856572,0.1111111111111111,0.17647058823529413,0.08663821014655698,0.12324590457467964,41,140,129191,90.5306963175782,89.46011310982573,41,0,3,3,0,0.006575483586287079,0.704216425833334,grid_24h,41,1.0
Mean burden,3,61.419046247853714,44.145923972042844,61.419046247853714,44.87980227781515,61.419046247853714,44.87980227781515,0.0,0.7338783057723077,1.0,0.5,0.8625763388705974,0.8332006740793386,41,140,129191,90.5306963175782,89.46011310982573,41,0,3,3,0,0.006575483586287079,0.704216425833334,grid_24h,41,1.0
Mean burden,5,70.2373056644679,60.460629527022405,70.6489857241683,60.460629527022405,70.6489857241683,60.460629527022405,0.41168005970040156,0.0,0.6666666666666666,1.0,0.8625763388705974,0.8332006740793386,41,140,129191,90.5306963175782,89.46011310982573,41,0,3,3,0,0.006575483586287079,0.704216425833334,grid_24h,41,1.0
Mean burden,10,84.56761508766247,75.0930409777109,84.56761508766249,76.29272551989764,85.89987727501442,76.29272551989764,1.4210854715202004e-14,1.1996845421867448,1.0,0.6666666666666666,0.8625763388705974,0.8332006740793386,41,140,129191,90.5306963175782,89.46011310982573,41,0,3,3,0,0.006575483586287079,0.704216425833334,grid_24h,41,1.0
Empirical Tail,3,61.419046247853714,44.145923972042844,61.419046247853714,44.87980227781515,61.419046247853714,44.87980227781515,0.0,0.7338783057723077,1.0,0.5,0.8145070692121741,0.8492237639654798,41,140,129191,90.5306963175782,89.46011310982573,41,0,3,3,0,0.006575483586287079,0.704216425833334,grid_24h,41,1.0
Empirical Tail,5,70.2373056644679,60.460629527022405,70.6489857241683,60.460629527022405,70.6489857241683,60.460629527022405,0.41168005970040156,0.0,0.6666666666666666,1.0,0.8145070692121741,0.8492237639654798,41,140,129191,90.5306963175782,89.46011310982573,41,0,3,3,0,0.006575483586287079,0.704216425833334,grid_24h,41,1.0
Empirical Tail,10,81.31218567144636,74.48794889693804,84.56761508766249,76.29272551989764,85.89987727501442,76.29272551989764,3.2554294162161312,1.8047766229596078,0.8181818181818182,0.6666666666666666,0.8145070692121741,0.8492237639654798,41,140,129191,90.5306963175782,89.46011310982573,41,0,3,3,0,0.006575483586287079,0.704216425833334,grid_24h,41,1.0
Original DRO,3,61.419046247853714,44.145923972042844,61.419046247853714,44.87980227781515,61.419046247853714,44.87980227781515,0.0,0.7338783057723077,1.0,0.5,0.8305301590983151,0.8385417040413857,41,140,129191,90.5306963175782,89.46011310982573,41,0,3,3,0,0.006575483586287079,0.704216425833334,grid_24h,41,1.0
Original DRO,5,70.2373056644679,60.460629527022405,70.6489857241683,60.460629527022405,70.6489857241683,60.460629527022405,0.41168005970040156,0.0,0.6666666666666666,1.0,0.8305301590983151,0.8385417040413857,41,140,129191,90.5306963175782,89.46011310982573,41,0,3,3,0,0.006575483586287079,0.704216425833334,grid_24h,41,1.0
Original DRO,10,84.56761508766247,75.0930409777109,84.56761508766249,76.29272551989764,85.89987727501442,76.29272551989764,1.4210854715202004e-14,1.1996845421867448,1.0,0.6666666666666666,0.8305301590983151,0.8385417040413857,41,140,129191,90.5306963175782,89.46011310982573,41,0,3,3,0,0.006575483586287079,0.704216425833334,grid_24h,41,1.0
Saturation-Aware DRO,3,61.419046247853714,44.145923972042844,61.419046247853714,44.87980227781515,61.419046247853714,44.87980227781515,0.0,0.7338783057723077,1.0,0.5,0.8305301590983151,0.8385417040413857,41,140,129191,90.5306963175782,89.46011310982573,41,0,3,3,0,0.006575483586287079,0.704216425833334,grid_24h,41,1.0
Saturation-Aware DRO,5,70.2373056644679,60.460629527022405,70.6489857241683,60.460629527022405,70.6489857241683,60.460629527022405,0.41168005970040156,0.0,0.6666666666666666,1.0,0.8305301590983151,0.8385417040413857,41,140,129191,90.5306963175782,89.46011310982573,41,0,3,3,0,0.006575483586287079,0.704216425833334,grid_24h,41,1.0
Saturation-Aware DRO,10,84.56761508766247,75.0930409777109,84.56761508766249,76.29272551989764,85.89987727501442,76.29272551989764,1.4210854715202004e-14,1.1996845421867448,1.0,0.6666666666666666,0.8305301590983151,0.8385417040413857,41,140,129191,90.5306963175782,89.46011310982573,41,0,3,3,0,0.006575483586287079,0.704216425833334,grid_24h,41,1.0
Frequency,3,6.677163131306568,11.895764035795615,61.419046247853714,46.13379824712024,61.419046247853714,46.13379824712024,54.74188311654714,34.238034211324624,0.2,0.2,0.08663821014655698,0.10616231384155574,41,140,129191,90.5306963175782,89.30908106298969,41,0,1,1,0,0.003061610146772663,0.6585559706730659,alpha_090,41,1.0
Frequency,5,7.327011967434771,14.35285710682012,70.6489857241683,61.34915110591142,70.6489857241683,61.34915110591142,63.32197375673353,46.9962939990913,0.1111111111111111,0.1111111111111111,0.08663821014655698,0.10616231384155574,41,140,129191,90.5306963175782,89.30908106298969,41,0,1,1,0,0.003061610146772663,0.6585559706730659,alpha_090,41,1.0
Frequency,10,30.221709545359992,35.017798805262736,84.56761508766249,77.46086579303726,85.89987727501442,77.46086579303726,54.345905542302496,42.44306698777452,0.1111111111111111,0.1111111111111111,0.08663821014655698,0.10616231384155574,41,140,129191,90.5306963175782,89.30908106298969,41,0,1,1,0,0.003061610146772663,0.6585559706730659,alpha_090,41,1.0
Mean burden,3,61.419046247853714,46.13379824712024,61.419046247853714,46.13379824712024,61.419046247853714,46.13379824712024,0.0,0.0,1.0,1.0,0.9170731707317072,0.9073170731707316,41,140,129191,90.5306963175782,89.30908106298969,41,0,1,1,0,0.003061610146772663,0.6585559706730659,alpha_090,41,1.0
Mean burden,5,70.2373056644679,61.34915110591142,70.6489857241683,61.34915110591142,70.6489857241683,61.34915110591142,0.41168005970040156,0.0,0.6666666666666666,1.0,0.9170731707317072,0.9073170731707316,41,140,129191,90.5306963175782,89.30908106298969,41,0,1,1,0,0.003061610146772663,0.6585559706730659,alpha_090,41,1.0
Mean burden,10,84.56761508766247,77.28530908008541,84.56761508766249,77.46086579303726,85.89987727501442,77.46086579303726,1.4210854715202004e-14,0.17555671295184538,1.0,0.8181818181818182,0.9170731707317072,0.9073170731707316,41,140,129191,90.5306963175782,89.30908106298969,41,0,1,1,0,0.003061610146772663,0.6585559706730659,alpha_090,41,1.0
Empirical Tail,3,61.419046247853714,46.13379824712024,61.419046247853714,46.13379824712024,61.419046247853714,46.13379824712024,0.0,0.0,1.0,1.0,0.8731707317073171,0.9073170731707316,41,140,129191,90.5306963175782,89.30908106298969,41,0,1,1,0,0.003061610146772663,0.6585559706730659,alpha_090,41,1.0
Empirical Tail,5,70.2373056644679,61.34915110591142,70.6489857241683,61.34915110591142,70.6489857241683,61.34915110591142,0.41168005970040156,0.0,0.6666666666666666,1.0,0.8731707317073171,0.9073170731707316,41,140,129191,90.5306963175782,89.30908106298969,41,0,1,1,0,0.003061610146772663,0.6585559706730659,alpha_090,41,1.0
Empirical Tail,10,81.31218567144636,75.25103550977018,84.56761508766249,77.46086579303726,85.89987727501442,77.46086579303726,3.2554294162161312,2.209830283267081,0.8181818181818182,0.6666666666666666,0.8731707317073171,0.9073170731707316,41,140,129191,90.5306963175782,89.30908106298969,41,0,1,1,0,0.003061610146772663,0.6585559706730659,alpha_090,41,1.0
Original DRO,3,61.419046247853714,46.13379824712024,61.419046247853714,46.13379824712024,61.419046247853714,46.13379824712024,0.0,0.0,1.0,1.0,0.8682926829268292,0.8975609756097561,41,140,129191,90.5306963175782,89.30908106298969,41,0,1,1,0,0.003061610146772663,0.6585559706730659,alpha_090,41,1.0
Original DRO,5,70.2373056644679,61.34915110591142,70.6489857241683,61.34915110591142,70.6489857241683,61.34915110591142,0.41168005970040156,0.0,0.6666666666666666,1.0,0.8682926829268292,0.8975609756097561,41,140,129191,90.5306963175782,89.30908106298969,41,0,1,1,0,0.003061610146772663,0.6585559706730659,alpha_090,41,1.0
Original DRO,10,84.56761508766247,77.28530908008541,84.56761508766249,77.46086579303726,85.89987727501442,77.46086579303726,1.4210854715202004e-14,0.17555671295184538,1.0,0.8181818181818182,0.8682926829268292,0.8975609756097561,41,140,129191,90.5306963175782,89.30908106298969,41,0,1,1,0,0.003061610146772663,0.6585559706730659,alpha_090,41,1.0
Saturation-Aware DRO,3,61.419046247853714,46.13379824712024,61.419046247853714,46.13379824712024,61.419046247853714,46.13379824712024,0.0,0.0,1.0,1.0,0.8682926829268292,0.8975609756097561,41,140,129191,90.5306963175782,89.30908106298969,41,0,1,1,0,0.003061610146772663,0.6585559706730659,alpha_090,41,1.0
Saturation-Aware DRO,5,70.2373056644679,61.34915110591142,70.6489857241683,61.34915110591142,70.6489857241683,61.34915110591142,0.41168005970040156,0.0,0.6666666666666666,1.0,0.8682926829268292,0.8975609756097561,41,140,129191,90.5306963175782,89.30908106298969,41,0,1,1,0,0.003061610146772663,0.6585559706730659,alpha_090,41,1.0
Saturation-Aware DRO,10,84.56761508766247,77.28530908008541,84.56761508766249,77.46086579303726,85.89987727501442,77.46086579303726,1.4210854715202004e-14,0.17555671295184538,1.0,0.8181818181818182,0.8682926829268292,0.8975609756097561,41,140,129191,90.5306963175782,89.30908106298969,41,0,1,1,0,0.003061610146772663,0.6585559706730659,alpha_090,41,1.0
Frequency,3,6.677163131306568,13.994607419146492,61.419046247853714,44.87980227781515,61.419046247853714,44.87980227781515,54.74188311654714,30.88519485866866,0.2,0.2,0.08663821014655698,0.12324590457467964,41,140,129191,90.5306963175782,89.46011310982573,41,0,0,0,0,0.0,0.0,radius_0,41,1.0
Frequency,5,7.327011967434771,17.96431458831773,70.6489857241683,60.460629527022405,70.6489857241683,60.460629527022405,63.32197375673353,42.49631493870467,0.1111111111111111,0.1111111111111111,0.08663821014655698,0.12324590457467964,41,140,129191,90.5306963175782,89.46011310982573,41,0,0,0,0,0.0,0.0,radius_0,41,1.0
Frequency,10,30.221709545359992,37.384901261331926,84.56761508766249,76.29272551989764,85.89987727501442,76.29272551989764,54.345905542302496,38.90782425856572,0.1111111111111111,0.17647058823529413,0.08663821014655698,0.12324590457467964,41,140,129191,90.5306963175782,89.46011310982573,41,0,0,0,0,0.0,0.0,radius_0,41,1.0
Mean burden,3,61.419046247853714,44.145923972042844,61.419046247853714,44.87980227781515,61.419046247853714,44.87980227781515,0.0,0.7338783057723077,1.0,0.5,0.9170731707317072,0.8902439024390244,41,140,129191,90.5306963175782,89.46011310982573,41,0,0,0,0,0.0,0.0,radius_0,41,1.0
Mean burden,5,70.2373056644679,60.460629527022405,70.6489857241683,60.460629527022405,70.6489857241683,60.460629527022405,0.41168005970040156,0.0,0.6666666666666666,1.0,0.9170731707317072,0.8902439024390244,41,140,129191,90.5306963175782,89.46011310982573,41,0,0,0,0,0.0,0.0,radius_0,41,1.0
Mean burden,10,84.56761508766247,75.0930409777109,84.56761508766249,76.29272551989764,85.89987727501442,76.29272551989764,1.4210854715202004e-14,1.1996845421867448,1.0,0.6666666666666666,0.9170731707317072,0.8902439024390244,41,140,129191,90.5306963175782,89.46011310982573,41,0,0,0,0,0.0,0.0,radius_0,41,1.0
Empirical Tail,3,61.419046247853714,44.145923972042844,61.419046247853714,44.87980227781515,61.419046247853714,44.87980227781515,0.0,0.7338783057723077,1.0,0.5,0.848780487804878,0.8951219512195122,41,140,129191,90.5306963175782,89.46011310982573,41,0,0,0,0,0.0,0.0,radius_0,41,1.0
Empirical Tail,5,70.2373056644679,60.460629527022405,70.6489857241683,60.460629527022405,70.6489857241683,60.460629527022405,0.41168005970040156,0.0,0.6666666666666666,1.0,0.848780487804878,0.8951219512195122,41,140,129191,90.5306963175782,89.46011310982573,41,0,0,0,0,0.0,0.0,radius_0,41,1.0
Empirical Tail,10,81.31218567144636,74.48794889693804,84.56761508766249,76.29272551989764,85.89987727501442,76.29272551989764,3.2554294162161312,1.8047766229596078,0.8181818181818182,0.6666666666666666,0.848780487804878,0.8951219512195122,41,140,129191,90.5306963175782,89.46011310982573,41,0,0,0,0,0.0,0.0,radius_0,41,1.0
Original DRO,3,61.419046247853714,44.145923972042844,61.419046247853714,44.87980227781515,61.419046247853714,44.87980227781515,0.0,0.7338783057723077,1.0,0.5,0.848780487804878,0.8951219512195122,41,140,129191,90.5306963175782,89.46011310982573,41,0,0,0,0,0.0,0.0,radius_0,41,1.0
Original DRO,5,70.2373056644679,60.460629527022405,70.6489857241683,60.460629527022405,70.6489857241683,60.460629527022405,0.41168005970040156,0.0,0.6666666666666666,1.0,0.848780487804878,0.8951219512195122,41,140,129191,90.5306963175782,89.46011310982573,41,0,0,0,0,0.0,0.0,radius_0,41,1.0
Original DRO,10,81.31218567144636,74.48794889693804,84.56761508766249,76.29272551989764,85.89987727501442,76.29272551989764,3.2554294162161312,1.8047766229596078,0.8181818181818182,0.6666666666666666,0.848780487804878,0.8951219512195122,41,140,129191,90.5306963175782,89.46011310982573,41,0,0,0,0,0.0,0.0,radius_0,41,0.8181818181818182
Saturation-Aware DRO,3,61.419046247853714,44.145923972042844,61.419046247853714,44.87980227781515,61.419046247853714,44.87980227781515,0.0,0.7338783057723077,1.0,0.5,0.848780487804878,0.8951219512195122,41,140,129191,90.5306963175782,89.46011310982573,41,0,0,0,0,0.0,0.0,radius_0,41,1.0
Saturation-Aware DRO,5,70.2373056644679,60.460629527022405,70.6489857241683,60.460629527022405,70.6489857241683,60.460629527022405,0.41168005970040156,0.0,0.6666666666666666,1.0,0.848780487804878,0.8951219512195122,41,140,129191,90.5306963175782,89.46011310982573,41,0,0,0,0,0.0,0.0,radius_0,41,1.0
Saturation-Aware DRO,10,81.31218567144636,74.48794889693804,84.56761508766249,76.29272551989764,85.89987727501442,76.29272551989764,3.2554294162161312,1.8047766229596078,0.8181818181818182,0.6666666666666666,0.848780487804878,0.8951219512195122,41,140,129191,90.5306963175782,89.46011310982573,41,0,0,0,0,0.0,0.0,radius_0,41,0.8181818181818182
Frequency,3,6.677163131306568,13.994607419146492,61.419046247853714,44.87980227781515,61.419046247853714,44.87980227781515,54.74188311654714,30.88519485866866,0.2,0.2,0.08663821014655698,0.12324590457467964,41,140,129191,90.5306963175782,89.46011310982573,41,0,1,1,0,0.003074327911245466,0.32927798533653296,radius_0.5,41,1.0
Frequency,5,7.327011967434771,17.96431458831773,70.6489857241683,60.460629527022405,70.6489857241683,60.460629527022405,63.32197375673353,42.49631493870467,0.1111111111111111,0.1111111111111111,0.08663821014655698,0.12324590457467964,41,140,129191,90.5306963175782,89.46011310982573,41,0,1,1,0,0.003074327911245466,0.32927798533653296,radius_0.5,41,1.0
Frequency,10,30.221709545359992,37.384901261331926,84.56761508766249,76.29272551989764,85.89987727501442,76.29272551989764,54.345905542302496,38.90782425856572,0.1111111111111111,0.17647058823529413,0.08663821014655698,0.12324590457467964,41,140,129191,90.5306963175782,89.46011310982573,41,0,1,1,0,0.003074327911245466,0.32927798533653296,radius_0.5,41,1.0
Mean burden,3,61.419046247853714,44.145923972042844,61.419046247853714,44.87980227781515,61.419046247853714,44.87980227781515,0.0,0.7338783057723077,1.0,0.5,0.9170731707317072,0.8902439024390244,41,140,129191,90.5306963175782,89.46011310982573,41,0,1,1,0,0.003074327911245466,0.32927798533653296,radius_0.5,41,1.0
Mean burden,5,70.2373056644679,60.460629527022405,70.6489857241683,60.460629527022405,70.6489857241683,60.460629527022405,0.41168005970040156,0.0,0.6666666666666666,1.0,0.9170731707317072,0.8902439024390244,41,140,129191,90.5306963175782,89.46011310982573,41,0,1,1,0,0.003074327911245466,0.32927798533653296,radius_0.5,41,1.0
Mean burden,10,84.56761508766247,75.0930409777109,84.56761508766249,76.29272551989764,85.89987727501442,76.29272551989764,1.4210854715202004e-14,1.1996845421867448,1.0,0.6666666666666666,0.9170731707317072,0.8902439024390244,41,140,129191,90.5306963175782,89.46011310982573,41,0,1,1,0,0.003074327911245466,0.32927798533653296,radius_0.5,41,1.0
Empirical Tail,3,61.419046247853714,44.145923972042844,61.419046247853714,44.87980227781515,61.419046247853714,44.87980227781515,0.0,0.7338783057723077,1.0,0.5,0.848780487804878,0.8951219512195122,41,140,129191,90.5306963175782,89.46011310982573,41,0,1,1,0,0.003074327911245466,0.32927798533653296,radius_0.5,41,1.0
Empirical Tail,5,70.2373056644679,60.460629527022405,70.6489857241683,60.460629527022405,70.6489857241683,60.460629527022405,0.41168005970040156,0.0,0.6666666666666666,1.0,0.848780487804878,0.8951219512195122,41,140,129191,90.5306963175782,89.46011310982573,41,0,1,1,0,0.003074327911245466,0.32927798533653296,radius_0.5,41,1.0
Empirical Tail,10,81.31218567144636,74.48794889693804,84.56761508766249,76.29272551989764,85.89987727501442,76.29272551989764,3.2554294162161312,1.8047766229596078,0.8181818181818182,0.6666666666666666,0.848780487804878,0.8951219512195122,41,140,129191,90.5306963175782,89.46011310982573,41,0,1,1,0,0.003074327911245466,0.32927798533653296,radius_0.5,41,1.0
Original DRO,3,61.419046247853714,44.145923972042844,61.419046247853714,44.87980227781515,61.419046247853714,44.87980227781515,0.0,0.7338783057723077,1.0,0.5,0.8609756097560975,0.8829268292682926,41,140,129191,90.5306963175782,89.46011310982573,41,0,1,1,0,0.003074327911245466,0.32927798533653296,radius_0.5,41,1.0
Original DRO,5,70.2373056644679,60.460629527022405,70.6489857241683,60.460629527022405,70.6489857241683,60.460629527022405,0.41168005970040156,0.0,0.6666666666666666,1.0,0.8609756097560975,0.8829268292682926,41,140,129191,90.5306963175782,89.46011310982573,41,0,1,1,0,0.003074327911245466,0.32927798533653296,radius_0.5,41,1.0
Original DRO,10,82.819728925919,75.79384142202247,84.56761508766249,76.29272551989764,85.89987727501442,76.29272551989764,1.7478861617434944,0.49888409787517674,0.8181818181818182,0.8181818181818182,0.8609756097560975,0.8829268292682926,41,140,129191,90.5306963175782,89.46011310982573,41,0,1,1,0,0.003074327911245466,0.32927798533653296,radius_0.5,41,0.8181818181818182
Saturation-Aware DRO,3,61.419046247853714,44.145923972042844,61.419046247853714,44.87980227781515,61.419046247853714,44.87980227781515,0.0,0.7338783057723077,1.0,0.5,0.8609756097560975,0.8829268292682926,41,140,129191,90.5306963175782,89.46011310982573,41,0,1,1,0,0.003074327911245466,0.32927798533653296,radius_0.5,41,1.0
Saturation-Aware DRO,5,70.2373056644679,60.460629527022405,70.6489857241683,60.460629527022405,70.6489857241683,60.460629527022405,0.41168005970040156,0.0,0.6666666666666666,1.0,0.8609756097560975,0.8829268292682926,41,140,129191,90.5306963175782,89.46011310982573,41,0,1,1,0,0.003074327911245466,0.32927798533653296,radius_0.5,41,1.0
Saturation-Aware DRO,10,82.819728925919,75.79384142202247,84.56761508766249,76.29272551989764,85.89987727501442,76.29272551989764,1.7478861617434944,0.49888409787517674,0.8181818181818182,0.8181818181818182,0.8609756097560975,0.8829268292682926,41,140,129191,90.5306963175782,89.46011310982573,41,0,1,1,0,0.003074327911245466,0.32927798533653296,radius_0.5,41,0.8181818181818182
Frequency,3,6.677163131306568,13.994607419146492,61.419046247853714,44.87980227781515,61.419046247853714,44.87980227781515,54.74188311654714,30.88519485866866,0.2,0.2,0.08663821014655698,0.12324590457467964,41,140,129191,90.5306963175782,89.46011310982573,41,0,3,3,0,0.009222983733736399,0.9878339560095989,radius_1.5,41,1.0
Frequency,5,7.327011967434771,17.96431458831773,70.6489857241683,60.460629527022405,70.6489857241683,60.460629527022405,63.32197375673353,42.49631493870467,0.1111111111111111,0.1111111111111111,0.08663821014655698,0.12324590457467964,41,140,129191,90.5306963175782,89.46011310982573,41,0,3,3,0,0.009222983733736399,0.9878339560095989,radius_1.5,41,1.0
Frequency,10,30.221709545359992,37.384901261331926,84.56761508766249,76.29272551989764,85.89987727501442,76.29272551989764,54.345905542302496,38.90782425856572,0.1111111111111111,0.17647058823529413,0.08663821014655698,0.12324590457467964,41,140,129191,90.5306963175782,89.46011310982573,41,0,3,3,0,0.009222983733736399,0.9878339560095989,radius_1.5,41,1.0
Mean burden,3,61.419046247853714,44.145923972042844,61.419046247853714,44.87980227781515,61.419046247853714,44.87980227781515,0.0,0.7338783057723077,1.0,0.5,0.9170731707317072,0.8902439024390244,41,140,129191,90.5306963175782,89.46011310982573,41,0,3,3,0,0.009222983733736399,0.9878339560095989,radius_1.5,41,1.0
Mean burden,5,70.2373056644679,60.460629527022405,70.6489857241683,60.460629527022405,70.6489857241683,60.460629527022405,0.41168005970040156,0.0,0.6666666666666666,1.0,0.9170731707317072,0.8902439024390244,41,140,129191,90.5306963175782,89.46011310982573,41,0,3,3,0,0.009222983733736399,0.9878339560095989,radius_1.5,41,1.0
Mean burden,10,84.56761508766247,75.0930409777109,84.56761508766249,76.29272551989764,85.89987727501442,76.29272551989764,1.4210854715202004e-14,1.1996845421867448,1.0,0.6666666666666666,0.9170731707317072,0.8902439024390244,41,140,129191,90.5306963175782,89.46011310982573,41,0,3,3,0,0.009222983733736399,0.9878339560095989,radius_1.5,41,1.0
Empirical Tail,3,61.419046247853714,44.145923972042844,61.419046247853714,44.87980227781515,61.419046247853714,44.87980227781515,0.0,0.7338783057723077,1.0,0.5,0.848780487804878,0.8951219512195122,41,140,129191,90.5306963175782,89.46011310982573,41,0,3,3,0,0.009222983733736399,0.9878339560095989,radius_1.5,41,1.0
Empirical Tail,5,70.2373056644679,60.460629527022405,70.6489857241683,60.460629527022405,70.6489857241683,60.460629527022405,0.41168005970040156,0.0,0.6666666666666666,1.0,0.848780487804878,0.8951219512195122,41,140,129191,90.5306963175782,89.46011310982573,41,0,3,3,0,0.009222983733736399,0.9878339560095989,radius_1.5,41,1.0
Empirical Tail,10,81.31218567144636,74.48794889693804,84.56761508766249,76.29272551989764,85.89987727501442,76.29272551989764,3.2554294162161312,1.8047766229596078,0.8181818181818182,0.6666666666666666,0.848780487804878,0.8951219512195122,41,140,129191,90.5306963175782,89.46011310982573,41,0,3,3,0,0.009222983733736399,0.9878339560095989,radius_1.5,41,1.0
Original DRO,3,61.419046247853714,44.145923972042844,61.419046247853714,44.87980227781515,61.419046247853714,44.87980227781515,0.0,0.7338783057723077,1.0,0.5,0.8585365853658536,0.8804878048780488,41,140,129191,90.5306963175782,89.46011310982573,41,0,3,3,0,0.009222983733736399,0.9878339560095989,radius_1.5,41,1.0
Original DRO,5,70.2373056644679,60.460629527022405,70.6489857241683,60.460629527022405,70.6489857241683,60.460629527022405,0.41168005970040156,0.0,0.6666666666666666,1.0,0.8585365853658536,0.8804878048780488,41,140,129191,90.5306963175782,89.46011310982573,41,0,3,3,0,0.009222983733736399,0.9878339560095989,radius_1.5,41,1.0
Original DRO,10,84.56761508766247,75.0930409777109,84.56761508766249,76.29272551989764,85.89987727501442,76.29272551989764,1.4210854715202004e-14,1.1996845421867448,1.0,0.6666666666666666,0.8585365853658536,0.8804878048780488,41,140,129191,90.5306963175782,89.46011310982573,41,0,3,3,0,0.009222983733736399,0.9878339560095989,radius_1.5,41,1.0
Saturation-Aware DRO,3,61.419046247853714,44.145923972042844,61.419046247853714,44.87980227781515,61.419046247853714,44.87980227781515,0.0,0.7338783057723077,1.0,0.5,0.8585365853658536,0.8804878048780488,41,140,129191,90.5306963175782,89.46011310982573,41,0,3,3,0,0.009222983733736399,0.9878339560095989,radius_1.5,41,1.0
Saturation-Aware DRO,5,70.2373056644679,60.460629527022405,70.6489857241683,60.460629527022405,70.6489857241683,60.460629527022405,0.41168005970040156,0.0,0.6666666666666666,1.0,0.8585365853658536,0.8804878048780488,41,140,129191,90.5306963175782,89.46011310982573,41,0,3,3,0,0.009222983733736399,0.9878339560095989,radius_1.5,41,1.0
Saturation-Aware DRO,10,84.56761508766247,75.0930409777109,84.56761508766249,76.29272551989764,85.89987727501442,76.29272551989764,1.4210854715202004e-14,1.1996845421867448,1.0,0.6666666666666666,0.8585365853658536,0.8804878048780488,41,140,129191,90.5306963175782,89.46011310982573,41,0,3,3,0,0.009222983733736399,0.9878339560095989,radius_1.5,41,1.0
Frequency,3,6.677163131306568,13.994607419146492,61.419046247853714,44.87980227781515,61.419046247853714,44.87980227781515,54.74188311654714,30.88519485866866,0.2,0.2,0.08663821014655698,0.12324590457467964,41,140,129191,90.5306963175782,89.46011310982573,41,0,4,4,0,0.012297311644981865,1.3171119413461319,radius_2,41,1.0
Frequency,5,7.327011967434771,17.96431458831773,70.6489857241683,60.460629527022405,70.6489857241683,60.460629527022405,63.32197375673353,42.49631493870467,0.1111111111111111,0.1111111111111111,0.08663821014655698,0.12324590457467964,41,140,129191,90.5306963175782,89.46011310982573,41,0,4,4,0,0.012297311644981865,1.3171119413461319,radius_2,41,1.0
Frequency,10,30.221709545359992,37.384901261331926,84.56761508766249,76.29272551989764,85.89987727501442,76.29272551989764,54.345905542302496,38.90782425856572,0.1111111111111111,0.17647058823529413,0.08663821014655698,0.12324590457467964,41,140,129191,90.5306963175782,89.46011310982573,41,0,4,4,0,0.012297311644981865,1.3171119413461319,radius_2,41,1.0
Mean burden,3,61.419046247853714,44.145923972042844,61.419046247853714,44.87980227781515,61.419046247853714,44.87980227781515,0.0,0.7338783057723077,1.0,0.5,0.9170731707317072,0.8902439024390244,41,140,129191,90.5306963175782,89.46011310982573,41,0,4,4,0,0.012297311644981865,1.3171119413461319,radius_2,41,1.0
Mean burden,5,70.2373056644679,60.460629527022405,70.6489857241683,60.460629527022405,70.6489857241683,60.460629527022405,0.41168005970040156,0.0,0.6666666666666666,1.0,0.9170731707317072,0.8902439024390244,41,140,129191,90.5306963175782,89.46011310982573,41,0,4,4,0,0.012297311644981865,1.3171119413461319,radius_2,41,1.0
Mean burden,10,84.56761508766247,75.0930409777109,84.56761508766249,76.29272551989764,85.89987727501442,76.29272551989764,1.4210854715202004e-14,1.1996845421867448,1.0,0.6666666666666666,0.9170731707317072,0.8902439024390244,41,140,129191,90.5306963175782,89.46011310982573,41,0,4,4,0,0.012297311644981865,1.3171119413461319,radius_2,41,1.0
Empirical Tail,3,61.419046247853714,44.145923972042844,61.419046247853714,44.87980227781515,61.419046247853714,44.87980227781515,0.0,0.7338783057723077,1.0,0.5,0.848780487804878,0.8951219512195122,41,140,129191,90.5306963175782,89.46011310982573,41,0,4,4,0,0.012297311644981865,1.3171119413461319,radius_2,41,1.0
Empirical Tail,5,70.2373056644679,60.460629527022405,70.6489857241683,60.460629527022405,70.6489857241683,60.460629527022405,0.41168005970040156,0.0,0.6666666666666666,1.0,0.848780487804878,0.8951219512195122,41,140,129191,90.5306963175782,89.46011310982573,41,0,4,4,0,0.012297311644981865,1.3171119413461319,radius_2,41,1.0
Empirical Tail,10,81.31218567144636,74.48794889693804,84.56761508766249,76.29272551989764,85.89987727501442,76.29272551989764,3.2554294162161312,1.8047766229596078,0.8181818181818182,0.6666666666666666,0.848780487804878,0.8951219512195122,41,140,129191,90.5306963175782,89.46011310982573,41,0,4,4,0,0.012297311644981865,1.3171119413461319,radius_2,41,1.0
Original DRO,3,61.419046247853714,44.145923972042844,61.419046247853714,44.87980227781515,61.419046247853714,44.87980227781515,0.0,0.7338783057723077,1.0,0.5,0.8536585365853658,0.8707317073170732,41,140,129191,90.5306963175782,89.46011310982573,41,0,4,4,0,0.012297311644981865,1.3171119413461319,radius_2,41,1.0
Original DRO,5,68.55294260840039,58.042945130723254,70.6489857241683,60.460629527022405,70.6489857241683,60.460629527022405,2.0960431157679125,2.417684396299151,0.6666666666666666,0.6666666666666666,0.8536585365853658,0.8707317073170732,41,140,129191,90.5306963175782,89.46011310982573,41,0,4,4,0,0.012297311644981865,1.3171119413461319,radius_2,41,0.6666666666666666
Original DRO,10,84.56761508766247,75.0930409777109,84.56761508766249,76.29272551989764,85.89987727501442,76.29272551989764,1.4210854715202004e-14,1.1996845421867448,1.0,0.6666666666666666,0.8536585365853658,0.8707317073170732,41,140,129191,90.5306963175782,89.46011310982573,41,0,4,4,0,0.012297311644981865,1.3171119413461319,radius_2,41,1.0
Saturation-Aware DRO,3,34.98300735289261,44.87980227781515,61.419046247853714,44.87980227781515,61.419046247853714,44.87980227781515,26.4360388949611,0.0,0.5,1.0,0.8512195121951219,0.8731707317073171,41,140,129191,90.5306963175782,89.46011310982573,41,0,4,4,0,0.012297311644981865,1.3171119413461319,radius_2,41,0.5
Saturation-Aware DRO,5,68.55294260840039,58.042945130723254,70.6489857241683,60.460629527022405,70.6489857241683,60.460629527022405,2.0960431157679125,2.417684396299151,0.6666666666666666,0.6666666666666666,0.8512195121951219,0.8731707317073171,41,140,129191,90.5306963175782,89.46011310982573,41,0,4,4,0,0.012297311644981865,1.3171119413461319,radius_2,41,0.6666666666666666
Saturation-Aware DRO,10,84.56761508766247,75.0930409777109,84.56761508766249,76.29272551989764,85.89987727501442,76.29272551989764,1.4210854715202004e-14,1.1996845421867448,1.0,0.6666666666666666,0.8512195121951219,0.8731707317073171,41,140,129191,90.5306963175782,89.46011310982573,41,0,4,4,0,0.012297311644981865,1.3171119413461319,radius_2,41,1.0
Frequency,3,6.677163131306568,13.994607419146492,61.419046247853714,44.87980227781515,61.419046247853714,44.87980227781515,54.74188311654714,30.88519485866866,0.2,0.2,0.08663821014655698,0.12324590457467964,41,140,129191,90.5306963175782,89.46011310982573,41,0,3,3,0,0.006148655822490932,0.6585559706730659,kappa_0.50,41,1.0
Frequency,5,7.327011967434771,17.96431458831773,70.6489857241683,60.460629527022405,70.6489857241683,60.460629527022405,63.32197375673353,42.49631493870467,0.1111111111111111,0.1111111111111111,0.08663821014655698,0.12324590457467964,41,140,129191,90.5306963175782,89.46011310982573,41,0,3,3,0,0.006148655822490932,0.6585559706730659,kappa_0.50,41,1.0
Frequency,10,30.221709545359992,37.384901261331926,84.56761508766249,76.29272551989764,85.89987727501442,76.29272551989764,54.345905542302496,38.90782425856572,0.1111111111111111,0.17647058823529413,0.08663821014655698,0.12324590457467964,41,140,129191,90.5306963175782,89.46011310982573,41,0,3,3,0,0.006148655822490932,0.6585559706730659,kappa_0.50,41,1.0
Mean burden,3,61.419046247853714,44.145923972042844,61.419046247853714,44.87980227781515,61.419046247853714,44.87980227781515,0.0,0.7338783057723077,1.0,0.5,0.9170731707317072,0.8902439024390244,41,140,129191,90.5306963175782,89.46011310982573,41,0,3,3,0,0.006148655822490932,0.6585559706730659,kappa_0.50,41,1.0
Mean burden,5,70.2373056644679,60.460629527022405,70.6489857241683,60.460629527022405,70.6489857241683,60.460629527022405,0.41168005970040156,0.0,0.6666666666666666,1.0,0.9170731707317072,0.8902439024390244,41,140,129191,90.5306963175782,89.46011310982573,41,0,3,3,0,0.006148655822490932,0.6585559706730659,kappa_0.50,41,1.0
Mean burden,10,84.56761508766247,75.0930409777109,84.56761508766249,76.29272551989764,85.89987727501442,76.29272551989764,1.4210854715202004e-14,1.1996845421867448,1.0,0.6666666666666666,0.9170731707317072,0.8902439024390244,41,140,129191,90.5306963175782,89.46011310982573,41,0,3,3,0,0.006148655822490932,0.6585559706730659,kappa_0.50,41,1.0
Empirical Tail,3,61.419046247853714,44.145923972042844,61.419046247853714,44.87980227781515,61.419046247853714,44.87980227781515,0.0,0.7338783057723077,1.0,0.5,0.848780487804878,0.8951219512195122,41,140,129191,90.5306963175782,89.46011310982573,41,0,3,3,0,0.006148655822490932,0.6585559706730659,kappa_0.50,41,1.0
Empirical Tail,5,70.2373056644679,60.460629527022405,70.6489857241683,60.460629527022405,70.6489857241683,60.460629527022405,0.41168005970040156,0.0,0.6666666666666666,1.0,0.848780487804878,0.8951219512195122,41,140,129191,90.5306963175782,89.46011310982573,41,0,3,3,0,0.006148655822490932,0.6585559706730659,kappa_0.50,41,1.0
Empirical Tail,10,81.31218567144636,74.48794889693804,84.56761508766249,76.29272551989764,85.89987727501442,76.29272551989764,3.2554294162161312,1.8047766229596078,0.8181818181818182,0.6666666666666666,0.848780487804878,0.8951219512195122,41,140,129191,90.5306963175782,89.46011310982573,41,0,3,3,0,0.006148655822490932,0.6585559706730659,kappa_0.50,41,1.0
Original DRO,3,61.419046247853714,44.145923972042844,61.419046247853714,44.87980227781515,61.419046247853714,44.87980227781515,0.0,0.7338783057723077,1.0,0.5,0.8585365853658536,0.8804878048780488,41,140,129191,90.5306963175782,89.46011310982573,41,0,3,3,0,0.006148655822490932,0.6585559706730659,kappa_0.50,41,1.0
Original DRO,5,70.2373056644679,60.460629527022405,70.6489857241683,60.460629527022405,70.6489857241683,60.460629527022405,0.41168005970040156,0.0,0.6666666666666666,1.0,0.8585365853658536,0.8804878048780488,41,140,129191,90.5306963175782,89.46011310982573,41,0,3,3,0,0.006148655822490932,0.6585559706730659,kappa_0.50,41,1.0
Original DRO,10,84.56761508766247,75.0930409777109,84.56761508766249,76.29272551989764,85.89987727501442,76.29272551989764,1.4210854715202004e-14,1.1996845421867448,1.0,0.6666666666666666,0.8585365853658536,0.8804878048780488,41,140,129191,90.5306963175782,89.46011310982573,41,0,3,3,0,0.006148655822490932,0.6585559706730659,kappa_0.50,41,1.0
Saturation-Aware DRO,3,61.419046247853714,44.145923972042844,61.419046247853714,44.87980227781515,61.419046247853714,44.87980227781515,0.0,0.7338783057723077,1.0,0.5,0.8560975609756097,0.8780487804878049,41,140,129191,90.5306963175782,89.46011310982573,41,0,3,3,0,0.006148655822490932,0.6585559706730659,kappa_0.50,41,1.0
Saturation-Aware DRO,5,70.2373056644679,60.460629527022405,70.6489857241683,60.460629527022405,70.6489857241683,60.460629527022405,0.41168005970040156,0.0,0.6666666666666666,1.0,0.8560975609756097,0.8780487804878049,41,140,129191,90.5306963175782,89.46011310982573,41,0,3,3,0,0.006148655822490932,0.6585559706730659,kappa_0.50,41,1.0
Saturation-Aware DRO,10,84.56761508766247,75.0930409777109,84.56761508766249,76.29272551989764,85.89987727501442,76.29272551989764,1.4210854715202004e-14,1.1996845421867448,1.0,0.6666666666666666,0.8560975609756097,0.8780487804878049,41,140,129191,90.5306963175782,89.46011310982573,41,0,3,3,0,0.006148655822490932,0.6585559706730659,kappa_0.50,41,1.0
Frequency,3,6.677163131306568,13.994607419146492,61.419046247853714,44.87980227781515,61.419046247853714,44.87980227781515,54.74188311654714,30.88519485866866,0.2,0.2,0.08663821014655698,0.12324590457467964,41,140,129191,90.5306963175782,89.46011310982573,41,0,3,3,0,0.006148655822490932,0.6585559706730659,kappa_0.75,41,1.0
Frequency,5,7.327011967434771,17.96431458831773,70.6489857241683,60.460629527022405,70.6489857241683,60.460629527022405,63.32197375673353,42.49631493870467,0.1111111111111111,0.1111111111111111,0.08663821014655698,0.12324590457467964,41,140,129191,90.5306963175782,89.46011310982573,41,0,3,3,0,0.006148655822490932,0.6585559706730659,kappa_0.75,41,1.0
Frequency,10,30.221709545359992,37.384901261331926,84.56761508766249,76.29272551989764,85.89987727501442,76.29272551989764,54.345905542302496,38.90782425856572,0.1111111111111111,0.17647058823529413,0.08663821014655698,0.12324590457467964,41,140,129191,90.5306963175782,89.46011310982573,41,0,3,3,0,0.006148655822490932,0.6585559706730659,kappa_0.75,41,1.0
Mean burden,3,61.419046247853714,44.145923972042844,61.419046247853714,44.87980227781515,61.419046247853714,44.87980227781515,0.0,0.7338783057723077,1.0,0.5,0.9170731707317072,0.8902439024390244,41,140,129191,90.5306963175782,89.46011310982573,41,0,3,3,0,0.006148655822490932,0.6585559706730659,kappa_0.75,41,1.0
Mean burden,5,70.2373056644679,60.460629527022405,70.6489857241683,60.460629527022405,70.6489857241683,60.460629527022405,0.41168005970040156,0.0,0.6666666666666666,1.0,0.9170731707317072,0.8902439024390244,41,140,129191,90.5306963175782,89.46011310982573,41,0,3,3,0,0.006148655822490932,0.6585559706730659,kappa_0.75,41,1.0
Mean burden,10,84.56761508766247,75.0930409777109,84.56761508766249,76.29272551989764,85.89987727501442,76.29272551989764,1.4210854715202004e-14,1.1996845421867448,1.0,0.6666666666666666,0.9170731707317072,0.8902439024390244,41,140,129191,90.5306963175782,89.46011310982573,41,0,3,3,0,0.006148655822490932,0.6585559706730659,kappa_0.75,41,1.0
Empirical Tail,3,61.419046247853714,44.145923972042844,61.419046247853714,44.87980227781515,61.419046247853714,44.87980227781515,0.0,0.7338783057723077,1.0,0.5,0.848780487804878,0.8951219512195122,41,140,129191,90.5306963175782,89.46011310982573,41,0,3,3,0,0.006148655822490932,0.6585559706730659,kappa_0.75,41,1.0
Empirical Tail,5,70.2373056644679,60.460629527022405,70.6489857241683,60.460629527022405,70.6489857241683,60.460629527022405,0.41168005970040156,0.0,0.6666666666666666,1.0,0.848780487804878,0.8951219512195122,41,140,129191,90.5306963175782,89.46011310982573,41,0,3,3,0,0.006148655822490932,0.6585559706730659,kappa_0.75,41,1.0
Empirical Tail,10,81.31218567144636,74.48794889693804,84.56761508766249,76.29272551989764,85.89987727501442,76.29272551989764,3.2554294162161312,1.8047766229596078,0.8181818181818182,0.6666666666666666,0.848780487804878,0.8951219512195122,41,140,129191,90.5306963175782,89.46011310982573,41,0,3,3,0,0.006148655822490932,0.6585559706730659,kappa_0.75,41,1.0
Original DRO,3,61.419046247853714,44.145923972042844,61.419046247853714,44.87980227781515,61.419046247853714,44.87980227781515,0.0,0.7338783057723077,1.0,0.5,0.8585365853658536,0.8804878048780488,41,140,129191,90.5306963175782,89.46011310982573,41,0,3,3,0,0.006148655822490932,0.6585559706730659,kappa_0.75,41,1.0
Original DRO,5,70.2373056644679,60.460629527022405,70.6489857241683,60.460629527022405,70.6489857241683,60.460629527022405,0.41168005970040156,0.0,0.6666666666666666,1.0,0.8585365853658536,0.8804878048780488,41,140,129191,90.5306963175782,89.46011310982573,41,0,3,3,0,0.006148655822490932,0.6585559706730659,kappa_0.75,41,1.0
Original DRO,10,84.56761508766247,75.0930409777109,84.56761508766249,76.29272551989764,85.89987727501442,76.29272551989764,1.4210854715202004e-14,1.1996845421867448,1.0,0.6666666666666666,0.8585365853658536,0.8804878048780488,41,140,129191,90.5306963175782,89.46011310982573,41,0,3,3,0,0.006148655822490932,0.6585559706730659,kappa_0.75,41,1.0
Saturation-Aware DRO,3,61.419046247853714,44.145923972042844,61.419046247853714,44.87980227781515,61.419046247853714,44.87980227781515,0.0,0.7338783057723077,1.0,0.5,0.8585365853658536,0.8804878048780488,41,140,129191,90.5306963175782,89.46011310982573,41,0,3,3,0,0.006148655822490932,0.6585559706730659,kappa_0.75,41,1.0
Saturation-Aware DRO,5,70.2373056644679,60.460629527022405,70.6489857241683,60.460629527022405,70.6489857241683,60.460629527022405,0.41168005970040156,0.0,0.6666666666666666,1.0,0.8585365853658536,0.8804878048780488,41,140,129191,90.5306963175782,89.46011310982573,41,0,3,3,0,0.006148655822490932,0.6585559706730659,kappa_0.75,41,1.0
Saturation-Aware DRO,10,84.56761508766247,75.0930409777109,84.56761508766249,76.29272551989764,85.89987727501442,76.29272551989764,1.4210854715202004e-14,1.1996845421867448,1.0,0.6666666666666666,0.8585365853658536,0.8804878048780488,41,140,129191,90.5306963175782,89.46011310982573,41,0,3,3,0,0.006148655822490932,0.6585559706730659,kappa_0.75,41,1.0
Frequency,3,6.677163131306568,13.994607419146492,61.419046247853714,44.87980227781515,61.419046247853714,44.87980227781515,54.74188311654714,30.88519485866866,0.2,0.2,0.08663821014655698,0.12324590457467964,41,140,129191,90.5306963175782,89.46011310982573,41,0,3,3,0,0.006148655822490932,0.6585559706730659,kappa_0.95,41,1.0
Frequency,5,7.327011967434771,17.96431458831773,70.6489857241683,60.460629527022405,70.6489857241683,60.460629527022405,63.32197375673353,42.49631493870467,0.1111111111111111,0.1111111111111111,0.08663821014655698,0.12324590457467964,41,140,129191,90.5306963175782,89.46011310982573,41,0,3,3,0,0.006148655822490932,0.6585559706730659,kappa_0.95,41,1.0
Frequency,10,30.221709545359992,37.384901261331926,84.56761508766249,76.29272551989764,85.89987727501442,76.29272551989764,54.345905542302496,38.90782425856572,0.1111111111111111,0.17647058823529413,0.08663821014655698,0.12324590457467964,41,140,129191,90.5306963175782,89.46011310982573,41,0,3,3,0,0.006148655822490932,0.6585559706730659,kappa_0.95,41,1.0
Mean burden,3,61.419046247853714,44.145923972042844,61.419046247853714,44.87980227781515,61.419046247853714,44.87980227781515,0.0,0.7338783057723077,1.0,0.5,0.9170731707317072,0.8902439024390244,41,140,129191,90.5306963175782,89.46011310982573,41,0,3,3,0,0.006148655822490932,0.6585559706730659,kappa_0.95,41,1.0
Mean burden,5,70.2373056644679,60.460629527022405,70.6489857241683,60.460629527022405,70.6489857241683,60.460629527022405,0.41168005970040156,0.0,0.6666666666666666,1.0,0.9170731707317072,0.8902439024390244,41,140,129191,90.5306963175782,89.46011310982573,41,0,3,3,0,0.006148655822490932,0.6585559706730659,kappa_0.95,41,1.0
Mean burden,10,84.56761508766247,75.0930409777109,84.56761508766249,76.29272551989764,85.89987727501442,76.29272551989764,1.4210854715202004e-14,1.1996845421867448,1.0,0.6666666666666666,0.9170731707317072,0.8902439024390244,41,140,129191,90.5306963175782,89.46011310982573,41,0,3,3,0,0.006148655822490932,0.6585559706730659,kappa_0.95,41,1.0
Empirical Tail,3,61.419046247853714,44.145923972042844,61.419046247853714,44.87980227781515,61.419046247853714,44.87980227781515,0.0,0.7338783057723077,1.0,0.5,0.848780487804878,0.8951219512195122,41,140,129191,90.5306963175782,89.46011310982573,41,0,3,3,0,0.006148655822490932,0.6585559706730659,kappa_0.95,41,1.0
Empirical Tail,5,70.2373056644679,60.460629527022405,70.6489857241683,60.460629527022405,70.6489857241683,60.460629527022405,0.41168005970040156,0.0,0.6666666666666666,1.0,0.848780487804878,0.8951219512195122,41,140,129191,90.5306963175782,89.46011310982573,41,0,3,3,0,0.006148655822490932,0.6585559706730659,kappa_0.95,41,1.0
Empirical Tail,10,81.31218567144636,74.48794889693804,84.56761508766249,76.29272551989764,85.89987727501442,76.29272551989764,3.2554294162161312,1.8047766229596078,0.8181818181818182,0.6666666666666666,0.848780487804878,0.8951219512195122,41,140,129191,90.5306963175782,89.46011310982573,41,0,3,3,0,0.006148655822490932,0.6585559706730659,kappa_0.95,41,1.0
Original DRO,3,61.419046247853714,44.145923972042844,61.419046247853714,44.87980227781515,61.419046247853714,44.87980227781515,0.0,0.7338783057723077,1.0,0.5,0.8585365853658536,0.8804878048780488,41,140,129191,90.5306963175782,89.46011310982573,41,0,3,3,0,0.006148655822490932,0.6585559706730659,kappa_0.95,41,1.0
Original DRO,5,70.2373056644679,60.460629527022405,70.6489857241683,60.460629527022405,70.6489857241683,60.460629527022405,0.41168005970040156,0.0,0.6666666666666666,1.0,0.8585365853658536,0.8804878048780488,41,140,129191,90.5306963175782,89.46011310982573,41,0,3,3,0,0.006148655822490932,0.6585559706730659,kappa_0.95,41,1.0
Original DRO,10,84.56761508766247,75.0930409777109,84.56761508766249,76.29272551989764,85.89987727501442,76.29272551989764,1.4210854715202004e-14,1.1996845421867448,1.0,0.6666666666666666,0.8585365853658536,0.8804878048780488,41,140,129191,90.5306963175782,89.46011310982573,41,0,3,3,0,0.006148655822490932,0.6585559706730659,kappa_0.95,41,1.0
Saturation-Aware DRO,3,61.419046247853714,44.145923972042844,61.419046247853714,44.87980227781515,61.419046247853714,44.87980227781515,0.0,0.7338783057723077,1.0,0.5,0.8585365853658536,0.8804878048780488,41,140,129191,90.5306963175782,89.46011310982573,41,0,3,3,0,0.006148655822490932,0.6585559706730659,kappa_0.95,41,1.0
Saturation-Aware DRO,5,70.2373056644679,60.460629527022405,70.6489857241683,60.460629527022405,70.6489857241683,60.460629527022405,0.41168005970040156,0.0,0.6666666666666666,1.0,0.8585365853658536,0.8804878048780488,41,140,129191,90.5306963175782,89.46011310982573,41,0,3,3,0,0.006148655822490932,0.6585559706730659,kappa_0.95,41,1.0
Saturation-Aware DRO,10,84.56761508766247,75.0930409777109,84.56761508766249,76.29272551989764,85.89987727501442,76.29272551989764,1.4210854715202004e-14,1.1996845421867448,1.0,0.6666666666666666,0.8585365853658536,0.8804878048780488,41,140,129191,90.5306963175782,89.46011310982573,41,0,3,3,0,0.006148655822490932,0.6585559706730659,kappa_0.95,41,1.0
Frequency,3,6.677163131306568,13.994607419146492,61.419046247853714,44.87980227781515,61.419046247853714,44.87980227781515,54.74188311654714,30.88519485866866,0.2,0.2,0.08663821014655698,0.12324590457467964,41,140,129191,90.5306963175782,89.46011310982573,41,0,3,3,0,0.006148655822490932,0.6585559706730659,kappa_0.99,41,1.0
Frequency,5,7.327011967434771,17.96431458831773,70.6489857241683,60.460629527022405,70.6489857241683,60.460629527022405,63.32197375673353,42.49631493870467,0.1111111111111111,0.1111111111111111,0.08663821014655698,0.12324590457467964,41,140,129191,90.5306963175782,89.46011310982573,41,0,3,3,0,0.006148655822490932,0.6585559706730659,kappa_0.99,41,1.0
Frequency,10,30.221709545359992,37.384901261331926,84.56761508766249,76.29272551989764,85.89987727501442,76.29272551989764,54.345905542302496,38.90782425856572,0.1111111111111111,0.17647058823529413,0.08663821014655698,0.12324590457467964,41,140,129191,90.5306963175782,89.46011310982573,41,0,3,3,0,0.006148655822490932,0.6585559706730659,kappa_0.99,41,1.0
Mean burden,3,61.419046247853714,44.145923972042844,61.419046247853714,44.87980227781515,61.419046247853714,44.87980227781515,0.0,0.7338783057723077,1.0,0.5,0.9170731707317072,0.8902439024390244,41,140,129191,90.5306963175782,89.46011310982573,41,0,3,3,0,0.006148655822490932,0.6585559706730659,kappa_0.99,41,1.0
Mean burden,5,70.2373056644679,60.460629527022405,70.6489857241683,60.460629527022405,70.6489857241683,60.460629527022405,0.41168005970040156,0.0,0.6666666666666666,1.0,0.9170731707317072,0.8902439024390244,41,140,129191,90.5306963175782,89.46011310982573,41,0,3,3,0,0.006148655822490932,0.6585559706730659,kappa_0.99,41,1.0
Mean burden,10,84.56761508766247,75.0930409777109,84.56761508766249,76.29272551989764,85.89987727501442,76.29272551989764,1.4210854715202004e-14,1.1996845421867448,1.0,0.6666666666666666,0.9170731707317072,0.8902439024390244,41,140,129191,90.5306963175782,89.46011310982573,41,0,3,3,0,0.006148655822490932,0.6585559706730659,kappa_0.99,41,1.0
Empirical Tail,3,61.419046247853714,44.145923972042844,61.419046247853714,44.87980227781515,61.419046247853714,44.87980227781515,0.0,0.7338783057723077,1.0,0.5,0.848780487804878,0.8951219512195122,41,140,129191,90.5306963175782,89.46011310982573,41,0,3,3,0,0.006148655822490932,0.6585559706730659,kappa_0.99,41,1.0
Empirical Tail,5,70.2373056644679,60.460629527022405,70.6489857241683,60.460629527022405,70.6489857241683,60.460629527022405,0.41168005970040156,0.0,0.6666666666666666,1.0,0.848780487804878,0.8951219512195122,41,140,129191,90.5306963175782,89.46011310982573,41,0,3,3,0,0.006148655822490932,0.6585559706730659,kappa_0.99,41,1.0
Empirical Tail,10,81.31218567144636,74.48794889693804,84.56761508766249,76.29272551989764,85.89987727501442,76.29272551989764,3.2554294162161312,1.8047766229596078,0.8181818181818182,0.6666666666666666,0.848780487804878,0.8951219512195122,41,140,129191,90.5306963175782,89.46011310982573,41,0,3,3,0,0.006148655822490932,0.6585559706730659,kappa_0.99,41,1.0
Original DRO,3,61.419046247853714,44.145923972042844,61.419046247853714,44.87980227781515,61.419046247853714,44.87980227781515,0.0,0.7338783057723077,1.0,0.5,0.8585365853658536,0.8804878048780488,41,140,129191,90.5306963175782,89.46011310982573,41,0,3,3,0,0.006148655822490932,0.6585559706730659,kappa_0.99,41,1.0
Original DRO,5,70.2373056644679,60.460629527022405,70.6489857241683,60.460629527022405,70.6489857241683,60.460629527022405,0.41168005970040156,0.0,0.6666666666666666,1.0,0.8585365853658536,0.8804878048780488,41,140,129191,90.5306963175782,89.46011310982573,41,0,3,3,0,0.006148655822490932,0.6585559706730659,kappa_0.99,41,1.0
Original DRO,10,84.56761508766247,75.0930409777109,84.56761508766249,76.29272551989764,85.89987727501442,76.29272551989764,1.4210854715202004e-14,1.1996845421867448,1.0,0.6666666666666666,0.8585365853658536,0.8804878048780488,41,140,129191,90.5306963175782,89.46011310982573,41,0,3,3,0,0.006148655822490932,0.6585559706730659,kappa_0.99,41,1.0
Saturation-Aware DRO,3,61.419046247853714,44.145923972042844,61.419046247853714,44.87980227781515,61.419046247853714,44.87980227781515,0.0,0.7338783057723077,1.0,0.5,0.8585365853658536,0.8804878048780488,41,140,129191,90.5306963175782,89.46011310982573,41,0,3,3,0,0.006148655822490932,0.6585559706730659,kappa_0.99,41,1.0
Saturation-Aware DRO,5,70.2373056644679,60.460629527022405,70.6489857241683,60.460629527022405,70.6489857241683,60.460629527022405,0.41168005970040156,0.0,0.6666666666666666,1.0,0.8585365853658536,0.8804878048780488,41,140,129191,90.5306963175782,89.46011310982573,41,0,3,3,0,0.006148655822490932,0.6585559706730659,kappa_0.99,41,1.0
Saturation-Aware DRO,10,84.56761508766247,75.0930409777109,84.56761508766249,76.29272551989764,85.89987727501442,76.29272551989764,1.4210854715202004e-14,1.1996845421867448,1.0,0.6666666666666666,0.8585365853658536,0.8804878048780488,41,140,129191,90.5306963175782,89.46011310982573,41,0,3,3,0,0.006148655822490932,0.6585559706730659,kappa_0.99,41,1.0
Frequency,3,6.677163131306568,13.994607419146492,61.419046247853714,44.87980227781515,61.419046247853714,44.87980227781515,54.74188311654714,30.88519485866866,0.2,0.2,0.08663821014655698,0.12324590457467964,41,140,129191,90.5306963175782,89.46011310982573,41,0,3,3,0,0.006148655822490932,0.6585559706730659,cap_90d_common_followup,41,1.0
Frequency,5,7.327011967434771,17.96431458831773,70.6489857241683,60.460629527022405,70.6489857241683,60.460629527022405,63.32197375673353,42.49631493870467,0.1111111111111111,0.1111111111111111,0.08663821014655698,0.12324590457467964,41,140,129191,90.5306963175782,89.46011310982573,41,0,3,3,0,0.006148655822490932,0.6585559706730659,cap_90d_common_followup,41,1.0
Frequency,10,30.221709545359992,37.384901261331926,84.56761508766249,76.29272551989764,85.89987727501442,76.29272551989764,54.345905542302496,38.90782425856572,0.1111111111111111,0.17647058823529413,0.08663821014655698,0.12324590457467964,41,140,129191,90.5306963175782,89.46011310982573,41,0,3,3,0,0.006148655822490932,0.6585559706730659,cap_90d_common_followup,41,1.0
Mean burden,3,61.419046247853714,44.145923972042844,61.419046247853714,44.87980227781515,61.419046247853714,44.87980227781515,0.0,0.7338783057723077,1.0,0.5,0.9170731707317072,0.8902439024390244,41,140,129191,90.5306963175782,89.46011310982573,41,0,3,3,0,0.006148655822490932,0.6585559706730659,cap_90d_common_followup,41,1.0
Mean burden,5,70.2373056644679,60.460629527022405,70.6489857241683,60.460629527022405,70.6489857241683,60.460629527022405,0.41168005970040156,0.0,0.6666666666666666,1.0,0.9170731707317072,0.8902439024390244,41,140,129191,90.5306963175782,89.46011310982573,41,0,3,3,0,0.006148655822490932,0.6585559706730659,cap_90d_common_followup,41,1.0
Mean burden,10,84.56761508766247,75.0930409777109,84.56761508766249,76.29272551989764,85.89987727501442,76.29272551989764,1.4210854715202004e-14,1.1996845421867448,1.0,0.6666666666666666,0.9170731707317072,0.8902439024390244,41,140,129191,90.5306963175782,89.46011310982573,41,0,3,3,0,0.006148655822490932,0.6585559706730659,cap_90d_common_followup,41,1.0
Empirical Tail,3,61.419046247853714,44.145923972042844,61.419046247853714,44.87980227781515,61.419046247853714,44.87980227781515,0.0,0.7338783057723077,1.0,0.5,0.848780487804878,0.8951219512195122,41,140,129191,90.5306963175782,89.46011310982573,41,0,3,3,0,0.006148655822490932,0.6585559706730659,cap_90d_common_followup,41,1.0
Empirical Tail,5,70.2373056644679,60.460629527022405,70.6489857241683,60.460629527022405,70.6489857241683,60.460629527022405,0.41168005970040156,0.0,0.6666666666666666,1.0,0.848780487804878,0.8951219512195122,41,140,129191,90.5306963175782,89.46011310982573,41,0,3,3,0,0.006148655822490932,0.6585559706730659,cap_90d_common_followup,41,1.0
Empirical Tail,10,81.31218567144636,74.48794889693804,84.56761508766249,76.29272551989764,85.89987727501442,76.29272551989764,3.2554294162161312,1.8047766229596078,0.8181818181818182,0.6666666666666666,0.848780487804878,0.8951219512195122,41,140,129191,90.5306963175782,89.46011310982573,41,0,3,3,0,0.006148655822490932,0.6585559706730659,cap_90d_common_followup,41,1.0
Original DRO,3,61.419046247853714,44.145923972042844,61.419046247853714,44.87980227781515,61.419046247853714,44.87980227781515,0.0,0.7338783057723077,1.0,0.5,0.8585365853658536,0.8804878048780488,41,140,129191,90.5306963175782,89.46011310982573,41,0,3,3,0,0.006148655822490932,0.6585559706730659,cap_90d_common_followup,41,1.0
Original DRO,5,70.2373056644679,60.460629527022405,70.6489857241683,60.460629527022405,70.6489857241683,60.460629527022405,0.41168005970040156,0.0,0.6666666666666666,1.0,0.8585365853658536,0.8804878048780488,41,140,129191,90.5306963175782,89.46011310982573,41,0,3,3,0,0.006148655822490932,0.6585559706730659,cap_90d_common_followup,41,1.0
Original DRO,10,84.56761508766247,75.0930409777109,84.56761508766249,76.29272551989764,85.89987727501442,76.29272551989764,1.4210854715202004e-14,1.1996845421867448,1.0,0.6666666666666666,0.8585365853658536,0.8804878048780488,41,140,129191,90.5306963175782,89.46011310982573,41,0,3,3,0,0.006148655822490932,0.6585559706730659,cap_90d_common_followup,41,1.0
Saturation-Aware DRO,3,61.419046247853714,44.145923972042844,61.419046247853714,44.87980227781515,61.419046247853714,44.87980227781515,0.0,0.7338783057723077,1.0,0.5,0.8585365853658536,0.8804878048780488,41,140,129191,90.5306963175782,89.46011310982573,41,0,3,3,0,0.006148655822490932,0.6585559706730659,cap_90d_common_followup,41,1.0
Saturation-Aware DRO,5,70.2373056644679,60.460629527022405,70.6489857241683,60.460629527022405,70.6489857241683,60.460629527022405,0.41168005970040156,0.0,0.6666666666666666,1.0,0.8585365853658536,0.8804878048780488,41,140,129191,90.5306963175782,89.46011310982573,41,0,3,3,0,0.006148655822490932,0.6585559706730659,cap_90d_common_followup,41,1.0
Saturation-Aware DRO,10,84.56761508766247,75.0930409777109,84.56761508766249,76.29272551989764,85.89987727501442,76.29272551989764,1.4210854715202004e-14,1.1996845421867448,1.0,0.6666666666666666,0.8585365853658536,0.8804878048780488,41,140,129191,90.5306963175782,89.46011310982573,41,0,3,3,0,0.006148655822490932,0.6585559706730659,cap_90d_common_followup,41,1.0
Frequency,3,6.674304002457298,13.957394267203894,61.39274691031042,44.76046210261073,61.39274691031042,44.76046210261073,54.718442907853124,30.803067835406836,0.2,0.2,0.08663821014655698,0.12324590457467964,41,140,129191,90.50735775174441,89.31802661152442,41,0,2,2,0,0.004601885577817138,0.6585559706730659,cap_120d_common_followup,41,1.0
Frequency,5,7.323874576467518,17.916545562128036,70.61873417133314,60.2998582723707,70.61873417133314,60.2998582723707,63.29485959486563,42.38331271024266,0.1111111111111111,0.1111111111111111,0.08663821014655698,0.12324590457467964,41,140,129191,90.50735775174441,89.31802661152442,41,0,2,2,0,0.004601885577817138,0.6585559706730659,cap_120d_common_followup,41,1.0
Frequency,10,30.20876875599538,37.285490826345836,84.53140364527951,76.08985503544213,85.87657069375408,76.08985503544213,54.32263488928413,38.80436420909629,0.1111111111111111,0.17647058823529413,0.08663821014655698,0.12324590457467964,41,140,129191,90.50735775174441,89.31802661152442,41,0,2,2,0,0.004601885577817138,0.6585559706730659,cap_120d_common_followup,41,1.0
Mean burden,3,61.39274691031042,44.028535257431926,61.39274691031042,44.76046210261073,61.39274691031042,44.76046210261073,0.0,0.7319268451788048,1.0,0.5,0.9170731707317072,0.8902439024390244,41,140,129191,90.50735775174441,89.31802661152442,41,0,2,2,0,0.004601885577817138,0.6585559706730659,cap_120d_common_followup,41,1.0
Mean burden,5,70.20723039103648,60.2998582723707,70.61873417133314,60.2998582723707,70.61873417133314,60.2998582723707,0.4115037802966697,0.0,0.6666666666666666,1.0,0.9170731707317072,0.8902439024390244,41,140,129191,90.50735775174441,89.31802661152442,41,0,2,2,0,0.004601885577817138,0.6585559706730659,cap_120d_common_followup,41,1.0
Mean burden,10,84.5314036452795,74.89336058225285,84.53140364527951,76.08985503544213,85.87657069375408,76.08985503544213,1.4210854715202004e-14,1.196494453189274,1.0,0.6666666666666666,0.9170731707317072,0.8902439024390244,41,140,129191,90.50735775174441,89.31802661152442,41,0,2,2,0,0.004601885577817138,0.6585559706730659,cap_120d_common_followup,41,1.0
Empirical Tail,3,61.39274691031042,44.028535257431926,61.39274691031042,44.76046210261073,61.39274691031042,44.76046210261073,0.0,0.7319268451788048,1.0,0.5,0.848780487804878,0.8951219512195122,41,140,129191,90.50735775174441,89.31802661152442,41,0,2,2,0,0.004601885577817138,0.6585559706730659,cap_120d_common_followup,41,1.0
Empirical Tail,5,70.20723039103648,60.2998582723707,70.61873417133314,60.2998582723707,70.61873417133314,60.2998582723707,0.4115037802966697,0.0,0.6666666666666666,1.0,0.848780487804878,0.8951219512195122,41,140,129191,90.50735775174441,89.31802661152442,41,0,2,2,0,0.004601885577817138,0.6585559706730659,cap_120d_common_followup,41,1.0
Empirical Tail,10,81.27736818814115,74.28987750578192,84.53140364527951,76.08985503544213,85.87657069375408,76.08985503544213,3.2540354571383574,1.799977529660211,0.8181818181818182,0.6666666666666666,0.848780487804878,0.8951219512195122,41,140,129191,90.50735775174441,89.31802661152442,41,0,2,2,0,0.004601885577817138,0.6585559706730659,cap_120d_common_followup,41,1.0
Original DRO,3,61.39274691031042,44.028535257431926,61.39274691031042,44.76046210261073,61.39274691031042,44.76046210261073,0.0,0.7319268451788048,1.0,0.5,0.8634146341463415,0.875609756097561,41,140,129191,90.50735775174441,89.31802661152442,41,0,2,2,0,0.004601885577817138,0.6585559706730659,cap_120d_common_followup,41,1.0
Original DRO,5,70.20723039103648,60.2998582723707,70.61873417133314,60.2998582723707,70.61873417133314,60.2998582723707,0.4115037802966697,0.0,0.6666666666666666,1.0,0.8634146341463415,0.875609756097561,41,140,129191,90.50735775174441,89.31802661152442,41,0,2,2,0,0.004601885577817138,0.6585559706730659,cap_120d_common_followup,41,1.0
Original DRO,10,84.5314036452795,74.89336058225285,84.53140364527951,76.08985503544213,85.87657069375408,76.08985503544213,1.4210854715202004e-14,1.196494453189274,1.0,0.6666666666666666,0.8634146341463415,0.875609756097561,41,140,129191,90.50735775174441,89.31802661152442,41,0,2,2,0,0.004601885577817138,0.6585559706730659,cap_120d_common_followup,41,1.0
Saturation-Aware DRO,3,61.39274691031042,44.028535257431926,61.39274691031042,44.76046210261073,61.39274691031042,44.76046210261073,0.0,0.7319268451788048,1.0,0.5,0.8634146341463415,0.875609756097561,41,140,129191,90.50735775174441,89.31802661152442,41,0,2,2,0,0.004601885577817138,0.6585559706730659,cap_120d_common_followup,41,1.0
Saturation-Aware DRO,5,70.20723039103648,60.2998582723707,70.61873417133314,60.2998582723707,70.61873417133314,60.2998582723707,0.4115037802966697,0.0,0.6666666666666666,1.0,0.8634146341463415,0.875609756097561,41,140,129191,90.50735775174441,89.31802661152442,41,0,2,2,0,0.004601885577817138,0.6585559706730659,cap_120d_common_followup,41,1.0
Saturation-Aware DRO,10,84.5314036452795,74.89336058225285,84.53140364527951,76.08985503544213,85.87657069375408,76.08985503544213,1.4210854715202004e-14,1.196494453189274,1.0,0.6666666666666666,0.8634146341463415,0.875609756097561,41,140,129191,90.50735775174441,89.31802661152442,41,0,2,2,0,0.004601885577817138,0.6585559706730659,cap_120d_common_followup,41,1.0
Frequency,3,6.677163131306568,13.994607419146492,61.419046247853714,44.87980227781515,61.419046247853714,44.87980227781515,54.74188311654714,30.88519485866866,0.2,0.2,0.023172905525846707,0.06238859180035652,34,140,129191,88.37051004442299,84.5916871337168,34,0,2,2,0,0.005808858694410892,0.623863412051815,maturity_90d,34,1.0
Frequency,5,7.146228301625817,16.854380914145025,70.6489857241683,60.460629527022405,70.6489857241683,60.460629527022405,63.50275742254248,43.60624861287738,0.1111111111111111,0.1111111111111111,0.023172905525846707,0.06238859180035652,34,140,129191,88.37051004442299,84.5916871337168,34,0,2,2,0,0.005808858694410892,0.623863412051815,maturity_90d,34,0.6666666666666666
Frequency,10,30.221709545359992,37.384901261331926,84.56761508766249,76.29272551989764,85.89987727501442,76.29272551989764,54.345905542302496,38.90782425856572,0.1111111111111111,0.17647058823529413,0.023172905525846707,0.06238859180035652,34,140,129191,88.37051004442299,84.5916871337168,34,0,2,2,0,0.005808858694410892,0.623863412051815,maturity_90d,34,1.0
Mean burden,3,61.419046247853714,44.145923972042844,61.419046247853714,44.87980227781515,61.419046247853714,44.87980227781515,0.0,0.7338783057723077,1.0,0.5,0.9180035650623887,0.8787878787878789,34,140,129191,88.37051004442299,84.5916871337168,34,0,2,2,0,0.005808858694410892,0.623863412051815,maturity_90d,34,1.0
Mean burden,5,70.2373056644679,60.460629527022405,70.6489857241683,60.460629527022405,70.6489857241683,60.460629527022405,0.41168005970040156,0.0,0.6666666666666666,1.0,0.9180035650623887,0.8787878787878789,34,140,129191,88.37051004442299,84.5916871337168,34,0,2,2,0,0.005808858694410892,0.623863412051815,maturity_90d,34,1.0
Mean burden,10,84.56761508766247,75.0930409777109,84.56761508766249,76.29272551989764,85.89987727501442,76.29272551989764,1.4210854715202004e-14,1.1996845421867448,1.0,0.6666666666666666,0.9180035650623887,0.8787878787878789,34,140,129191,88.37051004442299,84.5916871337168,34,0,2,2,0,0.005808858694410892,0.623863412051815,maturity_90d,34,1.0
Empirical Tail,3,61.419046247853714,44.145923972042844,61.419046247853714,44.87980227781515,61.419046247853714,44.87980227781515,0.0,0.7338783057723077,1.0,0.5,0.8752228163992871,0.9001782531194297,34,140,129191,88.37051004442299,84.5916871337168,34,0,2,2,0,0.005808858694410892,0.623863412051815,maturity_90d,34,1.0
Empirical Tail,5,70.2373056644679,60.460629527022405,70.6489857241683,60.460629527022405,70.6489857241683,60.460629527022405,0.41168005970040156,0.0,0.6666666666666666,1.0,0.8752228163992871,0.9001782531194297,34,140,129191,88.37051004442299,84.5916871337168,34,0,2,2,0,0.005808858694410892,0.623863412051815,maturity_90d,34,1.0
Empirical Tail,10,81.31218567144636,74.48794889693804,84.56761508766249,76.29272551989764,85.89987727501442,76.29272551989764,3.2554294162161312,1.8047766229596078,0.8181818181818182,0.6666666666666666,0.8752228163992871,0.9001782531194297,34,140,129191,88.37051004442299,84.5916871337168,34,0,2,2,0,0.005808858694410892,0.623863412051815,maturity_90d,34,1.0
Original DRO,3,61.419046247853714,44.145923972042844,61.419046247853714,44.87980227781515,61.419046247853714,44.87980227781515,0.0,0.7338783057723077,1.0,0.5,0.9001782531194297,0.9037433155080216,34,140,129191,88.37051004442299,84.5916871337168,34,0,2,2,0,0.005808858694410892,0.623863412051815,maturity_90d,34,1.0
Original DRO,5,70.2373056644679,60.460629527022405,70.6489857241683,60.460629527022405,70.6489857241683,60.460629527022405,0.41168005970040156,0.0,0.6666666666666666,1.0,0.9001782531194297,0.9037433155080216,34,140,129191,88.37051004442299,84.5916871337168,34,0,2,2,0,0.005808858694410892,0.623863412051815,maturity_90d,34,1.0
Original DRO,10,84.56761508766247,75.0930409777109,84.56761508766249,76.29272551989764,85.89987727501442,76.29272551989764,1.4210854715202004e-14,1.1996845421867448,1.0,0.6666666666666666,0.9001782531194297,0.9037433155080216,34,140,129191,88.37051004442299,84.5916871337168,34,0,2,2,0,0.005808858694410892,0.623863412051815,maturity_90d,34,1.0
Saturation-Aware DRO,3,61.419046247853714,44.145923972042844,61.419046247853714,44.87980227781515,61.419046247853714,44.87980227781515,0.0,0.7338783057723077,1.0,0.5,0.9001782531194297,0.9037433155080216,34,140,129191,88.37051004442299,84.5916871337168,34,0,2,2,0,0.005808858694410892,0.623863412051815,maturity_90d,34,1.0
Saturation-Aware DRO,5,70.2373056644679,60.460629527022405,70.6489857241683,60.460629527022405,70.6489857241683,60.460629527022405,0.41168005970040156,0.0,0.6666666666666666,1.0,0.9001782531194297,0.9037433155080216,34,140,129191,88.37051004442299,84.5916871337168,34,0,2,2,0,0.005808858694410892,0.623863412051815,maturity_90d,34,1.0
Saturation-Aware DRO,10,84.56761508766247,75.0930409777109,84.56761508766249,76.29272551989764,85.89987727501442,76.29272551989764,1.4210854715202004e-14,1.1996845421867448,1.0,0.6666666666666666,0.9001782531194297,0.9037433155080216,34,140,129191,88.37051004442299,84.5916871337168,34,0,2,2,0,0.005808858694410892,0.623863412051815,maturity_90d,34,1.0
Frequency,3,6.677163131306568,13.994607419146492,61.419046247853714,44.87980227781515,61.419046247853714,44.87980227781515,54.74188311654714,30.88519485866866,0.2,0.2,0.028530699500727532,0.06276753890160057,27,140,129191,79.86509052345458,75.28680493664531,27,0,1,1,0,0.005060513969102914,0.5447362707788712,maturity_120d,27,1.0
Frequency,5,7.146228301625817,16.854380914145025,70.6489857241683,60.460629527022405,70.6489857241683,60.460629527022405,63.50275742254248,43.60624861287738,0.1111111111111111,0.1111111111111111,0.028530699500727532,0.06276753890160057,27,140,129191,79.86509052345458,75.28680493664531,27,0,1,1,0,0.005060513969102914,0.5447362707788712,maturity_120d,27,0.6666666666666666
Frequency,10,30.221709545359992,37.384901261331926,79.41388196203457,73.1795807242607,85.89987727501442,76.29272551989764,49.19217241667457,35.79467946292878,0.17647058823529413,0.17647058823529413,0.028530699500727532,0.06276753890160057,27,140,129191,79.86509052345458,75.28680493664531,27,0,1,1,0,0.005060513969102914,0.5447362707788712,maturity_120d,27,1.0
Mean burden,3,61.419046247853714,44.145923972042844,61.419046247853714,44.87980227781515,61.419046247853714,44.87980227781515,0.0,0.7338783057723077,1.0,0.5,0.8176638176638178,0.7834757834757836,27,140,129191,79.86509052345458,75.28680493664531,27,0,1,1,0,0.005060513969102914,0.5447362707788712,maturity_120d,27,1.0
Mean burden,5,70.2373056644679,60.460629527022405,70.6489857241683,60.460629527022405,70.6489857241683,60.460629527022405,0.41168005970040156,0.0,0.6666666666666666,1.0,0.8176638176638178,0.7834757834757836,27,140,129191,79.86509052345458,75.28680493664531,27,0,1,1,0,0.005060513969102914,0.5447362707788712,maturity_120d,27,1.0
Mean burden,10,79.41388196203457,73.17958072426072,79.41388196203457,73.1795807242607,85.89987727501442,76.29272551989764,0.0,0.0,1.0,1.0,0.8176638176638178,0.7834757834757836,27,140,129191,79.86509052345458,75.28680493664531,27,0,1,1,0,0.005060513969102914,0.5447362707788712,maturity_120d,27,0.6666666666666666
Empirical Tail,3,61.419046247853714,44.145923972042844,61.419046247853714,44.87980227781515,61.419046247853714,44.87980227781515,0.0,0.7338783057723077,1.0,0.5,0.7720797720797723,0.794871794871795,27,140,129191,79.86509052345458,75.28680493664531,27,0,1,1,0,0.005060513969102914,0.5447362707788712,maturity_120d,27,1.0
Empirical Tail,5,70.2373056644679,60.460629527022405,70.6489857241683,60.460629527022405,70.6489857241683,60.460629527022405,0.41168005970040156,0.0,0.6666666666666666,1.0,0.7720797720797723,0.794871794871795,27,140,129191,79.86509052345458,75.28680493664531,27,0,1,1,0,0.005060513969102914,0.5447362707788712,maturity_120d,27,1.0
Empirical Tail,10,79.41388196203457,73.17958072426072,79.41388196203457,73.1795807242607,85.89987727501442,76.29272551989764,0.0,0.0,1.0,1.0,0.7720797720797723,0.794871794871795,27,140,129191,79.86509052345458,75.28680493664531,27,0,1,1,0,0.005060513969102914,0.5447362707788712,maturity_120d,27,0.6666666666666666
Original DRO,3,32.790370543963,37.136948857003254,61.419046247853714,44.87980227781515,61.419046247853714,44.87980227781515,28.628675703890714,7.7428534208118975,0.5,0.5,0.7834757834757836,0.794871794871795,27,140,129191,79.86509052345458,75.28680493664531,27,0,1,1,0,0.005060513969102914,0.5447362707788712,maturity_120d,27,0.5
Original DRO,5,70.2373056644679,60.460629527022405,70.6489857241683,60.460629527022405,70.6489857241683,60.460629527022405,0.41168005970040156,0.0,0.6666666666666666,1.0,0.7834757834757836,0.794871794871795,27,140,129191,79.86509052345458,75.28680493664531,27,0,1,1,0,0.005060513969102914,0.5447362707788712,maturity_120d,27,1.0
Original DRO,10,79.41388196203457,73.17958072426072,79.41388196203457,73.1795807242607,85.89987727501442,76.29272551989764,0.0,0.0,1.0,1.0,0.7834757834757836,0.794871794871795,27,140,129191,79.86509052345458,75.28680493664531,27,0,1,1,0,0.005060513969102914,0.5447362707788712,maturity_120d,27,0.6666666666666666
Saturation-Aware DRO,3,32.790370543963,37.136948857003254,61.419046247853714,44.87980227781515,61.419046247853714,44.87980227781515,28.628675703890714,7.7428534208118975,0.5,0.5,0.7834757834757836,0.794871794871795,27,140,129191,79.86509052345458,75.28680493664531,27,0,1,1,0,0.005060513969102914,0.5447362707788712,maturity_120d,27,0.5
Saturation-Aware DRO,5,70.2373056644679,60.460629527022405,70.6489857241683,60.460629527022405,70.6489857241683,60.460629527022405,0.41168005970040156,0.0,0.6666666666666666,1.0,0.7834757834757836,0.794871794871795,27,140,129191,79.86509052345458,75.28680493664531,27,0,1,1,0,0.005060513969102914,0.5447362707788712,maturity_120d,27,1.0
Saturation-Aware DRO,10,79.41388196203457,73.17958072426072,79.41388196203457,73.1795807242607,85.89987727501442,76.29272551989764,0.0,0.0,1.0,1.0,0.7834757834757836,0.794871794871795,27,140,129191,79.86509052345458,75.28680493664531,27,0,1,1,0,0.005060513969102914,0.5447362707788712,maturity_120d,27,0.6666666666666666
